# ************************************************************
# Sequel Pro SQL dump
# Version 4096
#
# http://www.sequelpro.com/
# http://code.google.com/p/sequel-pro/
#
# Host: localhost (MySQL 5.5.25)
# Datenbank: tippspiel
# Erstellungsdauer: 2014-06-04 06:05:40 +0000
# ************************************************************


/*!40101 SET @OLD_CHARACTER_SET_CLIENT=@@CHARACTER_SET_CLIENT */;
/*!40101 SET @OLD_CHARACTER_SET_RESULTS=@@CHARACTER_SET_RESULTS */;
/*!40101 SET @OLD_COLLATION_CONNECTION=@@COLLATION_CONNECTION */;
/*!40101 SET NAMES utf8 */;
/*!40014 SET @OLD_FOREIGN_KEY_CHECKS=@@FOREIGN_KEY_CHECKS, FOREIGN_KEY_CHECKS=0 */;
/*!40101 SET @OLD_SQL_MODE=@@SQL_MODE, SQL_MODE='NO_AUTO_VALUE_ON_ZERO' */;
/*!40111 SET @OLD_SQL_NOTES=@@SQL_NOTES, SQL_NOTES=0 */;


# Export von Tabelle groups
# ------------------------------------------------------------

DROP TABLE IF EXISTS `groups`;

CREATE TABLE `groups` (
  `id` int(11) unsigned NOT NULL AUTO_INCREMENT,
  `name` varchar(45) DEFAULT NULL,
  `shortname` varchar(10) DEFAULT NULL,
  `slug` varchar(100) DEFAULT NULL,
  `created` datetime DEFAULT NULL,
  `modified` datetime DEFAULT NULL,
  PRIMARY KEY (`id`)
) ENGINE=InnoDB DEFAULT CHARSET=utf8;

LOCK TABLES `groups` WRITE;
/*!40000 ALTER TABLE `groups` DISABLE KEYS */;

INSERT INTO `groups` (`id`, `name`, `shortname`, `slug`, `created`, `modified`)
VALUES
	(1,'Gruppe A','Gr. A','Gruppe_A','2014-05-16 01:19:25','2014-05-16 01:33:26'),
	(2,'Gruppe B','Gr. B','Gruppe_B','2014-05-16 01:19:25','2014-05-16 01:33:41'),
	(3,'Gruppe C','Gr. C','Gruppe_C','2014-05-16 01:19:25','2014-05-16 01:33:50'),
	(4,'Gruppe D','Gr. D','Gruppe_D','2014-05-16 01:19:25','2014-05-16 01:36:31'),
	(5,'Gruppe E','Gr. E','Gruppe_E','2014-05-16 01:19:25','2014-05-16 01:34:06'),
	(6,'Gruppe F','Gr. F','Gruppe_F','2014-05-16 01:19:25','2014-05-16 01:34:15'),
	(7,'Gruppe G','Gr. G','Gruppe_G','2014-05-16 01:19:25','2014-05-16 01:34:24'),
	(8,'Gruppe H','Gr. H','Gruppe_H','2014-05-16 01:19:25','2014-05-16 01:34:33');

/*!40000 ALTER TABLE `groups` ENABLE KEYS */;
UNLOCK TABLES;


# Export von Tabelle ladders
# ------------------------------------------------------------

DROP TABLE IF EXISTS `ladders`;

CREATE TABLE `ladders` (
  `id` int(11) NOT NULL AUTO_INCREMENT,
  `group_id` int(11) DEFAULT NULL,
  `type` varchar(5) COLLATE utf8_bin DEFAULT 'real',
  `user_id` varchar(36) COLLATE utf8_bin DEFAULT NULL,
  `pos` tinyint(4) DEFAULT '0',
  `team_id` int(11) DEFAULT NULL,
  `matches` tinyint(4) DEFAULT '0',
  `points` tinyint(4) DEFAULT '0',
  `goodgoals` tinyint(4) DEFAULT '0',
  `badgoals` tinyint(4) DEFAULT '0',
  `won` tinyint(4) DEFAULT '0',
  `draw` tinyint(4) DEFAULT '0',
  `lost` tinyint(4) DEFAULT '0',
  PRIMARY KEY (`id`)
) ENGINE=InnoDB DEFAULT CHARSET=utf8 COLLATE=utf8_bin;

LOCK TABLES `ladders` WRITE;
/*!40000 ALTER TABLE `ladders` DISABLE KEYS */;

INSERT INTO `ladders` (`id`, `group_id`, `type`, `user_id`, `pos`, `team_id`, `matches`, `points`, `goodgoals`, `badgoals`, `won`, `draw`, `lost`)
VALUES
	(33,4,X'7265616C',NULL,1,755,3,6,10,14,2,0,1),
	(34,4,X'7265616C',NULL,2,145,3,5,7,8,1,2,0),
	(35,4,X'7265616C',NULL,3,2669,3,4,9,7,1,1,1),
	(36,4,X'7265616C',NULL,4,849,3,1,11,8,0,1,2),
	(45,5,X'7265616C',NULL,1,765,2,3,12,10,1,0,1),
	(46,5,X'7265616C',NULL,2,2670,1,3,4,2,1,0,0),
	(47,5,X'7265616C',NULL,3,38,2,3,9,15,1,0,1),
	(48,5,X'7265616C',NULL,4,144,1,0,3,1,0,0,1),
	(73,7,X'7265616C',NULL,1,139,2,3,7,7,1,0,1),
	(74,7,X'7265616C',NULL,2,149,1,3,1,2,1,0,0),
	(75,7,X'7265616C',NULL,3,762,1,0,6,5,0,0,1),
	(76,7,X'7265616C',NULL,4,754,0,0,0,0,0,0,0),
	(77,6,X'7265616C',NULL,1,2671,1,3,5,2,1,0,0),
	(78,6,X'7265616C',NULL,2,847,1,3,2,0,1,0,0),
	(79,6,X'7265616C',NULL,3,2672,1,0,0,2,0,0,1),
	(80,6,X'7265616C',NULL,4,764,1,0,2,5,0,0,1),
	(81,8,X'7265616C',NULL,1,844,1,3,4,2,1,0,0),
	(82,8,X'7265616C',NULL,2,150,0,0,0,0,0,0,0),
	(83,8,X'7265616C',NULL,3,751,0,0,0,0,0,0,0),
	(84,8,X'7265616C',NULL,4,2673,1,0,2,4,0,0,1),
	(85,3,X'7265616C',NULL,1,757,2,4,1,2,1,1,0),
	(86,3,X'7265616C',NULL,2,142,1,3,2,4,1,0,0),
	(87,3,X'7265616C',NULL,3,749,1,1,0,0,0,1,0),
	(88,3,X'7265616C',NULL,4,1469,2,0,6,3,0,0,2),
	(89,1,X'7265616C',NULL,1,146,2,6,9,7,2,0,0),
	(90,1,X'7265616C',NULL,2,845,2,1,8,6,0,1,1),
	(91,1,X'7265616C',NULL,3,761,1,1,2,2,0,1,0),
	(92,1,X'7265616C',NULL,4,753,1,0,1,5,0,0,1),
	(93,2,X'7265616C',NULL,1,147,2,6,3,5,2,0,0),
	(94,2,X'7265616C',NULL,2,760,1,1,1,1,0,1,0),
	(95,2,X'7265616C',NULL,3,750,2,1,3,4,0,1,1),
	(96,2,X'7265616C',NULL,4,170,1,0,3,0,0,0,1);

/*!40000 ALTER TABLE `ladders` ENABLE KEYS */;
UNLOCK TABLES;


# Export von Tabelle matches
# ------------------------------------------------------------

DROP TABLE IF EXISTS `matches`;

CREATE TABLE `matches` (
  `id` int(11) unsigned NOT NULL AUTO_INCREMENT,
  `name` varchar(100) DEFAULT NULL,
  `kickoff` int(11) NOT NULL,
  `datetime` datetime DEFAULT NULL,
  `group_id` int(11) DEFAULT NULL,
  `team1_id` int(11) DEFAULT NULL,
  `team2_id` int(11) DEFAULT NULL,
  `round_id` int(11) DEFAULT NULL,
  `points_team1` int(11) DEFAULT '-1',
  `points_team2` int(11) DEFAULT '-1',
  `extratime` varchar(20) DEFAULT NULL,
  `isfinished` tinyint(1) DEFAULT NULL,
  `isfixed` tinyint(1) DEFAULT NULL,
  `created` datetime DEFAULT NULL,
  `modified` datetime DEFAULT NULL,
  PRIMARY KEY (`id`)
) ENGINE=InnoDB DEFAULT CHARSET=utf8;

LOCK TABLES `matches` WRITE;
/*!40000 ALTER TABLE `matches` DISABLE KEYS */;

INSERT INTO `matches` (`id`, `name`, `kickoff`, `datetime`, `group_id`, `team1_id`, `team2_id`, `round_id`, `points_team1`, `points_team2`, `extratime`, `isfinished`, `isfixed`, `created`, `modified`)
VALUES
	(27028,'Brasilien - Kroatien',1402603200,'2014-06-12 22:00:00',1,753,146,1,1,5,'0',1,1,'2014-05-16 02:46:42','2014-05-26 23:42:31'),
	(27029,'Mexiko - Kamerun',1402675200,'2014-06-13 18:00:00',1,761,845,1,2,2,'0',1,1,'2014-05-16 02:46:42','2014-05-26 23:43:27'),
	(27030,'Spanien - Niederlande',1402686000,'2014-06-13 21:00:00',2,170,147,1,3,0,'0',1,1,'2014-05-16 02:46:42','2014-05-26 23:43:40'),
	(27031,'Chile - Australien',1402696800,'2014-06-14 00:00:00',2,760,750,1,1,1,'1',1,1,'2014-05-16 02:46:42','2014-05-27 02:38:02'),
	(27032,'Kolumbien - Griechenland',1402761600,'2014-06-14 18:00:00',3,1469,142,1,4,2,'0',1,1,'2014-05-16 02:46:42','2014-05-27 02:40:06'),
	(27033,'Uruguay - Costa Rica',1402772400,'2014-06-14 21:00:00',4,849,2669,1,1,2,'0',1,1,'2014-05-16 02:46:42','2014-05-27 23:34:50'),
	(27034,'England - Italien',1402783200,'2014-06-15 00:00:00',4,755,145,1,3,2,'0',1,1,'2014-05-16 02:46:42','2014-05-28 00:19:59'),
	(27035,'Elfenbeinküste - Japan',1402794000,'2014-06-15 03:00:00',3,757,749,1,NULL,NULL,'0',1,1,'2014-05-16 02:46:42','2014-05-26 01:53:56'),
	(27036,'Schweiz - Ecuador',1402848000,'2014-06-15 18:00:00',5,38,2670,1,2,4,'0',1,1,'2014-05-16 02:46:42','2014-05-28 00:25:22'),
	(27037,'Frankreich - Honduras',1402858800,'2014-06-15 21:00:00',5,144,765,1,3,1,'0',1,1,'2014-05-16 02:46:42','2014-05-28 00:25:36'),
	(27038,'Argentinien - Bosnien und Herzegowina',1402869600,'2014-06-16 00:00:00',6,764,2671,1,2,5,'0',1,1,'2014-05-16 02:46:42','2014-05-28 00:36:34'),
	(27039,'Deutschland - Portugal',1402934400,'2014-06-16 18:00:00',7,139,149,1,2,1,'0',1,1,'2014-05-16 02:46:42','2014-05-28 00:39:49'),
	(27040,'Iran - Nigeria',1402945200,'2014-06-16 21:00:00',6,2672,847,1,0,2,'0',1,1,'2014-05-16 02:46:42','2014-05-28 00:40:28'),
	(27041,'Ghana - USA',1402956000,'2014-06-17 00:00:00',7,754,762,1,NULL,NULL,'0',0,1,'2014-05-16 02:46:42','2014-06-03 22:01:02'),
	(27042,'Belgien - Algerien',1403020800,'2014-06-17 18:00:00',8,2673,844,1,2,4,'0',1,1,'2014-05-16 02:46:42','2014-05-28 00:41:05'),
	(27043,'Brasilien - Mexiko',1403031600,'2014-06-17 21:00:00',1,753,761,2,NULL,NULL,'0',0,1,'2014-05-16 02:46:42','2014-05-16 02:46:42'),
	(27044,'Russland - Südkorea',1403042400,'2014-06-18 00:00:00',8,150,751,1,NULL,NULL,'0',0,1,'2014-05-16 02:46:42','2014-05-16 02:46:42'),
	(27045,'Australien - Niederlande',1403107200,'2014-06-18 18:00:00',2,750,147,2,2,3,'0',1,1,'2014-05-16 02:46:42','2014-05-28 00:42:08'),
	(27046,'Spanien - Chile',1403118000,'2014-06-18 21:00:00',2,170,760,2,NULL,NULL,'0',0,1,'2014-05-16 02:46:42','2014-05-16 02:46:42'),
	(27047,'Kamerun - Kroatien',1403128800,'2014-06-19 00:00:00',1,845,146,2,6,4,'0',1,1,'2014-05-16 02:46:42','2014-05-28 00:41:50'),
	(27048,'Kolumbien - Elfenbeinküste',1403193600,'2014-06-19 18:00:00',3,1469,757,2,2,1,'0',1,1,'2014-05-16 02:46:42','2014-05-28 00:41:32'),
	(27049,'Uruguay - England',1403204400,'2014-06-19 21:00:00',4,849,755,2,9,5,'0',1,1,'2014-05-16 02:46:42','2014-05-27 23:36:31'),
	(27050,'Japan - Griechenland',1403215200,'2014-06-20 00:00:00',3,749,142,2,NULL,NULL,'0',0,1,'2014-05-16 02:46:42','2014-05-16 02:46:42'),
	(27051,'Italien - Costa Rica',1403280000,'2014-06-20 18:00:00',4,145,2669,2,4,4,'0',1,1,'2014-05-16 02:46:42','2014-05-28 00:02:36'),
	(27052,'Schweiz - Frankreich',1403290800,'2014-06-20 21:00:00',5,38,144,2,NULL,NULL,'0',0,1,'2014-05-16 02:46:42','2014-05-16 02:46:42'),
	(27053,'Honduras - Ecuador',1403301600,'2014-06-21 00:00:00',5,765,2670,2,NULL,NULL,'0',0,1,'2014-05-16 02:46:42','2014-05-16 02:46:42'),
	(27054,'Argentinien - Iran',1403366400,'2014-06-21 18:00:00',6,764,2672,2,NULL,NULL,'0',0,1,'2014-05-16 02:46:42','2014-05-16 02:46:42'),
	(27055,'Deutschland - Ghana',1403377200,'2014-06-21 21:00:00',7,139,754,2,NULL,NULL,'0',0,1,'2014-05-16 02:46:42','2014-05-16 02:46:42'),
	(27056,'Nigeria - Bosnien und Herzegowina',1403388000,'2014-06-22 00:00:00',6,847,2671,2,NULL,NULL,'0',0,1,'2014-05-16 02:46:42','2014-05-16 02:46:42'),
	(27057,'Belgien - Russland',1403452800,'2014-06-22 18:00:00',8,2673,150,2,NULL,NULL,'0',0,1,'2014-05-16 02:46:42','2014-05-16 02:46:42'),
	(27058,'Südkorea - Algerien',1403463600,'2014-06-22 21:00:00',8,751,844,2,NULL,NULL,'0',0,1,'2014-05-16 02:46:42','2014-05-16 02:46:42'),
	(27059,'USA - Portugal',1403474400,'2014-06-23 00:00:00',7,762,149,2,NULL,NULL,'0',0,1,'2014-05-16 02:46:42','2014-05-16 02:46:42'),
	(27061,'Australien - Spanien',1403539200,'2014-06-23 18:00:00',2,750,170,3,NULL,NULL,'0',0,1,'2014-05-16 02:46:42','2014-05-16 02:46:42'),
	(27062,'Niederlande - Chile',1403539200,'2014-06-23 18:00:00',2,147,760,3,NULL,NULL,'0',0,1,'2014-05-16 02:46:42','2014-05-16 02:46:42'),
	(27063,'Kamerun - Brasilien',1403553600,'2014-06-23 22:00:00',1,845,753,3,NULL,NULL,'0',0,1,'2014-05-16 02:46:42','2014-05-16 02:46:42'),
	(27064,'Kroatien - Mexiko',1403553600,'2014-06-23 22:00:00',1,146,761,3,NULL,NULL,'0',0,1,'2014-05-16 02:46:42','2014-05-16 02:46:42'),
	(27065,'Italien - Uruguay',1403625600,'2014-06-24 18:00:00',4,145,849,3,1,1,'0',1,1,'2014-05-16 02:46:42','2014-05-27 23:37:06'),
	(27066,'Costa Rica - England',1403625600,'2014-06-24 18:00:00',4,2669,755,3,3,2,'0',1,1,'2014-05-16 02:46:42','2014-05-28 00:16:42'),
	(27067,'Japan - Kolumbien',1403640000,'2014-06-24 22:00:00',3,749,1469,3,NULL,NULL,'0',0,1,'2014-05-16 02:46:42','2014-05-16 02:46:42'),
	(27068,'Griechenland - Elfenbeinküste',1403640000,'2014-06-24 22:00:00',3,142,757,3,NULL,NULL,'0',0,1,'2014-05-16 02:46:42','2014-05-16 02:46:42'),
	(27069,'Nigeria - Argentinien',1403712000,'2014-06-25 18:00:00',6,847,764,3,NULL,NULL,'0',0,1,'2014-05-16 02:46:42','2014-05-16 02:46:42'),
	(27070,'Bosnien und Herzegowina - Iran',1403712000,'2014-06-25 18:00:00',6,2671,2672,3,NULL,NULL,'0',0,1,'2014-05-16 02:46:42','2014-05-16 02:46:42'),
	(27071,'Honduras - Schweiz',1403726400,'2014-06-25 22:00:00',5,765,38,3,11,7,'2',1,1,'2014-05-16 02:46:42','2014-05-19 01:51:16'),
	(27072,'Ecuador - Frankreich',1403726400,'2014-06-25 22:00:00',5,2670,144,3,NULL,NULL,'0',0,1,'2014-05-16 02:46:42','2014-05-16 02:46:42'),
	(27073,'USA - Deutschland',1403798400,'2014-06-26 18:00:00',7,762,139,3,6,5,'0',1,1,'2014-05-16 02:46:42','2014-05-27 02:54:43'),
	(27074,'Portugal - Ghana',1403798400,'2014-06-26 18:00:00',7,149,754,3,NULL,NULL,'0',0,1,'2014-05-16 02:46:42','2014-05-16 02:46:42'),
	(27075,'Südkorea - Belgien',1403812800,'2014-06-26 22:00:00',8,751,2673,3,NULL,NULL,'0',0,1,'2014-05-16 02:46:42','2014-05-16 02:46:42'),
	(27076,'Algerien - Russland',1403812800,'2014-06-26 22:00:00',8,844,150,3,NULL,NULL,'0',0,1,'2014-05-16 02:46:42','2014-05-16 02:46:42'),
	(27086,'1. Gruppe A - 2. Gruppe B',1403971200,'2014-06-28 18:00:00',NULL,2674,2677,4,NULL,NULL,'0',0,0,'2014-05-19 00:39:05','2014-06-03 22:18:51'),
	(27087,'1. Gruppe C - 2. Gruppe D',1403985600,'2014-06-28 22:00:00',NULL,2678,2681,4,NULL,NULL,'0',0,0,'2014-05-19 00:39:51','2014-05-19 01:22:54'),
	(27088,'1. Gruppe B - 2. Gruppe A',1404057600,'2014-06-29 18:00:00',NULL,2676,2675,4,NULL,NULL,'0',0,0,'2014-05-19 00:40:35','2014-05-19 01:13:42'),
	(27089,'1. Gruppe D - 2. Gruppe C',1404072000,'2014-06-29 22:00:00',NULL,2680,2679,4,NULL,NULL,'0',0,0,'2014-05-19 00:40:35','2014-05-19 01:14:15'),
	(27090,'1. Gruppe E - 2. Gruppe F',1404144000,'2014-06-30 18:00:00',NULL,2682,2685,4,NULL,NULL,'0',0,0,'2014-05-19 00:40:35','2014-05-19 01:15:08'),
	(27091,'1. Gruppe G - 2. Gruppe H',1404158400,'2014-06-30 22:00:00',NULL,2686,2689,4,NULL,NULL,'0',0,0,'2014-05-19 00:40:35','2014-05-19 01:37:16'),
	(27092,'1. Gruppe F - 2. Gruppe E',1404144000,'2014-06-30 18:00:00',NULL,2684,2683,4,NULL,NULL,'0',0,0,'2014-05-19 00:40:35','2014-05-19 01:21:33'),
	(27093,'1. Gruppe H - 2. Gruppe G',1404158400,'2014-06-30 22:00:00',NULL,2688,2687,4,NULL,NULL,'0',0,0,'2014-05-19 00:40:35','2014-05-19 01:22:02'),
	(27094,'Sieger AF 5 - Sieger AF 6',1404489600,'2014-07-04 18:00:00',NULL,2694,2695,5,NULL,NULL,'0',0,0,'2014-05-19 00:40:35','2014-05-19 01:24:32'),
	(27095,'Sieger AF 1 - Sieger AF 2',1404504000,'2014-07-04 22:00:00',NULL,2690,2691,5,NULL,NULL,'0',0,0,'2014-05-19 00:40:35','2014-05-19 01:24:58'),
	(27096,'Sieger AF 7 - Sieger AF 8',1404576000,'2014-07-05 18:00:00',NULL,2696,2697,5,NULL,NULL,'0',0,0,'2014-05-19 00:40:35','2014-05-19 01:25:22'),
	(27097,'Sieger AF 3 - Sieger AF 4',1404590400,'2014-07-05 22:00:00',NULL,2692,2693,5,NULL,NULL,'0',0,0,'2014-05-19 00:40:35','2014-05-19 01:25:45'),
	(27098,'Sieger VF 1 - Sieger VF 2',1404849600,'2014-07-08 22:00:00',NULL,2699,2700,6,NULL,NULL,'0',0,0,'2014-05-19 00:40:35','2014-05-19 01:26:16'),
	(27099,'Sieger VF 3 - Sieger VF 3',1404936000,'2014-07-09 22:00:00',NULL,2701,2701,6,NULL,NULL,'0',0,0,'2014-05-19 00:40:35','2014-05-19 01:26:34'),
	(27100,'Verlierer HF 1 - Verlierer HF 2',1405195200,'2014-07-12 22:00:00',NULL,2705,2706,7,NULL,NULL,'0',0,0,'2014-05-19 00:40:35','2014-05-19 01:26:53'),
	(27101,'Sieger HF 1 - Sieger HF 2',1405278000,'2014-07-13 21:00:00',NULL,2703,2704,8,NULL,NULL,'0',0,0,'2014-05-19 00:40:35','2014-05-19 01:27:07');

/*!40000 ALTER TABLE `matches` ENABLE KEYS */;
UNLOCK TABLES;


# Export von Tabelle questions
# ------------------------------------------------------------

DROP TABLE IF EXISTS `questions`;

CREATE TABLE `questions` (
  `id` int(11) NOT NULL AUTO_INCREMENT,
  `name` varchar(100) NOT NULL,
  `text` tinytext,
  `team_id` int(11) DEFAULT NULL,
  `isfixed` tinyint(4) DEFAULT '0',
  `points` int(11) DEFAULT NULL,
  `due` int(11) DEFAULT NULL,
  `created` datetime DEFAULT NULL COMMENT '	',
  `modified` datetime DEFAULT NULL,
  PRIMARY KEY (`id`)
) ENGINE=InnoDB DEFAULT CHARSET=utf8;

LOCK TABLES `questions` WRITE;
/*!40000 ALTER TABLE `questions` DISABLE KEYS */;

INSERT INTO `questions` (`id`, `name`, `text`, `team_id`, `isfixed`, `points`, `due`, `created`, `modified`)
VALUES
	(1,'Weltmeister','Wer wird Weltmeister 2014?',NULL,1,50,1402603200,'2014-06-02 22:42:45','2014-06-03 20:58:37'),
	(2,'Torschützenkönig','Welches Team stellt den Torschützenkönig?',NULL,1,40,1402603200,'2014-06-02 22:58:24','2014-06-03 20:59:22');

/*!40000 ALTER TABLE `questions` ENABLE KEYS */;
UNLOCK TABLES;


# Export von Tabelle rounds
# ------------------------------------------------------------

DROP TABLE IF EXISTS `rounds`;

CREATE TABLE `rounds` (
  `id` int(11) unsigned NOT NULL AUTO_INCREMENT,
  `name` varchar(100) DEFAULT NULL,
  `slug` varchar(100) DEFAULT NULL,
  `shortname` varchar(10) DEFAULT NULL,
  `bonus` tinyint(1) DEFAULT NULL,
  `created` datetime DEFAULT NULL,
  `modified` datetime DEFAULT NULL,
  PRIMARY KEY (`id`)
) ENGINE=InnoDB DEFAULT CHARSET=utf8;

LOCK TABLES `rounds` WRITE;
/*!40000 ALTER TABLE `rounds` DISABLE KEYS */;

INSERT INTO `rounds` (`id`, `name`, `slug`, `shortname`, `bonus`, `created`, `modified`)
VALUES
	(1,'Runde 1','Runde_1','R1',1,'2014-05-15 21:34:16','2014-05-16 00:42:03'),
	(2,'Runde 2','Runde_2','R2',1,'2014-05-15 21:34:16','2014-05-16 00:42:11'),
	(3,'Runde 3','Runde_3','R3',1,'2014-05-15 21:34:16','2014-05-16 00:31:57'),
	(4,'Achtelfinale','Achtelfinale','AF',NULL,'2014-05-15 21:34:16','2014-05-15 21:34:16'),
	(5,'Viertelfinale','Viertelfinale','VF',NULL,'2014-05-15 21:34:16','2014-05-15 21:34:16'),
	(6,'Halbfinale','Halbfinale','HF',NULL,'2014-05-15 21:34:16','2014-05-15 21:34:16'),
	(7,'Spiel um Platz 3','Spiel_um_Platz_3','P3',NULL,'2014-05-15 21:34:16','2014-05-15 21:34:16'),
	(8,'Finale','Finale','F',NULL,'2014-05-15 21:34:16','2014-05-15 21:34:16');

/*!40000 ALTER TABLE `rounds` ENABLE KEYS */;
UNLOCK TABLES;


# Export von Tabelle stages
# ------------------------------------------------------------

DROP TABLE IF EXISTS `stages`;

CREATE TABLE `stages` (
  `id` int(11) unsigned NOT NULL AUTO_INCREMENT COMMENT '	',
  `name` varchar(100) DEFAULT NULL,
  `ko` int(11) DEFAULT NULL,
  `created` datetime DEFAULT NULL,
  `modified` datetime DEFAULT NULL,
  PRIMARY KEY (`id`)
) ENGINE=InnoDB DEFAULT CHARSET=utf8;

LOCK TABLES `stages` WRITE;
/*!40000 ALTER TABLE `stages` DISABLE KEYS */;

INSERT INTO `stages` (`id`, `name`, `ko`, `created`, `modified`)
VALUES
	(4,'Vorrunde',0,'0000-00-00 00:00:00','0000-00-00 00:00:00'),
	(5,'Spieltag 1',0,'0000-00-00 00:00:00','0000-00-00 00:00:00'),
	(6,'Spieltag 2',0,'0000-00-00 00:00:00','0000-00-00 00:00:00'),
	(7,'Spieltag 3',0,'0000-00-00 00:00:00','0000-00-00 00:00:00'),
	(8,'Spieltag 4',0,'0000-00-00 00:00:00','0000-00-00 00:00:00'),
	(9,'Spieltag 5',0,'0000-00-00 00:00:00','0000-00-00 00:00:00'),
	(10,'Spieltag 6',0,'0000-00-00 00:00:00','0000-00-00 00:00:00'),
	(11,'Spieltag 7',0,'0000-00-00 00:00:00','0000-00-00 00:00:00'),
	(12,'Spieltag 8',0,'0000-00-00 00:00:00','0000-00-00 00:00:00'),
	(13,'Spieltag 9',0,'0000-00-00 00:00:00','0000-00-00 00:00:00'),
	(14,'Spieltag 10',0,'0000-00-00 00:00:00','0000-00-00 00:00:00'),
	(15,'Spieltag 11',0,'0000-00-00 00:00:00','0000-00-00 00:00:00'),
	(16,'Spieltag 12',0,'0000-00-00 00:00:00','0000-00-00 00:00:00'),
	(17,'Spieltag 13',0,'0000-00-00 00:00:00','0000-00-00 00:00:00'),
	(18,'Spieltag 14',0,'0000-00-00 00:00:00','0000-00-00 00:00:00'),
	(19,'Spieltag 15',0,'0000-00-00 00:00:00','0000-00-00 00:00:00'),
	(20,'Achtelfinale',1,'0000-00-00 00:00:00','0000-00-00 00:00:00'),
	(21,'Viertelfinale',2,'0000-00-00 00:00:00','0000-00-00 00:00:00'),
	(22,'Halbfinale',1,'0000-00-00 00:00:00','0000-00-00 00:00:00'),
	(23,'Spiel um Platz 3',1,'0000-00-00 00:00:00','0000-00-00 00:00:00'),
	(24,'Finale',1,'0000-00-00 00:00:00','0000-00-00 00:00:00');

/*!40000 ALTER TABLE `stages` ENABLE KEYS */;
UNLOCK TABLES;


# Export von Tabelle teams
# ------------------------------------------------------------

DROP TABLE IF EXISTS `teams`;

CREATE TABLE `teams` (
  `id` int(11) unsigned NOT NULL AUTO_INCREMENT,
  `name` varchar(100) DEFAULT NULL,
  `iconurl` varchar(200) DEFAULT NULL,
  `group_id` int(11) DEFAULT NULL,
  `iso` varchar(3) DEFAULT NULL,
  `created` datetime DEFAULT NULL COMMENT '		',
  `modified` datetime DEFAULT NULL,
  PRIMARY KEY (`id`)
) ENGINE=InnoDB DEFAULT CHARSET=utf8;

LOCK TABLES `teams` WRITE;
/*!40000 ALTER TABLE `teams` DISABLE KEYS */;

INSERT INTO `teams` (`id`, `name`, `iconurl`, `group_id`, `iso`, `created`, `modified`)
VALUES
	(38,'Schweiz','http://upload.wikimedia.org/wikipedia/commons/thumb/e/e3/Flag_of_Switzerland_within_2to3.svg/20px-Flag_of_Switzerland_within_2to3.svg.png',5,'CH','2014-05-19 00:58:14','2014-05-19 00:58:21'),
	(139,'Deutschland','http://upload.wikimedia.org/wikipedia/commons/thumb/b/ba/Flag_of_Germany.svg/20px-Flag_of_Germany.svg.png',7,'DEU','2014-05-19 00:58:14','2014-05-19 00:58:21'),
	(142,'Griechenland','http://upload.wikimedia.org/wikipedia/commons/thumb/5/5c/Flag_of_Greece.svg/20px-Flag_of_Greece.svg.png',3,'GRI','2014-05-19 00:58:14','2014-05-19 00:58:21'),
	(144,'Frankreich','http://upload.wikimedia.org/wikipedia/commons/thumb/c/c3/Flag_of_France.svg/20px-Flag_of_France.svg.png',5,'FRA','2014-05-19 00:58:14','2014-05-19 00:58:21'),
	(145,'Italien','http://upload.wikimedia.org/wikipedia/commons/thumb/0/03/Flag_of_Italy.svg/20px-Flag_of_Italy.svg.png',4,'ITA','2014-05-19 00:58:14','2014-05-19 00:58:21'),
	(146,'Kroatien','http://www.openligadb.de/images/teamicons/Kroatien.gif',1,'KRO','2014-05-19 00:58:14','2014-05-19 00:58:21'),
	(147,'Niederlande','http://upload.wikimedia.org/wikipedia/commons/thumb/2/20/Flag_of_the_Netherlands.svg/20px-Flag_of_the_Netherlands.svg.png',2,'NIE','2014-05-19 00:58:14','2014-05-19 00:58:21'),
	(149,'Portugal','http://upload.wikimedia.org/wikipedia/commons/thumb/5/5c/Flag_of_Portugal.svg/20px-Flag_of_Portugal.svg.png',7,'POR','2014-05-19 00:58:14','2014-05-19 00:58:21'),
	(150,'Russland','http://www.openligadb.de/images/teamicons/Russland.gif',8,'RUS','2014-05-19 00:58:14','2014-05-19 00:58:21'),
	(170,'Spanien','http://upload.wikimedia.org/wikipedia/commons/thumb/9/9a/Flag_of_Spain.svg/20px-Flag_of_Spain.svg.png',2,'SPA','2014-05-19 00:58:14','2014-05-19 00:58:21'),
	(749,'Japan','http://upload.wikimedia.org/wikipedia/commons/thumb/9/9e/Flag_of_Japan.svg/20px-Flag_of_Japan.svg.png',3,'JPN','2014-05-19 00:58:14','2014-05-19 00:58:21'),
	(750,'Australien','http://upload.wikimedia.org/wikipedia/commons/thumb/b/b9/Flag_of_Australia.svg/20px-Flag_of_Australia.svg.png',2,'AUS','2014-05-19 00:58:14','2014-05-19 00:58:21'),
	(751,'Südkorea','http://upload.wikimedia.org/wikipedia/commons/thumb/0/09/Flag_of_South_Korea.svg/20px-Flag_of_South_Korea.svg.png',8,'SKO','2014-05-19 00:58:14','2014-05-19 00:58:21'),
	(753,'Brasilien','http://upload.wikimedia.org/wikipedia/commons/thumb/0/05/Flag_of_Brazil.svg/20px-Flag_of_Brazil.svg.png',1,'BRA','2014-05-19 00:58:14','2014-05-19 00:58:21'),
	(754,'Ghana','http://upload.wikimedia.org/wikipedia/commons/thumb/1/19/Flag_of_Ghana.svg/20px-Flag_of_Ghana.svg.png',7,'GHA','2014-05-19 00:58:14','2014-05-19 00:58:21'),
	(755,'England','http://upload.wikimedia.org/wikipedia/commons/thumb/b/be/Flag_of_England.svg/18px-Flag_of_England.svg.png',4,'ENG','2014-05-19 00:58:14','2014-05-19 00:58:21'),
	(757,'Elfenbeinküste','http://upload.wikimedia.org/wikipedia/commons/thumb/8/86/Flag_of_Cote_d%27Ivoire.svg/20px-Flag_of_Cote_d%27Ivoire.svg.png',3,'ELF','2014-05-19 00:58:14','2014-05-19 00:58:21'),
	(760,'Chile','http://upload.wikimedia.org/wikipedia/commons/thumb/7/78/Flag_of_Chile.svg/20px-Flag_of_Chile.svg.png',2,'CHI','2014-05-19 00:58:14','2014-05-19 00:58:21'),
	(761,'Mexiko','http://upload.wikimedia.org/wikipedia/commons/thumb/f/fc/Flag_of_Mexico.svg/20px-Flag_of_Mexico.svg.png',1,'MEX','2014-05-19 00:58:14','2014-05-19 00:58:21'),
	(762,'USA','http://upload.wikimedia.org/wikipedia/commons/thumb/a/a4/Flag_of_the_United_States.svg/20px-Flag_of_the_United_States.svg.png',7,'USA','2014-05-19 00:58:14','2014-05-19 00:58:21'),
	(764,'Argentinien','http://upload.wikimedia.org/wikipedia/commons/thumb/1/1a/Flag_of_Argentina.svg/20px-Flag_of_Argentina.svg.png',6,'ARG','2014-05-19 00:58:14','2014-05-19 00:58:21'),
	(765,'Honduras','http://upload.wikimedia.org/wikipedia/commons/thumb/8/82/Flag_of_Honduras.svg/20px-Flag_of_Honduras.svg.png',5,'HON','2014-05-19 00:58:14','2014-05-19 00:58:21'),
	(844,'Algerien','http://upload.wikimedia.org/wikipedia/commons/thumb/7/77/Flag_of_Algeria.svg/20px-Flag_of_Algeria.svg.png',8,'ALG','2014-05-19 00:58:14','2014-05-19 00:58:21'),
	(845,'Kamerun','http://upload.wikimedia.org/wikipedia/commons/thumb/4/4f/Flag_of_Cameroon.svg/20px-Flag_of_Cameroon.svg.png',1,'KAM','2014-05-19 00:58:14','2014-05-19 00:58:21'),
	(847,'Nigeria','http://upload.wikimedia.org/wikipedia/commons/thumb/7/79/Flag_of_Nigeria.svg/20px-Flag_of_Nigeria.svg.png',6,'NIG','2014-05-19 00:58:14','2014-05-19 00:58:21'),
	(849,'Uruguay','http://upload.wikimedia.org/wikipedia/commons/thumb/f/fe/Flag_of_Uruguay.svg/20px-Flag_of_Uruguay.svg.png',4,'URU','2014-05-19 00:58:14','2014-05-19 00:58:21'),
	(1469,'Kolumbien','http://ide.fifa.com/imgml/flags/s/col.gif',3,'KOL','2014-05-19 00:58:14','2014-05-19 00:58:21'),
	(2669,'Costa Rica','http://upload.wikimedia.org/wikipedia/commons/thumb/f/f2/Flag_of_Costa_Rica.svg/20px-Flag_of_Costa_Rica.svg.png',4,'CRC','2014-05-19 00:58:14','2014-05-19 00:58:21'),
	(2670,'Ecuador','http://upload.wikimedia.org/wikipedia/commons/thumb/e/e8/Flag_of_Ecuador.svg/20px-Flag_of_Ecuador.svg.png',5,'ECU','2014-05-19 00:58:14','2014-05-19 00:58:21'),
	(2671,'Bosnien und Herzegowina','http://upload.wikimedia.org/wikipedia/commons/thumb/b/bf/Flag_of_Bosnia_and_Herzegovina.svg/20px-Flag_of_Bosnia_and_Herzegovina.svg.png',6,'BIH','2014-05-19 00:58:14','2014-05-19 00:58:21'),
	(2672,'Iran','http://upload.wikimedia.org/wikipedia/commons/thumb/c/ca/Flag_of_Iran.svg/20px-Flag_of_Iran.svg.png',6,'IRN','2014-05-19 00:58:14','2014-05-19 00:58:21'),
	(2673,'Belgien','http://upload.wikimedia.org/wikipedia/commons/thumb/9/92/Flag_of_Belgium_%28civil%29.svg/20px-Flag_of_Belgium_%28civil%29.svg.png',8,'BEL','2014-05-19 00:58:14','2014-05-19 00:58:21'),
	(2674,'1. Gruppe A','',NULL,NULL,'2014-05-19 01:02:23','2014-05-19 01:02:23'),
	(2675,'2. Gruppe A','',NULL,NULL,'2014-05-19 01:02:35','2014-05-19 01:02:35'),
	(2676,'1. Gruppe B','',NULL,NULL,'2014-05-19 01:02:35','2014-05-19 01:02:35'),
	(2677,'2. Gruppe B','',NULL,NULL,'2014-05-19 01:02:35','2014-05-19 01:02:35'),
	(2678,'1. Gruppe C','',NULL,NULL,'2014-05-19 01:02:35','2014-05-19 01:02:35'),
	(2679,'2. Gruppe C','',NULL,NULL,'2014-05-19 01:02:35','2014-05-19 01:02:35'),
	(2680,'1. Gruppe D','',NULL,NULL,'2014-05-19 01:02:35','2014-05-19 01:02:35'),
	(2681,'2. Gruppe D','',NULL,NULL,'2014-05-19 01:02:35','2014-05-19 01:02:35'),
	(2682,'1. Gruppe E','',NULL,NULL,'2014-05-19 01:02:35','2014-05-19 01:02:35'),
	(2683,'2. Gruppe E','',NULL,NULL,'2014-05-19 01:02:35','2014-05-19 01:02:35'),
	(2684,'1. Gruppe F','',NULL,NULL,'2014-05-19 01:02:35','2014-05-19 01:02:35'),
	(2685,'2. Gruppe F','',NULL,NULL,'2014-05-19 01:02:35','2014-05-19 01:02:35'),
	(2686,'1. Gruppe G','',NULL,NULL,'2014-05-19 01:02:35','2014-05-19 01:02:35'),
	(2687,'2. Gruppe G','',NULL,NULL,'2014-05-19 01:02:35','2014-05-19 01:02:35'),
	(2688,'1. Gruppe H','',NULL,NULL,'2014-05-19 01:02:35','2014-05-19 01:02:35'),
	(2689,'2. Gruppe H','',NULL,NULL,'2014-05-19 01:02:35','2014-05-19 01:02:35'),
	(2690,'Sieger AF 1','',NULL,NULL,'2014-05-19 01:02:35','2014-05-19 01:02:35'),
	(2691,'Sieger AF 2','',NULL,NULL,'2014-05-19 01:02:35','2014-05-19 01:02:35'),
	(2692,'Sieger AF 3','',NULL,NULL,'2014-05-19 01:02:35','2014-05-19 01:02:35'),
	(2693,'Sieger AF 4','',NULL,NULL,'2014-05-19 01:02:35','2014-05-19 01:02:35'),
	(2694,'Sieger AF 5','',NULL,NULL,'2014-05-19 01:02:35','2014-05-19 01:02:35'),
	(2695,'Sieger AF 6','',NULL,NULL,'2014-05-19 01:02:35','2014-05-19 01:02:35'),
	(2696,'Sieger AF 7','',NULL,NULL,'2014-05-19 01:02:35','2014-05-19 01:02:35'),
	(2697,'Sieger AF 8','',NULL,NULL,'2014-05-19 01:02:35','2014-05-19 01:02:35'),
	(2699,'Sieger VF 1','',NULL,NULL,'2014-05-19 01:02:35','2014-05-19 01:02:35'),
	(2700,'Sieger VF 2','',NULL,NULL,'2014-05-19 01:02:35','2014-05-19 01:02:35'),
	(2701,'Sieger VF 3','',NULL,NULL,'2014-05-19 01:02:35','2014-05-19 01:02:35'),
	(2702,'Sieger VF 4','',NULL,NULL,'2014-05-19 01:02:35','2014-05-19 01:02:35'),
	(2703,'Sieger HF 1','',NULL,NULL,'2014-05-19 01:02:35','2014-05-19 01:02:35'),
	(2704,'Sieger HF 2','',NULL,NULL,'2014-05-19 01:02:35','2014-05-19 01:02:35'),
	(2705,'Verlierer HF 1','',NULL,NULL,'2014-05-19 01:02:35','2014-05-19 01:02:35'),
	(2706,'Verlierer HF 2','',NULL,NULL,'2014-05-19 01:02:35','2014-05-19 01:02:35');

/*!40000 ALTER TABLE `teams` ENABLE KEYS */;
UNLOCK TABLES;


# Export von Tabelle tipps
# ------------------------------------------------------------

DROP TABLE IF EXISTS `tipps`;

CREATE TABLE `tipps` (
  `id` int(11) NOT NULL AUTO_INCREMENT,
  `match_id` int(11) DEFAULT NULL,
  `user_id` varchar(36) DEFAULT NULL,
  `points_team1` int(11) NOT NULL,
  `points_team2` int(11) NOT NULL,
  `points` int(11) DEFAULT NULL,
  `points_total` int(11) DEFAULT NULL,
  `type` tinyint(1) DEFAULT '0',
  `team_id` int(11) DEFAULT NULL,
  `group_id` int(11) DEFAULT NULL,
  `question_id` int(11) DEFAULT NULL,
  `created` datetime DEFAULT NULL,
  `modified` datetime DEFAULT NULL,
  PRIMARY KEY (`id`)
) ENGINE=InnoDB DEFAULT CHARSET=utf8;

LOCK TABLES `tipps` WRITE;
/*!40000 ALTER TABLE `tipps` DISABLE KEYS */;

INSERT INTO `tipps` (`id`, `match_id`, `user_id`, `points_team1`, `points_team2`, `points`, `points_total`, `type`, `team_id`, `group_id`, `question_id`, `created`, `modified`)
VALUES
	(2562,27028,'536ff50f-04d4-430f-95d4-4feccbdd56cb',6,3,0,NULL,0,NULL,NULL,NULL,'2014-05-26 23:12:47','2014-05-26 23:12:47'),
	(2563,27028,'536ff50f-21c8-42d7-920b-4feccbdd56cb',4,6,14,NULL,0,NULL,NULL,NULL,'2014-05-26 23:12:47','2014-05-26 23:12:47'),
	(2564,27028,'536ff50f-7c74-42c4-99f9-4feccbdd56cb',1,0,0,NULL,0,NULL,NULL,NULL,'2014-05-26 23:12:47','2014-05-26 23:12:47'),
	(2565,27028,'536ff50f-ad34-4fd1-be3a-4feccbdd56cb',7,6,0,NULL,0,NULL,NULL,NULL,'2014-05-26 23:12:47','2014-05-26 23:12:47'),
	(2566,27028,'536ff50f-b00c-45de-b805-4feccbdd56cb',6,3,0,NULL,0,NULL,NULL,NULL,'2014-05-26 23:12:47','2014-05-26 23:12:47'),
	(2567,27028,'536ff50f-c63c-411a-9ec5-4feccbdd56cb',3,2,0,NULL,0,NULL,NULL,NULL,'2014-05-26 23:12:47','2014-05-26 23:12:47'),
	(2568,27028,'536ff50f-e4dc-4f6b-8b25-4feccbdd56cb',3,0,0,NULL,0,NULL,NULL,NULL,'2014-05-26 23:12:47','2014-05-26 23:12:47'),
	(2569,27028,'536ff50f-e93c-4929-a22c-4feccbdd56cb',7,2,0,NULL,0,NULL,NULL,NULL,'2014-05-26 23:12:47','2014-05-26 23:12:47'),
	(2570,27028,'536ff50f-f618-4420-9335-4feccbdd56cb',7,6,0,NULL,0,NULL,NULL,NULL,'2014-05-26 23:12:47','2014-05-26 23:12:47'),
	(2571,27028,'536ff523-365c-4d93-a5d3-5081cbdd56cb',2,2,0,NULL,0,NULL,NULL,NULL,'2014-05-26 23:12:47','2014-05-26 23:12:47'),
	(2572,27028,'536ff523-7190-45fc-a81f-5081cbdd56cb',6,6,0,NULL,0,NULL,NULL,NULL,'2014-05-26 23:12:47','2014-05-26 23:12:47'),
	(2573,27028,'536ff523-72c0-42d0-942d-5081cbdd56cb',2,6,22,NULL,0,NULL,NULL,NULL,'2014-05-26 23:12:47','2014-05-26 23:12:47'),
	(2574,27028,'536ff523-88a8-49a6-86ff-5081cbdd56cb',0,0,0,NULL,0,NULL,NULL,NULL,'2014-05-26 23:12:47','2014-05-26 23:12:47'),
	(2575,27028,'536ff523-982c-4fa1-9a9e-5081cbdd56cb',2,6,22,NULL,0,NULL,NULL,NULL,'2014-05-26 23:12:47','2014-05-26 23:12:47'),
	(2576,27028,'536ff523-e2c4-48cf-b57b-5081cbdd56cb',0,7,14,NULL,0,NULL,NULL,NULL,'2014-05-26 23:12:47','2014-05-26 23:12:47'),
	(2577,27028,'536ff523-f4cc-4fa9-afb6-5081cbdd56cb',5,7,14,NULL,0,NULL,NULL,NULL,'2014-05-26 23:12:47','2014-05-26 23:12:47'),
	(2578,27028,'536ff525-083c-4cee-bddb-5081cbdd56cb',2,2,0,NULL,0,NULL,NULL,NULL,'2014-05-26 23:12:47','2014-05-26 23:12:47'),
	(2579,27028,'536ff525-170c-491b-bd24-5081cbdd56cb',5,4,0,NULL,0,NULL,NULL,NULL,'2014-05-26 23:12:47','2014-05-26 23:12:47'),
	(2580,27028,'536ff525-605c-410b-ad6e-5081cbdd56cb',2,5,20,NULL,0,NULL,NULL,NULL,'2014-05-26 23:12:47','2014-05-26 23:12:47'),
	(2581,27028,'536ff525-68c0-485f-83fe-5081cbdd56cb',2,1,0,NULL,0,NULL,NULL,NULL,'2014-05-26 23:12:47','2014-05-26 23:12:47'),
	(2582,27028,'536ff525-6ef0-4dfb-9159-5081cbdd56cb',1,6,20,NULL,0,NULL,NULL,NULL,'2014-05-26 23:12:47','2014-05-26 23:12:47'),
	(2583,27028,'536ff525-70c4-4c30-8dac-5081cbdd56cb',3,4,14,NULL,0,NULL,NULL,NULL,'2014-05-26 23:12:47','2014-05-26 23:12:47'),
	(2584,27028,'536ff525-a2dc-4e33-93c4-5081cbdd56cb',7,3,0,NULL,0,NULL,NULL,NULL,'2014-05-26 23:12:47','2014-05-26 23:12:47'),
	(2585,27028,'536ff525-a88c-4b61-8978-5081cbdd56cb',6,6,0,NULL,0,NULL,NULL,NULL,'2014-05-26 23:12:47','2014-05-26 23:12:47'),
	(2586,27028,'536ff525-d8e8-489b-a3fc-5081cbdd56cb',1,1,0,NULL,0,NULL,NULL,NULL,'2014-05-26 23:12:47','2014-05-26 23:12:47'),
	(2587,27028,'536ff525-ee44-45c0-949e-5081cbdd56cb',1,7,16,NULL,0,NULL,NULL,NULL,'2014-05-26 23:12:47','2014-05-26 23:12:47'),
	(2588,27028,'536ff527-1818-4075-9526-5081cbdd56cb',0,3,17,NULL,0,NULL,NULL,NULL,'2014-05-26 23:12:47','2014-05-26 23:12:47'),
	(2589,27028,'536ff527-1ab4-446e-a884-5081cbdd56cb',6,1,0,NULL,0,NULL,NULL,NULL,'2014-05-26 23:12:47','2014-05-26 23:12:47'),
	(2590,27028,'536ff527-51a4-45cb-9eec-5081cbdd56cb',3,1,0,NULL,0,NULL,NULL,NULL,'2014-05-26 23:12:47','2014-05-26 23:12:47'),
	(2591,27028,'536ff527-5b38-4aad-aa6f-5081cbdd56cb',7,4,0,NULL,0,NULL,NULL,NULL,'2014-05-26 23:12:47','2014-05-26 23:12:47'),
	(2592,27028,'536ff527-641c-4e68-bd1d-5081cbdd56cb',1,5,30,NULL,0,NULL,NULL,NULL,'2014-05-26 23:12:47','2014-05-26 23:12:47'),
	(2593,27028,'536ff527-7ba8-404b-9c21-5081cbdd56cb',3,3,0,NULL,0,NULL,NULL,NULL,'2014-05-26 23:12:47','2014-05-26 23:12:47'),
	(2594,27028,'536ff527-9c7c-43c6-90d4-5081cbdd56cb',0,1,13,NULL,0,NULL,NULL,NULL,'2014-05-26 23:12:47','2014-05-26 23:12:47'),
	(2595,27028,'536ff527-a40c-4ada-a090-5081cbdd56cb',0,2,14,NULL,0,NULL,NULL,NULL,'2014-05-26 23:12:47','2014-05-26 23:12:47'),
	(2596,27028,'536ff527-c43c-4a86-b964-5081cbdd56cb',6,2,0,NULL,0,NULL,NULL,NULL,'2014-05-26 23:12:47','2014-05-26 23:12:47'),
	(2597,27028,'5375349d-02cc-4b26-b41f-7d11cbdd56cb',4,0,0,NULL,0,NULL,NULL,NULL,'2014-05-26 23:12:47','2014-05-26 23:12:47'),
	(2598,27028,'53753b0d-93f8-4988-9d78-7debcbdd56cb',0,0,0,NULL,0,NULL,NULL,NULL,'2014-05-26 23:12:47','2014-05-26 23:12:47'),
	(2599,27028,'537d28aa-2064-48cc-82db-30ddcbdd56cb',5,0,0,NULL,0,NULL,NULL,NULL,'2014-05-26 23:12:47','2014-05-26 23:12:47'),
	(2600,27028,'537d294d-e1ac-4517-890a-30e1cbdd56cb',3,3,0,NULL,0,NULL,NULL,NULL,'2014-05-26 23:12:47','2014-05-26 23:12:47'),
	(2602,27029,'536ff50f-04d4-430f-95d4-4feccbdd56cb',5,0,0,NULL,0,NULL,NULL,NULL,'2014-05-26 23:12:47','2014-05-26 23:12:47'),
	(2603,27029,'536ff50f-21c8-42d7-920b-4feccbdd56cb',5,6,0,NULL,0,NULL,NULL,NULL,'2014-05-26 23:12:47','2014-05-26 23:12:47'),
	(2604,27029,'536ff50f-7c74-42c4-99f9-4feccbdd56cb',3,3,22,NULL,0,NULL,NULL,NULL,'2014-05-26 23:12:47','2014-05-26 23:12:47'),
	(2605,27029,'536ff50f-ad34-4fd1-be3a-4feccbdd56cb',7,6,0,NULL,0,NULL,NULL,NULL,'2014-05-26 23:12:47','2014-05-26 23:12:47'),
	(2606,27029,'536ff50f-b00c-45de-b805-4feccbdd56cb',4,7,0,NULL,0,NULL,NULL,NULL,'2014-05-26 23:12:47','2014-05-26 23:12:47'),
	(2607,27029,'536ff50f-c63c-411a-9ec5-4feccbdd56cb',3,5,0,NULL,0,NULL,NULL,NULL,'2014-05-26 23:12:47','2014-05-26 23:12:47'),
	(2608,27029,'536ff50f-e4dc-4f6b-8b25-4feccbdd56cb',4,6,0,NULL,0,NULL,NULL,NULL,'2014-05-26 23:12:47','2014-05-26 23:12:47'),
	(2609,27029,'536ff50f-e93c-4929-a22c-4feccbdd56cb',1,4,0,NULL,0,NULL,NULL,NULL,'2014-05-26 23:12:47','2014-05-26 23:12:47'),
	(2610,27029,'536ff50f-f618-4420-9335-4feccbdd56cb',7,1,0,NULL,0,NULL,NULL,NULL,'2014-05-26 23:12:47','2014-05-26 23:12:47'),
	(2611,27029,'536ff523-365c-4d93-a5d3-5081cbdd56cb',7,6,0,NULL,0,NULL,NULL,NULL,'2014-05-26 23:12:47','2014-05-26 23:12:47'),
	(2612,27029,'536ff523-7190-45fc-a81f-5081cbdd56cb',4,4,20,NULL,0,NULL,NULL,NULL,'2014-05-26 23:12:47','2014-05-26 23:12:47'),
	(2613,27029,'536ff523-72c0-42d0-942d-5081cbdd56cb',6,5,0,NULL,0,NULL,NULL,NULL,'2014-05-26 23:12:47','2014-05-26 23:12:47'),
	(2614,27029,'536ff523-88a8-49a6-86ff-5081cbdd56cb',4,4,20,NULL,0,NULL,NULL,NULL,'2014-05-26 23:12:47','2014-05-26 23:12:47'),
	(2615,27029,'536ff523-982c-4fa1-9a9e-5081cbdd56cb',5,7,0,NULL,0,NULL,NULL,NULL,'2014-05-26 23:12:47','2014-05-26 23:12:47'),
	(2616,27029,'536ff523-e2c4-48cf-b57b-5081cbdd56cb',0,4,0,NULL,0,NULL,NULL,NULL,'2014-05-26 23:12:47','2014-05-26 23:12:47'),
	(2617,27029,'536ff523-f4cc-4fa9-afb6-5081cbdd56cb',5,5,20,NULL,0,NULL,NULL,NULL,'2014-05-26 23:12:47','2014-05-26 23:12:47'),
	(2618,27029,'536ff525-083c-4cee-bddb-5081cbdd56cb',4,2,0,NULL,0,NULL,NULL,NULL,'2014-05-26 23:12:47','2014-05-26 23:12:47'),
	(2619,27029,'536ff525-170c-491b-bd24-5081cbdd56cb',4,0,0,NULL,0,NULL,NULL,NULL,'2014-05-26 23:12:47','2014-05-26 23:12:47'),
	(2620,27029,'536ff525-605c-410b-ad6e-5081cbdd56cb',5,3,0,NULL,0,NULL,NULL,NULL,'2014-05-26 23:12:47','2014-05-26 23:12:47'),
	(2621,27029,'536ff525-68c0-485f-83fe-5081cbdd56cb',6,1,0,NULL,0,NULL,NULL,NULL,'2014-05-26 23:12:47','2014-05-26 23:12:47'),
	(2622,27029,'536ff525-6ef0-4dfb-9159-5081cbdd56cb',2,2,30,NULL,0,NULL,NULL,NULL,'2014-05-26 23:12:47','2014-05-26 23:12:47'),
	(2623,27029,'536ff525-70c4-4c30-8dac-5081cbdd56cb',7,7,20,NULL,0,NULL,NULL,NULL,'2014-05-26 23:12:47','2014-05-26 23:12:47'),
	(2624,27029,'536ff525-a2dc-4e33-93c4-5081cbdd56cb',0,0,20,NULL,0,NULL,NULL,NULL,'2014-05-26 23:12:47','2014-05-26 23:12:47'),
	(2625,27029,'536ff525-a88c-4b61-8978-5081cbdd56cb',3,0,0,NULL,0,NULL,NULL,NULL,'2014-05-26 23:12:47','2014-05-26 23:12:47'),
	(2626,27029,'536ff525-d8e8-489b-a3fc-5081cbdd56cb',2,3,0,NULL,0,NULL,NULL,NULL,'2014-05-26 23:12:47','2014-05-26 23:12:47'),
	(2627,27029,'536ff525-ee44-45c0-949e-5081cbdd56cb',6,6,20,NULL,0,NULL,NULL,NULL,'2014-05-26 23:12:47','2014-05-26 23:12:47'),
	(2628,27029,'536ff527-1818-4075-9526-5081cbdd56cb',7,5,0,NULL,0,NULL,NULL,NULL,'2014-05-26 23:12:47','2014-05-26 23:12:47'),
	(2629,27029,'536ff527-1ab4-446e-a884-5081cbdd56cb',3,3,22,NULL,0,NULL,NULL,NULL,'2014-05-26 23:12:47','2014-05-26 23:12:47'),
	(2630,27029,'536ff527-51a4-45cb-9eec-5081cbdd56cb',1,0,0,NULL,0,NULL,NULL,NULL,'2014-05-26 23:12:47','2014-05-26 23:12:47'),
	(2631,27029,'536ff527-5b38-4aad-aa6f-5081cbdd56cb',3,1,0,NULL,0,NULL,NULL,NULL,'2014-05-26 23:12:47','2014-05-26 23:12:47'),
	(2632,27029,'536ff527-641c-4e68-bd1d-5081cbdd56cb',5,1,0,NULL,0,NULL,NULL,NULL,'2014-05-26 23:12:47','2014-05-26 23:12:47'),
	(2633,27029,'536ff527-7ba8-404b-9c21-5081cbdd56cb',7,1,0,NULL,0,NULL,NULL,NULL,'2014-05-26 23:12:47','2014-05-26 23:12:47'),
	(2634,27029,'536ff527-9c7c-43c6-90d4-5081cbdd56cb',3,3,22,NULL,0,NULL,NULL,NULL,'2014-05-26 23:12:47','2014-05-26 23:12:47'),
	(2635,27029,'536ff527-a40c-4ada-a090-5081cbdd56cb',2,0,0,NULL,0,NULL,NULL,NULL,'2014-05-26 23:12:47','2014-05-26 23:12:47'),
	(2636,27029,'536ff527-c43c-4a86-b964-5081cbdd56cb',7,1,0,NULL,0,NULL,NULL,NULL,'2014-05-26 23:12:47','2014-05-26 23:12:47'),
	(2637,27029,'5375349d-02cc-4b26-b41f-7d11cbdd56cb',2,1,0,NULL,0,NULL,NULL,NULL,'2014-05-26 23:12:47','2014-05-26 23:12:47'),
	(2638,27029,'53753b0d-93f8-4988-9d78-7debcbdd56cb',3,2,0,NULL,0,NULL,NULL,NULL,'2014-05-26 23:12:47','2014-05-26 23:12:47'),
	(2639,27029,'537d28aa-2064-48cc-82db-30ddcbdd56cb',0,3,0,NULL,0,NULL,NULL,NULL,'2014-05-26 23:12:47','2014-05-26 23:12:47'),
	(2640,27029,'537d294d-e1ac-4517-890a-30e1cbdd56cb',3,4,0,NULL,0,NULL,NULL,NULL,'2014-05-26 23:12:47','2014-05-26 23:12:47'),
	(2642,27030,'536ff50f-04d4-430f-95d4-4feccbdd56cb',0,2,0,NULL,0,NULL,NULL,NULL,'2014-05-26 23:12:47','2014-05-26 23:12:47'),
	(2643,27030,'536ff50f-21c8-42d7-920b-4feccbdd56cb',4,7,0,NULL,0,NULL,NULL,NULL,'2014-05-26 23:12:47','2014-05-26 23:12:47'),
	(2644,27030,'536ff50f-7c74-42c4-99f9-4feccbdd56cb',0,7,0,NULL,0,NULL,NULL,NULL,'2014-05-26 23:12:47','2014-05-26 23:12:47'),
	(2645,27030,'536ff50f-ad34-4fd1-be3a-4feccbdd56cb',3,2,16,NULL,0,NULL,NULL,NULL,'2014-05-26 23:12:47','2014-05-26 23:12:47'),
	(2646,27030,'536ff50f-b00c-45de-b805-4feccbdd56cb',0,7,0,NULL,0,NULL,NULL,NULL,'2014-05-26 23:12:47','2014-05-26 23:12:47'),
	(2647,27030,'536ff50f-c63c-411a-9ec5-4feccbdd56cb',4,5,0,NULL,0,NULL,NULL,NULL,'2014-05-26 23:12:47','2014-05-26 23:12:47'),
	(2648,27030,'536ff50f-e4dc-4f6b-8b25-4feccbdd56cb',0,3,0,NULL,0,NULL,NULL,NULL,'2014-05-26 23:12:47','2014-05-26 23:12:47'),
	(2649,27030,'536ff50f-e93c-4929-a22c-4feccbdd56cb',7,3,16,NULL,0,NULL,NULL,NULL,'2014-05-26 23:12:47','2014-05-26 23:12:47'),
	(2650,27030,'536ff50f-f618-4420-9335-4feccbdd56cb',7,1,13,NULL,0,NULL,NULL,NULL,'2014-05-26 23:12:47','2014-05-26 23:12:47'),
	(2651,27030,'536ff523-365c-4d93-a5d3-5081cbdd56cb',4,6,0,NULL,0,NULL,NULL,NULL,'2014-05-26 23:12:47','2014-05-26 23:12:47'),
	(2652,27030,'536ff523-7190-45fc-a81f-5081cbdd56cb',3,6,0,NULL,0,NULL,NULL,NULL,'2014-05-26 23:12:47','2014-05-26 23:12:47'),
	(2653,27030,'536ff523-72c0-42d0-942d-5081cbdd56cb',7,6,14,NULL,0,NULL,NULL,NULL,'2014-05-26 23:12:47','2014-05-26 23:12:47'),
	(2654,27030,'536ff523-88a8-49a6-86ff-5081cbdd56cb',0,0,0,NULL,0,NULL,NULL,NULL,'2014-05-26 23:12:47','2014-05-26 23:12:47'),
	(2655,27030,'536ff523-982c-4fa1-9a9e-5081cbdd56cb',1,4,0,NULL,0,NULL,NULL,NULL,'2014-05-26 23:12:47','2014-05-26 23:12:47'),
	(2656,27030,'536ff523-e2c4-48cf-b57b-5081cbdd56cb',5,6,0,NULL,0,NULL,NULL,NULL,'2014-05-26 23:12:47','2014-05-26 23:12:47'),
	(2657,27030,'536ff523-f4cc-4fa9-afb6-5081cbdd56cb',1,5,0,NULL,0,NULL,NULL,NULL,'2014-05-26 23:12:47','2014-05-26 23:12:47'),
	(2658,27030,'536ff525-083c-4cee-bddb-5081cbdd56cb',0,5,0,NULL,0,NULL,NULL,NULL,'2014-05-26 23:12:47','2014-05-26 23:12:47'),
	(2659,27030,'536ff525-170c-491b-bd24-5081cbdd56cb',5,1,17,NULL,0,NULL,NULL,NULL,'2014-05-26 23:12:47','2014-05-26 23:12:47'),
	(2660,27030,'536ff525-605c-410b-ad6e-5081cbdd56cb',5,0,16,NULL,0,NULL,NULL,NULL,'2014-05-26 23:12:47','2014-05-26 23:12:47'),
	(2661,27030,'536ff525-68c0-485f-83fe-5081cbdd56cb',3,6,0,NULL,0,NULL,NULL,NULL,'2014-05-26 23:12:47','2014-05-26 23:12:47'),
	(2662,27030,'536ff525-6ef0-4dfb-9159-5081cbdd56cb',0,7,0,NULL,0,NULL,NULL,NULL,'2014-05-26 23:12:47','2014-05-26 23:12:47'),
	(2663,27030,'536ff525-70c4-4c30-8dac-5081cbdd56cb',4,1,22,NULL,0,NULL,NULL,NULL,'2014-05-26 23:12:47','2014-05-26 23:12:47'),
	(2664,27030,'536ff525-a2dc-4e33-93c4-5081cbdd56cb',3,4,0,NULL,0,NULL,NULL,NULL,'2014-05-26 23:12:47','2014-05-26 23:12:47'),
	(2665,27030,'536ff525-a88c-4b61-8978-5081cbdd56cb',5,2,20,NULL,0,NULL,NULL,NULL,'2014-05-26 23:12:47','2014-05-26 23:12:47'),
	(2666,27030,'536ff525-d8e8-489b-a3fc-5081cbdd56cb',6,1,14,NULL,0,NULL,NULL,NULL,'2014-05-26 23:12:47','2014-05-26 23:12:47'),
	(2667,27030,'536ff525-ee44-45c0-949e-5081cbdd56cb',0,1,0,NULL,0,NULL,NULL,NULL,'2014-05-26 23:12:47','2014-05-26 23:12:47'),
	(2668,27030,'536ff527-1818-4075-9526-5081cbdd56cb',0,0,0,NULL,0,NULL,NULL,NULL,'2014-05-26 23:12:47','2014-05-26 23:12:47'),
	(2669,27030,'536ff527-1ab4-446e-a884-5081cbdd56cb',7,1,13,NULL,0,NULL,NULL,NULL,'2014-05-26 23:12:47','2014-05-26 23:12:47'),
	(2670,27030,'536ff527-51a4-45cb-9eec-5081cbdd56cb',1,1,0,NULL,0,NULL,NULL,NULL,'2014-05-26 23:12:47','2014-05-26 23:12:47'),
	(2671,27030,'536ff527-5b38-4aad-aa6f-5081cbdd56cb',5,6,0,NULL,0,NULL,NULL,NULL,'2014-05-26 23:12:47','2014-05-26 23:12:47'),
	(2672,27030,'536ff527-641c-4e68-bd1d-5081cbdd56cb',7,6,14,NULL,0,NULL,NULL,NULL,'2014-05-26 23:12:47','2014-05-26 23:12:47'),
	(2673,27030,'536ff527-7ba8-404b-9c21-5081cbdd56cb',3,0,30,NULL,0,NULL,NULL,NULL,'2014-05-26 23:12:47','2014-05-26 23:12:47'),
	(2674,27030,'536ff527-9c7c-43c6-90d4-5081cbdd56cb',4,0,20,NULL,0,NULL,NULL,NULL,'2014-05-26 23:12:47','2014-05-26 23:12:47'),
	(2675,27030,'536ff527-a40c-4ada-a090-5081cbdd56cb',1,2,0,NULL,0,NULL,NULL,NULL,'2014-05-26 23:12:47','2014-05-26 23:12:47'),
	(2676,27030,'536ff527-c43c-4a86-b964-5081cbdd56cb',1,5,0,NULL,0,NULL,NULL,NULL,'2014-05-26 23:12:47','2014-05-26 23:12:47'),
	(2677,27030,'5375349d-02cc-4b26-b41f-7d11cbdd56cb',0,1,0,NULL,0,NULL,NULL,NULL,'2014-05-26 23:12:47','2014-05-26 23:12:47'),
	(2678,27030,'53753b0d-93f8-4988-9d78-7debcbdd56cb',5,4,14,NULL,0,NULL,NULL,NULL,'2014-05-26 23:12:47','2014-05-26 23:12:47'),
	(2679,27030,'537d28aa-2064-48cc-82db-30ddcbdd56cb',3,1,20,NULL,0,NULL,NULL,NULL,'2014-05-26 23:12:47','2014-05-26 23:12:47'),
	(2680,27030,'537d294d-e1ac-4517-890a-30e1cbdd56cb',0,0,0,NULL,0,NULL,NULL,NULL,'2014-05-26 23:12:47','2014-05-26 23:12:47'),
	(2682,27031,'536ff50f-04d4-430f-95d4-4feccbdd56cb',1,4,0,NULL,0,NULL,NULL,NULL,'2014-05-26 23:12:47','2014-05-26 23:12:47'),
	(2683,27031,'536ff50f-21c8-42d7-920b-4feccbdd56cb',7,2,0,NULL,0,NULL,NULL,NULL,'2014-05-26 23:12:47','2014-05-26 23:12:47'),
	(2684,27031,'536ff50f-7c74-42c4-99f9-4feccbdd56cb',5,7,0,NULL,0,NULL,NULL,NULL,'2014-05-26 23:12:47','2014-05-26 23:12:47'),
	(2685,27031,'536ff50f-ad34-4fd1-be3a-4feccbdd56cb',3,6,0,NULL,0,NULL,NULL,NULL,'2014-05-26 23:12:47','2014-05-26 23:12:47'),
	(2686,27031,'536ff50f-b00c-45de-b805-4feccbdd56cb',0,1,0,NULL,0,NULL,NULL,NULL,'2014-05-26 23:12:47','2014-05-26 23:12:47'),
	(2687,27031,'536ff50f-c63c-411a-9ec5-4feccbdd56cb',5,7,0,NULL,0,NULL,NULL,NULL,'2014-05-26 23:12:47','2014-05-26 23:12:47'),
	(2688,27031,'536ff50f-e4dc-4f6b-8b25-4feccbdd56cb',0,0,22,NULL,0,NULL,NULL,NULL,'2014-05-26 23:12:47','2014-05-26 23:12:47'),
	(2689,27031,'536ff50f-e93c-4929-a22c-4feccbdd56cb',0,4,0,NULL,0,NULL,NULL,NULL,'2014-05-26 23:12:47','2014-05-26 23:12:47'),
	(2690,27031,'536ff50f-f618-4420-9335-4feccbdd56cb',1,1,30,NULL,0,NULL,NULL,NULL,'2014-05-26 23:12:47','2014-05-26 23:12:47'),
	(2691,27031,'536ff523-365c-4d93-a5d3-5081cbdd56cb',6,2,0,NULL,0,NULL,NULL,NULL,'2014-05-26 23:12:47','2014-05-26 23:12:47'),
	(2692,27031,'536ff523-7190-45fc-a81f-5081cbdd56cb',7,7,20,NULL,0,NULL,NULL,NULL,'2014-05-26 23:12:47','2014-05-26 23:12:47'),
	(2693,27031,'536ff523-72c0-42d0-942d-5081cbdd56cb',4,5,0,NULL,0,NULL,NULL,NULL,'2014-05-26 23:12:47','2014-05-26 23:12:47'),
	(2694,27031,'536ff523-88a8-49a6-86ff-5081cbdd56cb',3,7,0,NULL,0,NULL,NULL,NULL,'2014-05-26 23:12:47','2014-05-26 23:12:47'),
	(2695,27031,'536ff523-982c-4fa1-9a9e-5081cbdd56cb',6,4,0,NULL,0,NULL,NULL,NULL,'2014-05-26 23:12:47','2014-05-26 23:12:47'),
	(2696,27031,'536ff523-e2c4-48cf-b57b-5081cbdd56cb',0,2,0,NULL,0,NULL,NULL,NULL,'2014-05-26 23:12:47','2014-05-26 23:12:47'),
	(2697,27031,'536ff523-f4cc-4fa9-afb6-5081cbdd56cb',2,2,22,NULL,0,NULL,NULL,NULL,'2014-05-26 23:12:47','2014-05-26 23:12:47'),
	(2698,27031,'536ff525-083c-4cee-bddb-5081cbdd56cb',7,2,0,NULL,0,NULL,NULL,NULL,'2014-05-26 23:12:47','2014-05-26 23:12:47'),
	(2699,27031,'536ff525-170c-491b-bd24-5081cbdd56cb',4,4,20,NULL,0,NULL,NULL,NULL,'2014-05-26 23:12:47','2014-05-26 23:12:47'),
	(2700,27031,'536ff525-605c-410b-ad6e-5081cbdd56cb',1,7,0,NULL,0,NULL,NULL,NULL,'2014-05-26 23:12:47','2014-05-26 23:12:47'),
	(2701,27031,'536ff525-68c0-485f-83fe-5081cbdd56cb',3,1,0,NULL,0,NULL,NULL,NULL,'2014-05-26 23:12:47','2014-05-26 23:12:47'),
	(2702,27031,'536ff525-6ef0-4dfb-9159-5081cbdd56cb',0,0,22,NULL,0,NULL,NULL,NULL,'2014-05-26 23:12:47','2014-05-26 23:12:47'),
	(2703,27031,'536ff525-70c4-4c30-8dac-5081cbdd56cb',1,0,0,NULL,0,NULL,NULL,NULL,'2014-05-26 23:12:47','2014-05-26 23:12:47'),
	(2704,27031,'536ff525-a2dc-4e33-93c4-5081cbdd56cb',1,1,30,NULL,0,NULL,NULL,NULL,'2014-05-26 23:12:47','2014-05-26 23:12:47'),
	(2705,27031,'536ff525-a88c-4b61-8978-5081cbdd56cb',5,2,0,NULL,0,NULL,NULL,NULL,'2014-05-26 23:12:47','2014-05-26 23:12:47'),
	(2706,27031,'536ff525-d8e8-489b-a3fc-5081cbdd56cb',3,4,0,NULL,0,NULL,NULL,NULL,'2014-05-26 23:12:47','2014-05-26 23:12:47'),
	(2707,27031,'536ff525-ee44-45c0-949e-5081cbdd56cb',5,2,0,NULL,0,NULL,NULL,NULL,'2014-05-26 23:12:47','2014-05-26 23:12:47'),
	(2708,27031,'536ff527-1818-4075-9526-5081cbdd56cb',3,2,0,NULL,0,NULL,NULL,NULL,'2014-05-26 23:12:47','2014-05-26 23:12:47'),
	(2709,27031,'536ff527-1ab4-446e-a884-5081cbdd56cb',0,7,0,NULL,0,NULL,NULL,NULL,'2014-05-26 23:12:47','2014-05-26 23:12:47'),
	(2710,27031,'536ff527-51a4-45cb-9eec-5081cbdd56cb',2,6,0,NULL,0,NULL,NULL,NULL,'2014-05-26 23:12:47','2014-05-26 23:12:47'),
	(2711,27031,'536ff527-5b38-4aad-aa6f-5081cbdd56cb',3,2,0,NULL,0,NULL,NULL,NULL,'2014-05-26 23:12:47','2014-05-26 23:12:47'),
	(2712,27031,'536ff527-641c-4e68-bd1d-5081cbdd56cb',1,6,0,NULL,0,NULL,NULL,NULL,'2014-05-26 23:12:47','2014-05-26 23:12:47'),
	(2713,27031,'536ff527-7ba8-404b-9c21-5081cbdd56cb',4,0,0,NULL,0,NULL,NULL,NULL,'2014-05-26 23:12:47','2014-05-26 23:12:47'),
	(2714,27031,'536ff527-9c7c-43c6-90d4-5081cbdd56cb',0,0,22,NULL,0,NULL,NULL,NULL,'2014-05-26 23:12:47','2014-05-26 23:12:47'),
	(2715,27031,'536ff527-a40c-4ada-a090-5081cbdd56cb',5,1,0,NULL,0,NULL,NULL,NULL,'2014-05-26 23:12:47','2014-05-26 23:12:47'),
	(2716,27031,'536ff527-c43c-4a86-b964-5081cbdd56cb',0,0,22,NULL,0,NULL,NULL,NULL,'2014-05-26 23:12:47','2014-05-26 23:12:47'),
	(2717,27031,'5375349d-02cc-4b26-b41f-7d11cbdd56cb',3,1,0,NULL,0,NULL,NULL,NULL,'2014-05-26 23:12:47','2014-05-26 23:12:47'),
	(2718,27031,'53753b0d-93f8-4988-9d78-7debcbdd56cb',1,4,0,NULL,0,NULL,NULL,NULL,'2014-05-26 23:12:47','2014-05-26 23:12:47'),
	(2719,27031,'537d28aa-2064-48cc-82db-30ddcbdd56cb',2,2,22,NULL,0,NULL,NULL,NULL,'2014-05-26 23:12:47','2014-05-26 23:12:47'),
	(2720,27031,'537d294d-e1ac-4517-890a-30e1cbdd56cb',6,7,0,NULL,0,NULL,NULL,NULL,'2014-05-26 23:12:47','2014-05-26 23:12:47'),
	(2722,27032,'536ff50f-04d4-430f-95d4-4feccbdd56cb',4,2,30,NULL,0,NULL,NULL,NULL,'2014-05-26 23:12:48','2014-05-26 23:12:48'),
	(2723,27032,'536ff50f-21c8-42d7-920b-4feccbdd56cb',4,0,16,NULL,0,NULL,NULL,NULL,'2014-05-26 23:12:48','2014-05-26 23:12:48'),
	(2724,27032,'536ff50f-7c74-42c4-99f9-4feccbdd56cb',4,4,0,NULL,0,NULL,NULL,NULL,'2014-05-26 23:12:48','2014-05-26 23:12:48'),
	(2725,27032,'536ff50f-ad34-4fd1-be3a-4feccbdd56cb',7,6,16,NULL,0,NULL,NULL,NULL,'2014-05-26 23:12:48','2014-05-26 23:12:48'),
	(2726,27032,'536ff50f-b00c-45de-b805-4feccbdd56cb',3,2,20,NULL,0,NULL,NULL,NULL,'2014-05-26 23:12:48','2014-05-26 23:12:48'),
	(2727,27032,'536ff50f-c63c-411a-9ec5-4feccbdd56cb',0,4,0,NULL,0,NULL,NULL,NULL,'2014-05-26 23:12:48','2014-05-26 23:12:48'),
	(2728,27032,'536ff50f-e4dc-4f6b-8b25-4feccbdd56cb',0,5,0,NULL,0,NULL,NULL,NULL,'2014-05-26 23:12:48','2014-05-26 23:12:48'),
	(2729,27032,'536ff50f-e93c-4929-a22c-4feccbdd56cb',5,1,16,NULL,0,NULL,NULL,NULL,'2014-05-26 23:12:48','2014-05-26 23:12:48'),
	(2730,27032,'536ff50f-f618-4420-9335-4feccbdd56cb',5,2,20,NULL,0,NULL,NULL,NULL,'2014-05-26 23:12:48','2014-05-26 23:12:48'),
	(2731,27032,'536ff523-365c-4d93-a5d3-5081cbdd56cb',2,6,0,NULL,0,NULL,NULL,NULL,'2014-05-26 23:12:48','2014-05-26 23:12:48'),
	(2732,27032,'536ff523-7190-45fc-a81f-5081cbdd56cb',3,6,0,NULL,0,NULL,NULL,NULL,'2014-05-26 23:12:48','2014-05-26 23:12:48'),
	(2733,27032,'536ff523-72c0-42d0-942d-5081cbdd56cb',7,4,16,NULL,0,NULL,NULL,NULL,'2014-05-26 23:12:48','2014-05-26 23:12:48'),
	(2734,27032,'536ff523-88a8-49a6-86ff-5081cbdd56cb',3,1,22,NULL,0,NULL,NULL,NULL,'2014-05-26 23:12:48','2014-05-26 23:12:48'),
	(2735,27032,'536ff523-982c-4fa1-9a9e-5081cbdd56cb',7,1,12,NULL,0,NULL,NULL,NULL,'2014-05-26 23:12:48','2014-05-26 23:12:48'),
	(2736,27032,'536ff523-e2c4-48cf-b57b-5081cbdd56cb',1,4,0,NULL,0,NULL,NULL,NULL,'2014-05-26 23:12:48','2014-05-26 23:12:48'),
	(2737,27032,'536ff523-f4cc-4fa9-afb6-5081cbdd56cb',2,6,0,NULL,0,NULL,NULL,NULL,'2014-05-26 23:12:48','2014-05-26 23:12:48'),
	(2738,27032,'536ff525-083c-4cee-bddb-5081cbdd56cb',6,6,0,NULL,0,NULL,NULL,NULL,'2014-05-26 23:12:48','2014-05-26 23:12:48'),
	(2739,27032,'536ff525-170c-491b-bd24-5081cbdd56cb',6,2,16,NULL,0,NULL,NULL,NULL,'2014-05-26 23:12:48','2014-05-26 23:12:48'),
	(2740,27032,'536ff525-605c-410b-ad6e-5081cbdd56cb',3,5,0,NULL,0,NULL,NULL,NULL,'2014-05-26 23:12:48','2014-05-26 23:12:48'),
	(2741,27032,'536ff525-68c0-485f-83fe-5081cbdd56cb',1,6,0,NULL,0,NULL,NULL,NULL,'2014-05-26 23:12:48','2014-05-26 23:12:48'),
	(2742,27032,'536ff525-6ef0-4dfb-9159-5081cbdd56cb',0,1,0,NULL,0,NULL,NULL,NULL,'2014-05-26 23:12:48','2014-05-26 23:12:48'),
	(2743,27032,'536ff525-70c4-4c30-8dac-5081cbdd56cb',2,1,17,NULL,0,NULL,NULL,NULL,'2014-05-26 23:12:48','2014-05-26 23:12:48'),
	(2744,27032,'536ff525-a2dc-4e33-93c4-5081cbdd56cb',6,0,12,NULL,0,NULL,NULL,NULL,'2014-05-26 23:12:48','2014-05-26 23:12:48'),
	(2745,27032,'536ff525-a88c-4b61-8978-5081cbdd56cb',2,4,0,NULL,0,NULL,NULL,NULL,'2014-05-26 23:12:48','2014-05-26 23:12:48'),
	(2746,27032,'536ff525-d8e8-489b-a3fc-5081cbdd56cb',2,5,0,NULL,0,NULL,NULL,NULL,'2014-05-26 23:12:48','2014-05-26 23:12:48'),
	(2747,27032,'536ff525-ee44-45c0-949e-5081cbdd56cb',2,6,0,NULL,0,NULL,NULL,NULL,'2014-05-26 23:12:48','2014-05-26 23:12:48'),
	(2748,27032,'536ff527-1818-4075-9526-5081cbdd56cb',3,2,20,NULL,0,NULL,NULL,NULL,'2014-05-26 23:12:48','2014-05-26 23:12:48'),
	(2749,27032,'536ff527-1ab4-446e-a884-5081cbdd56cb',3,6,0,NULL,0,NULL,NULL,NULL,'2014-05-26 23:12:48','2014-05-26 23:12:48'),
	(2750,27032,'536ff527-51a4-45cb-9eec-5081cbdd56cb',4,2,30,NULL,0,NULL,NULL,NULL,'2014-05-26 23:12:48','2014-05-26 23:12:48'),
	(2751,27032,'536ff527-5b38-4aad-aa6f-5081cbdd56cb',7,6,16,NULL,0,NULL,NULL,NULL,'2014-05-26 23:12:48','2014-05-26 23:12:48'),
	(2752,27032,'536ff527-641c-4e68-bd1d-5081cbdd56cb',6,2,16,NULL,0,NULL,NULL,NULL,'2014-05-26 23:12:48','2014-05-26 23:12:48'),
	(2753,27032,'536ff527-7ba8-404b-9c21-5081cbdd56cb',4,4,0,NULL,0,NULL,NULL,NULL,'2014-05-26 23:12:48','2014-05-26 23:12:48'),
	(2754,27032,'536ff527-9c7c-43c6-90d4-5081cbdd56cb',0,3,0,NULL,0,NULL,NULL,NULL,'2014-05-26 23:12:48','2014-05-26 23:12:48'),
	(2755,27032,'536ff527-a40c-4ada-a090-5081cbdd56cb',7,4,16,NULL,0,NULL,NULL,NULL,'2014-05-26 23:12:48','2014-05-26 23:12:48'),
	(2756,27032,'536ff527-c43c-4a86-b964-5081cbdd56cb',0,0,0,NULL,0,NULL,NULL,NULL,'2014-05-26 23:12:48','2014-05-26 23:12:48'),
	(2757,27032,'5375349d-02cc-4b26-b41f-7d11cbdd56cb',2,1,17,NULL,0,NULL,NULL,NULL,'2014-05-26 23:12:48','2014-05-26 23:12:48'),
	(2758,27032,'53753b0d-93f8-4988-9d78-7debcbdd56cb',2,5,0,NULL,0,NULL,NULL,NULL,'2014-05-26 23:12:48','2014-05-26 23:12:48'),
	(2759,27032,'537d28aa-2064-48cc-82db-30ddcbdd56cb',2,1,17,NULL,0,NULL,NULL,NULL,'2014-05-26 23:12:48','2014-05-26 23:12:48'),
	(2760,27032,'537d294d-e1ac-4517-890a-30e1cbdd56cb',5,4,17,NULL,0,NULL,NULL,NULL,'2014-05-26 23:12:48','2014-05-26 23:12:48'),
	(2762,27033,'536ff50f-04d4-430f-95d4-4feccbdd56cb',1,1,0,NULL,0,NULL,NULL,NULL,'2014-05-26 23:12:48','2014-05-26 23:12:48'),
	(2763,27033,'536ff50f-21c8-42d7-920b-4feccbdd56cb',6,5,0,NULL,0,NULL,NULL,NULL,'2014-05-26 23:12:48','2014-05-26 23:12:48'),
	(2764,27033,'536ff50f-7c74-42c4-99f9-4feccbdd56cb',3,1,0,NULL,0,NULL,NULL,NULL,'2014-05-26 23:12:48','2014-05-26 23:12:48'),
	(2765,27033,'536ff50f-ad34-4fd1-be3a-4feccbdd56cb',4,0,0,NULL,0,NULL,NULL,NULL,'2014-05-26 23:12:48','2014-05-26 23:12:48'),
	(2766,27033,'536ff50f-b00c-45de-b805-4feccbdd56cb',3,4,20,NULL,0,NULL,NULL,NULL,'2014-05-26 23:12:48','2014-05-26 23:12:48'),
	(2767,27033,'536ff50f-c63c-411a-9ec5-4feccbdd56cb',6,2,0,NULL,0,NULL,NULL,NULL,'2014-05-26 23:12:48','2014-05-26 23:12:48'),
	(2768,27033,'536ff50f-e4dc-4f6b-8b25-4feccbdd56cb',6,3,0,NULL,0,NULL,NULL,NULL,'2014-05-26 23:12:48','2014-05-26 23:12:48'),
	(2769,27033,'536ff50f-e93c-4929-a22c-4feccbdd56cb',7,7,0,NULL,0,NULL,NULL,NULL,'2014-05-26 23:12:48','2014-05-26 23:12:48'),
	(2770,27033,'536ff50f-f618-4420-9335-4feccbdd56cb',6,6,0,NULL,0,NULL,NULL,NULL,'2014-05-26 23:12:48','2014-05-26 23:12:48'),
	(2771,27033,'536ff523-365c-4d93-a5d3-5081cbdd56cb',3,7,13,NULL,0,NULL,NULL,NULL,'2014-05-26 23:12:48','2014-05-26 23:12:48'),
	(2772,27033,'536ff523-7190-45fc-a81f-5081cbdd56cb',7,5,0,NULL,0,NULL,NULL,NULL,'2014-05-26 23:12:48','2014-05-26 23:12:48'),
	(2773,27033,'536ff523-72c0-42d0-942d-5081cbdd56cb',0,2,20,NULL,0,NULL,NULL,NULL,'2014-05-26 23:12:48','2014-05-26 23:12:48'),
	(2774,27033,'536ff523-88a8-49a6-86ff-5081cbdd56cb',3,2,0,NULL,0,NULL,NULL,NULL,'2014-05-26 23:12:48','2014-05-26 23:12:48'),
	(2775,27033,'536ff523-982c-4fa1-9a9e-5081cbdd56cb',3,0,0,NULL,0,NULL,NULL,NULL,'2014-05-26 23:12:48','2014-05-26 23:12:48'),
	(2776,27033,'536ff523-e2c4-48cf-b57b-5081cbdd56cb',7,2,0,NULL,0,NULL,NULL,NULL,'2014-05-26 23:12:48','2014-05-26 23:12:48'),
	(2777,27033,'536ff523-f4cc-4fa9-afb6-5081cbdd56cb',0,1,22,NULL,0,NULL,NULL,NULL,'2014-05-26 23:12:48','2014-05-26 23:12:48'),
	(2778,27033,'536ff525-083c-4cee-bddb-5081cbdd56cb',3,7,13,NULL,0,NULL,NULL,NULL,'2014-05-26 23:12:48','2014-05-26 23:12:48'),
	(2779,27033,'536ff525-170c-491b-bd24-5081cbdd56cb',7,7,0,NULL,0,NULL,NULL,NULL,'2014-05-26 23:12:48','2014-05-26 23:12:48'),
	(2780,27033,'536ff525-605c-410b-ad6e-5081cbdd56cb',0,3,16,NULL,0,NULL,NULL,NULL,'2014-05-26 23:12:48','2014-05-26 23:12:48'),
	(2781,27033,'536ff525-68c0-485f-83fe-5081cbdd56cb',7,4,0,NULL,0,NULL,NULL,NULL,'2014-05-26 23:12:48','2014-05-26 23:12:48'),
	(2782,27033,'536ff525-6ef0-4dfb-9159-5081cbdd56cb',7,5,0,NULL,0,NULL,NULL,NULL,'2014-05-26 23:12:48','2014-05-26 23:12:48'),
	(2783,27033,'536ff525-70c4-4c30-8dac-5081cbdd56cb',6,5,0,NULL,0,NULL,NULL,NULL,'2014-05-26 23:12:48','2014-05-26 23:12:48'),
	(2784,27033,'536ff525-a2dc-4e33-93c4-5081cbdd56cb',1,6,12,NULL,0,NULL,NULL,NULL,'2014-05-26 23:12:48','2014-05-26 23:12:48'),
	(2785,27033,'536ff525-a88c-4b61-8978-5081cbdd56cb',5,7,16,NULL,0,NULL,NULL,NULL,'2014-05-26 23:12:48','2014-05-26 23:12:48'),
	(2786,27033,'536ff525-d8e8-489b-a3fc-5081cbdd56cb',5,0,0,NULL,0,NULL,NULL,NULL,'2014-05-26 23:12:48','2014-05-26 23:12:48'),
	(2787,27033,'536ff525-ee44-45c0-949e-5081cbdd56cb',6,4,0,NULL,0,NULL,NULL,NULL,'2014-05-26 23:12:48','2014-05-26 23:12:48'),
	(2788,27033,'536ff527-1818-4075-9526-5081cbdd56cb',6,7,20,NULL,0,NULL,NULL,NULL,'2014-05-26 23:12:48','2014-05-26 23:12:48'),
	(2789,27033,'536ff527-1ab4-446e-a884-5081cbdd56cb',7,1,0,NULL,0,NULL,NULL,NULL,'2014-05-26 23:12:48','2014-05-26 23:12:48'),
	(2790,27033,'536ff527-51a4-45cb-9eec-5081cbdd56cb',2,3,22,NULL,0,NULL,NULL,NULL,'2014-05-26 23:12:48','2014-05-26 23:12:48'),
	(2791,27033,'536ff527-5b38-4aad-aa6f-5081cbdd56cb',1,1,0,NULL,0,NULL,NULL,NULL,'2014-05-26 23:12:48','2014-05-26 23:12:48'),
	(2792,27033,'536ff527-641c-4e68-bd1d-5081cbdd56cb',5,2,0,NULL,0,NULL,NULL,NULL,'2014-05-26 23:12:48','2014-05-26 23:12:48'),
	(2793,27033,'536ff527-7ba8-404b-9c21-5081cbdd56cb',3,0,0,NULL,0,NULL,NULL,NULL,'2014-05-26 23:12:48','2014-05-26 23:12:48'),
	(2794,27033,'536ff527-9c7c-43c6-90d4-5081cbdd56cb',1,2,30,NULL,0,NULL,NULL,NULL,'2014-05-26 23:12:48','2014-05-26 23:12:48'),
	(2795,27033,'536ff527-a40c-4ada-a090-5081cbdd56cb',7,2,0,NULL,0,NULL,NULL,NULL,'2014-05-26 23:12:48','2014-05-26 23:12:48'),
	(2796,27033,'536ff527-c43c-4a86-b964-5081cbdd56cb',6,7,20,NULL,0,NULL,NULL,NULL,'2014-05-26 23:12:48','2014-05-26 23:12:48'),
	(2797,27033,'5375349d-02cc-4b26-b41f-7d11cbdd56cb',6,5,0,NULL,0,NULL,NULL,NULL,'2014-05-26 23:12:48','2014-05-26 23:12:48'),
	(2798,27033,'53753b0d-93f8-4988-9d78-7debcbdd56cb',4,5,20,NULL,0,NULL,NULL,NULL,'2014-05-26 23:12:48','2014-05-26 23:12:48'),
	(2799,27033,'537d28aa-2064-48cc-82db-30ddcbdd56cb',3,5,16,NULL,0,NULL,NULL,NULL,'2014-05-26 23:12:48','2014-05-26 23:12:48'),
	(2800,27033,'537d294d-e1ac-4517-890a-30e1cbdd56cb',3,0,0,NULL,0,NULL,NULL,NULL,'2014-05-26 23:12:48','2014-05-26 23:12:48'),
	(2802,27034,'536ff50f-04d4-430f-95d4-4feccbdd56cb',1,4,0,NULL,0,NULL,NULL,NULL,'2014-05-26 23:12:48','2014-05-26 23:12:48'),
	(2803,27034,'536ff50f-21c8-42d7-920b-4feccbdd56cb',5,7,0,NULL,0,NULL,NULL,NULL,'2014-05-26 23:12:48','2014-05-26 23:12:48'),
	(2804,27034,'536ff50f-7c74-42c4-99f9-4feccbdd56cb',3,5,0,NULL,0,NULL,NULL,NULL,'2014-05-26 23:12:48','2014-05-26 23:12:48'),
	(2805,27034,'536ff50f-ad34-4fd1-be3a-4feccbdd56cb',0,5,0,NULL,0,NULL,NULL,NULL,'2014-05-26 23:12:48','2014-05-26 23:12:48'),
	(2806,27034,'536ff50f-b00c-45de-b805-4feccbdd56cb',0,2,0,NULL,0,NULL,NULL,NULL,'2014-05-26 23:12:48','2014-05-26 23:12:48'),
	(2807,27034,'536ff50f-c63c-411a-9ec5-4feccbdd56cb',7,6,20,NULL,0,NULL,NULL,NULL,'2014-05-26 23:12:48','2014-05-26 23:12:48'),
	(2808,27034,'536ff50f-e4dc-4f6b-8b25-4feccbdd56cb',4,2,20,NULL,0,NULL,NULL,NULL,'2014-05-26 23:12:48','2014-05-26 23:12:48'),
	(2809,27034,'536ff50f-e93c-4929-a22c-4feccbdd56cb',7,6,20,NULL,0,NULL,NULL,NULL,'2014-05-26 23:12:48','2014-05-26 23:12:48'),
	(2810,27034,'536ff50f-f618-4420-9335-4feccbdd56cb',4,6,0,NULL,0,NULL,NULL,NULL,'2014-05-26 23:12:48','2014-05-26 23:12:48'),
	(2811,27034,'536ff523-365c-4d93-a5d3-5081cbdd56cb',0,2,0,NULL,0,NULL,NULL,NULL,'2014-05-26 23:12:48','2014-05-26 23:12:48'),
	(2812,27034,'536ff523-7190-45fc-a81f-5081cbdd56cb',6,7,0,NULL,0,NULL,NULL,NULL,'2014-05-26 23:12:48','2014-05-26 23:12:48'),
	(2813,27034,'536ff523-72c0-42d0-942d-5081cbdd56cb',0,2,0,NULL,0,NULL,NULL,NULL,'2014-05-26 23:12:48','2014-05-26 23:12:48'),
	(2814,27034,'536ff523-88a8-49a6-86ff-5081cbdd56cb',4,4,0,NULL,0,NULL,NULL,NULL,'2014-05-26 23:12:48','2014-05-26 23:12:48'),
	(2815,27034,'536ff523-982c-4fa1-9a9e-5081cbdd56cb',0,0,0,NULL,0,NULL,NULL,NULL,'2014-05-26 23:12:48','2014-05-26 23:12:48'),
	(2816,27034,'536ff523-e2c4-48cf-b57b-5081cbdd56cb',4,6,0,NULL,0,NULL,NULL,NULL,'2014-05-26 23:12:48','2014-05-26 23:12:48'),
	(2817,27034,'536ff523-f4cc-4fa9-afb6-5081cbdd56cb',1,6,0,NULL,0,NULL,NULL,NULL,'2014-05-26 23:12:48','2014-05-26 23:12:48'),
	(2818,27034,'536ff525-083c-4cee-bddb-5081cbdd56cb',2,7,0,NULL,0,NULL,NULL,NULL,'2014-05-26 23:12:48','2014-05-26 23:12:48'),
	(2819,27034,'536ff525-170c-491b-bd24-5081cbdd56cb',5,5,0,NULL,0,NULL,NULL,NULL,'2014-05-26 23:12:48','2014-05-26 23:12:48'),
	(2820,27034,'536ff525-605c-410b-ad6e-5081cbdd56cb',4,6,0,NULL,0,NULL,NULL,NULL,'2014-05-26 23:12:48','2014-05-26 23:12:48'),
	(2821,27034,'536ff525-68c0-485f-83fe-5081cbdd56cb',2,5,0,NULL,0,NULL,NULL,NULL,'2014-05-26 23:12:48','2014-05-26 23:12:48'),
	(2822,27034,'536ff525-6ef0-4dfb-9159-5081cbdd56cb',0,1,0,NULL,0,NULL,NULL,NULL,'2014-05-26 23:12:48','2014-05-26 23:12:48'),
	(2823,27034,'536ff525-70c4-4c30-8dac-5081cbdd56cb',3,5,0,NULL,0,NULL,NULL,NULL,'2014-05-26 23:12:48','2014-05-26 23:12:48'),
	(2824,27034,'536ff525-a2dc-4e33-93c4-5081cbdd56cb',4,2,20,NULL,0,NULL,NULL,NULL,'2014-05-26 23:12:48','2014-05-26 23:12:48'),
	(2825,27034,'536ff525-a88c-4b61-8978-5081cbdd56cb',4,1,16,NULL,0,NULL,NULL,NULL,'2014-05-26 23:12:48','2014-05-26 23:12:48'),
	(2826,27034,'536ff525-d8e8-489b-a3fc-5081cbdd56cb',1,4,0,NULL,0,NULL,NULL,NULL,'2014-05-26 23:12:48','2014-05-26 23:12:48'),
	(2827,27034,'536ff525-ee44-45c0-949e-5081cbdd56cb',3,7,0,NULL,0,NULL,NULL,NULL,'2014-05-26 23:12:48','2014-05-26 23:12:48'),
	(2828,27034,'536ff527-1818-4075-9526-5081cbdd56cb',4,4,0,NULL,0,NULL,NULL,NULL,'2014-05-26 23:12:48','2014-05-26 23:12:48'),
	(2829,27034,'536ff527-1ab4-446e-a884-5081cbdd56cb',2,0,17,NULL,0,NULL,NULL,NULL,'2014-05-26 23:12:48','2014-05-26 23:12:48'),
	(2830,27034,'536ff527-51a4-45cb-9eec-5081cbdd56cb',0,2,0,NULL,0,NULL,NULL,NULL,'2014-05-26 23:12:48','2014-05-26 23:12:48'),
	(2831,27034,'536ff527-5b38-4aad-aa6f-5081cbdd56cb',1,5,0,NULL,0,NULL,NULL,NULL,'2014-05-26 23:12:48','2014-05-26 23:12:48'),
	(2832,27034,'536ff527-641c-4e68-bd1d-5081cbdd56cb',1,2,0,NULL,0,NULL,NULL,NULL,'2014-05-26 23:12:48','2014-05-26 23:12:48'),
	(2833,27034,'536ff527-7ba8-404b-9c21-5081cbdd56cb',3,3,0,NULL,0,NULL,NULL,NULL,'2014-05-26 23:12:48','2014-05-26 23:12:48'),
	(2834,27034,'536ff527-9c7c-43c6-90d4-5081cbdd56cb',2,1,22,NULL,0,NULL,NULL,NULL,'2014-05-26 23:12:48','2014-05-26 23:12:48'),
	(2835,27034,'536ff527-a40c-4ada-a090-5081cbdd56cb',0,6,0,NULL,0,NULL,NULL,NULL,'2014-05-26 23:12:48','2014-05-26 23:12:48'),
	(2836,27034,'536ff527-c43c-4a86-b964-5081cbdd56cb',0,3,0,NULL,0,NULL,NULL,NULL,'2014-05-26 23:12:48','2014-05-26 23:12:48'),
	(2837,27034,'5375349d-02cc-4b26-b41f-7d11cbdd56cb',3,1,20,NULL,0,NULL,NULL,NULL,'2014-05-26 23:12:48','2014-05-26 23:12:48'),
	(2838,27034,'53753b0d-93f8-4988-9d78-7debcbdd56cb',4,7,0,NULL,0,NULL,NULL,NULL,'2014-05-26 23:12:48','2014-05-26 23:12:48'),
	(2839,27034,'537d28aa-2064-48cc-82db-30ddcbdd56cb',6,1,12,NULL,0,NULL,NULL,NULL,'2014-05-26 23:12:48','2014-05-26 23:12:48'),
	(2840,27034,'537d294d-e1ac-4517-890a-30e1cbdd56cb',1,2,0,NULL,0,NULL,NULL,NULL,'2014-05-26 23:12:48','2014-05-26 23:12:48'),
	(2842,27035,'536ff50f-04d4-430f-95d4-4feccbdd56cb',7,6,NULL,NULL,0,NULL,NULL,NULL,'2014-05-26 23:12:48','2014-05-26 23:12:48'),
	(2843,27035,'536ff50f-21c8-42d7-920b-4feccbdd56cb',2,3,NULL,NULL,0,NULL,NULL,NULL,'2014-05-26 23:12:48','2014-05-26 23:12:48'),
	(2844,27035,'536ff50f-7c74-42c4-99f9-4feccbdd56cb',2,4,NULL,NULL,0,NULL,NULL,NULL,'2014-05-26 23:12:48','2014-05-26 23:12:48'),
	(2845,27035,'536ff50f-ad34-4fd1-be3a-4feccbdd56cb',4,3,NULL,NULL,0,NULL,NULL,NULL,'2014-05-26 23:12:48','2014-05-26 23:12:48'),
	(2846,27035,'536ff50f-b00c-45de-b805-4feccbdd56cb',7,5,NULL,NULL,0,NULL,NULL,NULL,'2014-05-26 23:12:48','2014-05-26 23:12:48'),
	(2847,27035,'536ff50f-c63c-411a-9ec5-4feccbdd56cb',0,0,NULL,NULL,0,NULL,NULL,NULL,'2014-05-26 23:12:48','2014-05-26 23:12:48'),
	(2848,27035,'536ff50f-e4dc-4f6b-8b25-4feccbdd56cb',0,4,NULL,NULL,0,NULL,NULL,NULL,'2014-05-26 23:12:48','2014-05-26 23:12:48'),
	(2849,27035,'536ff50f-e93c-4929-a22c-4feccbdd56cb',3,3,NULL,NULL,0,NULL,NULL,NULL,'2014-05-26 23:12:48','2014-05-26 23:12:48'),
	(2850,27035,'536ff50f-f618-4420-9335-4feccbdd56cb',6,3,NULL,NULL,0,NULL,NULL,NULL,'2014-05-26 23:12:48','2014-05-26 23:12:48'),
	(2851,27035,'536ff523-365c-4d93-a5d3-5081cbdd56cb',1,6,NULL,NULL,0,NULL,NULL,NULL,'2014-05-26 23:12:48','2014-05-26 23:12:48'),
	(2852,27035,'536ff523-7190-45fc-a81f-5081cbdd56cb',7,5,NULL,NULL,0,NULL,NULL,NULL,'2014-05-26 23:12:48','2014-05-26 23:12:48'),
	(2853,27035,'536ff523-72c0-42d0-942d-5081cbdd56cb',7,3,NULL,NULL,0,NULL,NULL,NULL,'2014-05-26 23:12:48','2014-05-26 23:12:48'),
	(2854,27035,'536ff523-88a8-49a6-86ff-5081cbdd56cb',4,6,NULL,NULL,0,NULL,NULL,NULL,'2014-05-26 23:12:48','2014-05-26 23:12:48'),
	(2855,27035,'536ff523-982c-4fa1-9a9e-5081cbdd56cb',5,6,NULL,NULL,0,NULL,NULL,NULL,'2014-05-26 23:12:48','2014-05-26 23:12:48'),
	(2856,27035,'536ff523-e2c4-48cf-b57b-5081cbdd56cb',1,7,NULL,NULL,0,NULL,NULL,NULL,'2014-05-26 23:12:48','2014-05-26 23:12:48'),
	(2857,27035,'536ff523-f4cc-4fa9-afb6-5081cbdd56cb',0,0,NULL,NULL,0,NULL,NULL,NULL,'2014-05-26 23:12:48','2014-05-26 23:12:48'),
	(2858,27035,'536ff525-083c-4cee-bddb-5081cbdd56cb',5,2,NULL,NULL,0,NULL,NULL,NULL,'2014-05-26 23:12:48','2014-05-26 23:12:48'),
	(2859,27035,'536ff525-170c-491b-bd24-5081cbdd56cb',4,7,NULL,NULL,0,NULL,NULL,NULL,'2014-05-26 23:12:48','2014-05-26 23:12:48'),
	(2860,27035,'536ff525-605c-410b-ad6e-5081cbdd56cb',7,1,NULL,NULL,0,NULL,NULL,NULL,'2014-05-26 23:12:48','2014-05-26 23:12:48'),
	(2861,27035,'536ff525-68c0-485f-83fe-5081cbdd56cb',3,6,NULL,NULL,0,NULL,NULL,NULL,'2014-05-26 23:12:48','2014-05-26 23:12:48'),
	(2862,27035,'536ff525-6ef0-4dfb-9159-5081cbdd56cb',7,3,NULL,NULL,0,NULL,NULL,NULL,'2014-05-26 23:12:48','2014-05-26 23:12:48'),
	(2863,27035,'536ff525-70c4-4c30-8dac-5081cbdd56cb',6,7,NULL,NULL,0,NULL,NULL,NULL,'2014-05-26 23:12:48','2014-05-26 23:12:48'),
	(2864,27035,'536ff525-a2dc-4e33-93c4-5081cbdd56cb',0,1,NULL,NULL,0,NULL,NULL,NULL,'2014-05-26 23:12:48','2014-05-26 23:12:48'),
	(2865,27035,'536ff525-a88c-4b61-8978-5081cbdd56cb',2,6,NULL,NULL,0,NULL,NULL,NULL,'2014-05-26 23:12:48','2014-05-26 23:12:48'),
	(2866,27035,'536ff525-d8e8-489b-a3fc-5081cbdd56cb',5,4,NULL,NULL,0,NULL,NULL,NULL,'2014-05-26 23:12:48','2014-05-26 23:12:48'),
	(2867,27035,'536ff525-ee44-45c0-949e-5081cbdd56cb',5,4,NULL,NULL,0,NULL,NULL,NULL,'2014-05-26 23:12:48','2014-05-26 23:12:48'),
	(2868,27035,'536ff527-1818-4075-9526-5081cbdd56cb',2,4,NULL,NULL,0,NULL,NULL,NULL,'2014-05-26 23:12:48','2014-05-26 23:12:48'),
	(2869,27035,'536ff527-1ab4-446e-a884-5081cbdd56cb',0,6,NULL,NULL,0,NULL,NULL,NULL,'2014-05-26 23:12:48','2014-05-26 23:12:48'),
	(2870,27035,'536ff527-51a4-45cb-9eec-5081cbdd56cb',3,5,NULL,NULL,0,NULL,NULL,NULL,'2014-05-26 23:12:48','2014-05-26 23:12:48'),
	(2871,27035,'536ff527-5b38-4aad-aa6f-5081cbdd56cb',4,4,NULL,NULL,0,NULL,NULL,NULL,'2014-05-26 23:12:48','2014-05-26 23:12:48'),
	(2872,27035,'536ff527-641c-4e68-bd1d-5081cbdd56cb',5,5,NULL,NULL,0,NULL,NULL,NULL,'2014-05-26 23:12:48','2014-05-26 23:12:48'),
	(2873,27035,'536ff527-7ba8-404b-9c21-5081cbdd56cb',5,2,NULL,NULL,0,NULL,NULL,NULL,'2014-05-26 23:12:48','2014-05-26 23:12:48'),
	(2874,27035,'536ff527-9c7c-43c6-90d4-5081cbdd56cb',0,1,NULL,NULL,0,NULL,NULL,NULL,'2014-05-26 23:12:48','2014-05-26 23:12:48'),
	(2875,27035,'536ff527-a40c-4ada-a090-5081cbdd56cb',1,7,NULL,NULL,0,NULL,NULL,NULL,'2014-05-26 23:12:48','2014-05-26 23:12:48'),
	(2876,27035,'536ff527-c43c-4a86-b964-5081cbdd56cb',3,4,NULL,NULL,0,NULL,NULL,NULL,'2014-05-26 23:12:48','2014-05-26 23:12:48'),
	(2877,27035,'5375349d-02cc-4b26-b41f-7d11cbdd56cb',6,2,NULL,NULL,0,NULL,NULL,NULL,'2014-05-26 23:12:48','2014-05-26 23:12:48'),
	(2878,27035,'53753b0d-93f8-4988-9d78-7debcbdd56cb',0,4,NULL,NULL,0,NULL,NULL,NULL,'2014-05-26 23:12:48','2014-05-26 23:12:48'),
	(2879,27035,'537d28aa-2064-48cc-82db-30ddcbdd56cb',2,1,NULL,NULL,0,NULL,NULL,NULL,'2014-05-26 23:12:48','2014-05-26 23:12:48'),
	(2880,27035,'537d294d-e1ac-4517-890a-30e1cbdd56cb',6,4,NULL,NULL,0,NULL,NULL,NULL,'2014-05-26 23:12:48','2014-05-26 23:12:48'),
	(2882,27036,'536ff50f-04d4-430f-95d4-4feccbdd56cb',1,5,16,NULL,0,NULL,NULL,NULL,'2014-05-26 23:12:48','2014-05-26 23:12:48'),
	(2883,27036,'536ff50f-21c8-42d7-920b-4feccbdd56cb',1,3,22,NULL,0,NULL,NULL,NULL,'2014-05-26 23:12:48','2014-05-26 23:12:48'),
	(2884,27036,'536ff50f-7c74-42c4-99f9-4feccbdd56cb',2,2,0,NULL,0,NULL,NULL,NULL,'2014-05-26 23:12:48','2014-05-26 23:12:48'),
	(2885,27036,'536ff50f-ad34-4fd1-be3a-4feccbdd56cb',2,5,20,NULL,0,NULL,NULL,NULL,'2014-05-26 23:12:48','2014-05-26 23:12:48'),
	(2886,27036,'536ff50f-b00c-45de-b805-4feccbdd56cb',0,7,12,NULL,0,NULL,NULL,NULL,'2014-05-26 23:12:48','2014-05-26 23:12:48'),
	(2887,27036,'536ff50f-c63c-411a-9ec5-4feccbdd56cb',2,5,20,NULL,0,NULL,NULL,NULL,'2014-05-26 23:12:48','2014-05-26 23:12:48'),
	(2888,27036,'536ff50f-e4dc-4f6b-8b25-4feccbdd56cb',5,7,20,NULL,0,NULL,NULL,NULL,'2014-05-26 23:12:48','2014-05-26 23:12:48'),
	(2889,27036,'536ff50f-e93c-4929-a22c-4feccbdd56cb',7,5,0,NULL,0,NULL,NULL,NULL,'2014-05-26 23:12:48','2014-05-26 23:12:48'),
	(2890,27036,'536ff50f-f618-4420-9335-4feccbdd56cb',1,1,0,NULL,0,NULL,NULL,NULL,'2014-05-26 23:12:48','2014-05-26 23:12:48'),
	(2891,27036,'536ff523-365c-4d93-a5d3-5081cbdd56cb',5,4,0,NULL,0,NULL,NULL,NULL,'2014-05-26 23:12:48','2014-05-26 23:12:48'),
	(2892,27036,'536ff523-7190-45fc-a81f-5081cbdd56cb',6,3,0,NULL,0,NULL,NULL,NULL,'2014-05-26 23:12:48','2014-05-26 23:12:48'),
	(2893,27036,'536ff523-72c0-42d0-942d-5081cbdd56cb',6,7,16,NULL,0,NULL,NULL,NULL,'2014-05-26 23:12:48','2014-05-26 23:12:48'),
	(2894,27036,'536ff523-88a8-49a6-86ff-5081cbdd56cb',0,0,0,NULL,0,NULL,NULL,NULL,'2014-05-26 23:12:48','2014-05-26 23:12:48'),
	(2895,27036,'536ff523-982c-4fa1-9a9e-5081cbdd56cb',0,7,12,NULL,0,NULL,NULL,NULL,'2014-05-26 23:12:48','2014-05-26 23:12:48'),
	(2896,27036,'536ff523-e2c4-48cf-b57b-5081cbdd56cb',5,0,0,NULL,0,NULL,NULL,NULL,'2014-05-26 23:12:48','2014-05-26 23:12:48'),
	(2897,27036,'536ff523-f4cc-4fa9-afb6-5081cbdd56cb',3,7,14,NULL,0,NULL,NULL,NULL,'2014-05-26 23:12:48','2014-05-26 23:12:48'),
	(2898,27036,'536ff525-083c-4cee-bddb-5081cbdd56cb',6,5,0,NULL,0,NULL,NULL,NULL,'2014-05-26 23:12:48','2014-05-26 23:12:48'),
	(2899,27036,'536ff525-170c-491b-bd24-5081cbdd56cb',3,1,0,NULL,0,NULL,NULL,NULL,'2014-05-26 23:12:48','2014-05-26 23:12:48'),
	(2900,27036,'536ff525-605c-410b-ad6e-5081cbdd56cb',7,5,0,NULL,0,NULL,NULL,NULL,'2014-05-26 23:12:48','2014-05-26 23:12:48'),
	(2901,27036,'536ff525-68c0-485f-83fe-5081cbdd56cb',7,7,0,NULL,0,NULL,NULL,NULL,'2014-05-26 23:12:48','2014-05-26 23:12:48'),
	(2902,27036,'536ff525-6ef0-4dfb-9159-5081cbdd56cb',5,1,0,NULL,0,NULL,NULL,NULL,'2014-05-26 23:12:48','2014-05-26 23:12:48'),
	(2903,27036,'536ff525-70c4-4c30-8dac-5081cbdd56cb',5,2,0,NULL,0,NULL,NULL,NULL,'2014-05-26 23:12:48','2014-05-26 23:12:48'),
	(2904,27036,'536ff525-a2dc-4e33-93c4-5081cbdd56cb',1,4,20,NULL,0,NULL,NULL,NULL,'2014-05-26 23:12:48','2014-05-26 23:12:48'),
	(2905,27036,'536ff525-a88c-4b61-8978-5081cbdd56cb',0,2,20,NULL,0,NULL,NULL,NULL,'2014-05-26 23:12:48','2014-05-26 23:12:48'),
	(2906,27036,'536ff525-d8e8-489b-a3fc-5081cbdd56cb',6,6,0,NULL,0,NULL,NULL,NULL,'2014-05-26 23:12:48','2014-05-26 23:12:48'),
	(2907,27036,'536ff525-ee44-45c0-949e-5081cbdd56cb',7,4,0,NULL,0,NULL,NULL,NULL,'2014-05-26 23:12:48','2014-05-26 23:12:48'),
	(2908,27036,'536ff527-1818-4075-9526-5081cbdd56cb',2,6,16,NULL,0,NULL,NULL,NULL,'2014-05-26 23:12:48','2014-05-26 23:12:48'),
	(2909,27036,'536ff527-1ab4-446e-a884-5081cbdd56cb',3,2,0,NULL,0,NULL,NULL,NULL,'2014-05-26 23:12:48','2014-05-26 23:12:48'),
	(2910,27036,'536ff527-51a4-45cb-9eec-5081cbdd56cb',7,3,0,NULL,0,NULL,NULL,NULL,'2014-05-26 23:12:48','2014-05-26 23:12:48'),
	(2911,27036,'536ff527-5b38-4aad-aa6f-5081cbdd56cb',1,5,16,NULL,0,NULL,NULL,NULL,'2014-05-26 23:12:48','2014-05-26 23:12:48'),
	(2912,27036,'536ff527-641c-4e68-bd1d-5081cbdd56cb',4,5,17,NULL,0,NULL,NULL,NULL,'2014-05-26 23:12:48','2014-05-26 23:12:48'),
	(2913,27036,'536ff527-7ba8-404b-9c21-5081cbdd56cb',4,3,0,NULL,0,NULL,NULL,NULL,'2014-05-26 23:12:48','2014-05-26 23:12:48'),
	(2914,27036,'536ff527-9c7c-43c6-90d4-5081cbdd56cb',2,7,14,NULL,0,NULL,NULL,NULL,'2014-05-26 23:12:48','2014-05-26 23:12:48'),
	(2915,27036,'536ff527-a40c-4ada-a090-5081cbdd56cb',4,2,0,NULL,0,NULL,NULL,NULL,'2014-05-26 23:12:48','2014-05-26 23:12:48'),
	(2916,27036,'536ff527-c43c-4a86-b964-5081cbdd56cb',5,3,0,NULL,0,NULL,NULL,NULL,'2014-05-26 23:12:48','2014-05-26 23:12:48'),
	(2917,27036,'5375349d-02cc-4b26-b41f-7d11cbdd56cb',2,2,0,NULL,0,NULL,NULL,NULL,'2014-05-26 23:12:48','2014-05-26 23:12:48'),
	(2918,27036,'53753b0d-93f8-4988-9d78-7debcbdd56cb',5,7,20,NULL,0,NULL,NULL,NULL,'2014-05-26 23:12:48','2014-05-26 23:12:48'),
	(2919,27036,'537d28aa-2064-48cc-82db-30ddcbdd56cb',5,6,16,NULL,0,NULL,NULL,NULL,'2014-05-26 23:12:48','2014-05-26 23:12:48'),
	(2920,27036,'537d294d-e1ac-4517-890a-30e1cbdd56cb',4,5,17,NULL,0,NULL,NULL,NULL,'2014-05-26 23:12:48','2014-05-26 23:12:48'),
	(2922,27037,'536ff50f-04d4-430f-95d4-4feccbdd56cb',4,0,16,NULL,0,NULL,NULL,NULL,'2014-05-26 23:12:48','2014-05-26 23:12:48'),
	(2923,27037,'536ff50f-21c8-42d7-920b-4feccbdd56cb',6,6,0,NULL,0,NULL,NULL,NULL,'2014-05-26 23:12:48','2014-05-26 23:12:48'),
	(2924,27037,'536ff50f-7c74-42c4-99f9-4feccbdd56cb',7,2,13,NULL,0,NULL,NULL,NULL,'2014-05-26 23:12:48','2014-05-26 23:12:48'),
	(2925,27037,'536ff50f-ad34-4fd1-be3a-4feccbdd56cb',1,6,0,NULL,0,NULL,NULL,NULL,'2014-05-26 23:12:48','2014-05-26 23:12:48'),
	(2926,27037,'536ff50f-b00c-45de-b805-4feccbdd56cb',5,2,17,NULL,0,NULL,NULL,NULL,'2014-05-26 23:12:48','2014-05-26 23:12:48'),
	(2927,27037,'536ff50f-c63c-411a-9ec5-4feccbdd56cb',3,2,20,NULL,0,NULL,NULL,NULL,'2014-05-26 23:12:48','2014-05-26 23:12:48'),
	(2928,27037,'536ff50f-e4dc-4f6b-8b25-4feccbdd56cb',0,7,0,NULL,0,NULL,NULL,NULL,'2014-05-26 23:12:48','2014-05-26 23:12:48'),
	(2929,27037,'536ff50f-e93c-4929-a22c-4feccbdd56cb',6,2,14,NULL,0,NULL,NULL,NULL,'2014-05-26 23:12:48','2014-05-26 23:12:48'),
	(2930,27037,'536ff50f-f618-4420-9335-4feccbdd56cb',7,2,13,NULL,0,NULL,NULL,NULL,'2014-05-26 23:12:48','2014-05-26 23:12:48'),
	(2931,27037,'536ff523-365c-4d93-a5d3-5081cbdd56cb',4,4,0,NULL,0,NULL,NULL,NULL,'2014-05-26 23:12:48','2014-05-26 23:12:48'),
	(2932,27037,'536ff523-7190-45fc-a81f-5081cbdd56cb',6,6,0,NULL,0,NULL,NULL,NULL,'2014-05-26 23:12:48','2014-05-26 23:12:48'),
	(2933,27037,'536ff523-72c0-42d0-942d-5081cbdd56cb',7,3,14,NULL,0,NULL,NULL,NULL,'2014-05-26 23:12:48','2014-05-26 23:12:48'),
	(2934,27037,'536ff523-88a8-49a6-86ff-5081cbdd56cb',6,4,20,NULL,0,NULL,NULL,NULL,'2014-05-26 23:12:48','2014-05-26 23:12:48'),
	(2935,27037,'536ff523-982c-4fa1-9a9e-5081cbdd56cb',2,2,0,NULL,0,NULL,NULL,NULL,'2014-05-26 23:12:48','2014-05-26 23:12:48'),
	(2936,27037,'536ff523-e2c4-48cf-b57b-5081cbdd56cb',2,3,0,NULL,0,NULL,NULL,NULL,'2014-05-26 23:12:48','2014-05-26 23:12:48'),
	(2937,27037,'536ff523-f4cc-4fa9-afb6-5081cbdd56cb',4,7,0,NULL,0,NULL,NULL,NULL,'2014-05-26 23:12:48','2014-05-26 23:12:48'),
	(2938,27037,'536ff525-083c-4cee-bddb-5081cbdd56cb',4,3,17,NULL,0,NULL,NULL,NULL,'2014-05-26 23:12:48','2014-05-26 23:12:48'),
	(2939,27037,'536ff525-170c-491b-bd24-5081cbdd56cb',5,3,20,NULL,0,NULL,NULL,NULL,'2014-05-26 23:12:48','2014-05-26 23:12:48'),
	(2940,27037,'536ff525-605c-410b-ad6e-5081cbdd56cb',5,6,0,NULL,0,NULL,NULL,NULL,'2014-05-26 23:12:48','2014-05-26 23:12:48'),
	(2941,27037,'536ff525-68c0-485f-83fe-5081cbdd56cb',1,3,0,NULL,0,NULL,NULL,NULL,'2014-05-26 23:12:48','2014-05-26 23:12:48'),
	(2942,27037,'536ff525-6ef0-4dfb-9159-5081cbdd56cb',1,4,0,NULL,0,NULL,NULL,NULL,'2014-05-26 23:12:48','2014-05-26 23:12:48'),
	(2943,27037,'536ff525-70c4-4c30-8dac-5081cbdd56cb',5,1,16,NULL,0,NULL,NULL,NULL,'2014-05-26 23:12:48','2014-05-26 23:12:48'),
	(2944,27037,'536ff525-a2dc-4e33-93c4-5081cbdd56cb',4,4,0,NULL,0,NULL,NULL,NULL,'2014-05-26 23:12:48','2014-05-26 23:12:48'),
	(2945,27037,'536ff525-a88c-4b61-8978-5081cbdd56cb',4,4,0,NULL,0,NULL,NULL,NULL,'2014-05-26 23:12:48','2014-05-26 23:12:48'),
	(2946,27037,'536ff525-d8e8-489b-a3fc-5081cbdd56cb',6,1,14,NULL,0,NULL,NULL,NULL,'2014-05-26 23:12:48','2014-05-26 23:12:48'),
	(2947,27037,'536ff525-ee44-45c0-949e-5081cbdd56cb',0,5,0,NULL,0,NULL,NULL,NULL,'2014-05-26 23:12:48','2014-05-26 23:12:48'),
	(2948,27037,'536ff527-1818-4075-9526-5081cbdd56cb',0,0,0,NULL,0,NULL,NULL,NULL,'2014-05-26 23:12:48','2014-05-26 23:12:48'),
	(2949,27037,'536ff527-1ab4-446e-a884-5081cbdd56cb',1,6,0,NULL,0,NULL,NULL,NULL,'2014-05-26 23:12:48','2014-05-26 23:12:48'),
	(2950,27037,'536ff527-51a4-45cb-9eec-5081cbdd56cb',5,3,20,NULL,0,NULL,NULL,NULL,'2014-05-26 23:12:48','2014-05-26 23:12:48'),
	(2951,27037,'536ff527-5b38-4aad-aa6f-5081cbdd56cb',1,7,0,NULL,0,NULL,NULL,NULL,'2014-05-26 23:12:48','2014-05-26 23:12:48'),
	(2952,27037,'536ff527-641c-4e68-bd1d-5081cbdd56cb',7,5,20,NULL,0,NULL,NULL,NULL,'2014-05-26 23:12:48','2014-05-26 23:12:48'),
	(2953,27037,'536ff527-7ba8-404b-9c21-5081cbdd56cb',6,3,16,NULL,0,NULL,NULL,NULL,'2014-05-26 23:12:48','2014-05-26 23:12:48'),
	(2954,27037,'536ff527-9c7c-43c6-90d4-5081cbdd56cb',1,4,0,NULL,0,NULL,NULL,NULL,'2014-05-26 23:12:48','2014-05-26 23:12:48'),
	(2955,27037,'536ff527-a40c-4ada-a090-5081cbdd56cb',6,6,0,NULL,0,NULL,NULL,NULL,'2014-05-26 23:12:48','2014-05-26 23:12:48'),
	(2956,27037,'536ff527-c43c-4a86-b964-5081cbdd56cb',3,0,20,NULL,0,NULL,NULL,NULL,'2014-05-26 23:12:48','2014-05-26 23:12:48'),
	(2957,27037,'5375349d-02cc-4b26-b41f-7d11cbdd56cb',1,4,0,NULL,0,NULL,NULL,NULL,'2014-05-26 23:12:48','2014-05-26 23:12:48'),
	(2958,27037,'53753b0d-93f8-4988-9d78-7debcbdd56cb',5,7,0,NULL,0,NULL,NULL,NULL,'2014-05-26 23:12:48','2014-05-26 23:12:48'),
	(2959,27037,'537d28aa-2064-48cc-82db-30ddcbdd56cb',6,1,14,NULL,0,NULL,NULL,NULL,'2014-05-26 23:12:48','2014-05-26 23:12:48'),
	(2960,27037,'537d294d-e1ac-4517-890a-30e1cbdd56cb',3,3,0,NULL,0,NULL,NULL,NULL,'2014-05-26 23:12:48','2014-05-26 23:12:48'),
	(2962,27038,'536ff50f-04d4-430f-95d4-4feccbdd56cb',4,6,17,NULL,0,NULL,NULL,NULL,'2014-05-26 23:12:48','2014-05-26 23:12:48'),
	(2963,27038,'536ff50f-21c8-42d7-920b-4feccbdd56cb',7,5,0,NULL,0,NULL,NULL,NULL,'2014-05-26 23:12:48','2014-05-26 23:12:48'),
	(2964,27038,'536ff50f-7c74-42c4-99f9-4feccbdd56cb',7,1,0,NULL,0,NULL,NULL,NULL,'2014-05-26 23:12:48','2014-05-26 23:12:48'),
	(2965,27038,'536ff50f-ad34-4fd1-be3a-4feccbdd56cb',3,4,16,NULL,0,NULL,NULL,NULL,'2014-05-26 23:12:48','2014-05-26 23:12:48'),
	(2966,27038,'536ff50f-b00c-45de-b805-4feccbdd56cb',4,5,16,NULL,0,NULL,NULL,NULL,'2014-05-26 23:12:48','2014-05-26 23:12:48'),
	(2967,27038,'536ff50f-c63c-411a-9ec5-4feccbdd56cb',3,3,0,NULL,0,NULL,NULL,NULL,'2014-05-26 23:12:48','2014-05-26 23:12:48'),
	(2968,27038,'536ff50f-e4dc-4f6b-8b25-4feccbdd56cb',3,2,0,NULL,0,NULL,NULL,NULL,'2014-05-26 23:12:48','2014-05-26 23:12:48'),
	(2969,27038,'536ff50f-e93c-4929-a22c-4feccbdd56cb',7,4,0,NULL,0,NULL,NULL,NULL,'2014-05-26 23:12:48','2014-05-26 23:12:48'),
	(2970,27038,'536ff50f-f618-4420-9335-4feccbdd56cb',7,6,0,NULL,0,NULL,NULL,NULL,'2014-05-26 23:12:48','2014-05-26 23:12:48'),
	(2971,27038,'536ff523-365c-4d93-a5d3-5081cbdd56cb',2,2,0,NULL,0,NULL,NULL,NULL,'2014-05-26 23:12:48','2014-05-26 23:12:48'),
	(2972,27038,'536ff523-7190-45fc-a81f-5081cbdd56cb',6,4,0,NULL,0,NULL,NULL,NULL,'2014-05-26 23:12:48','2014-05-26 23:12:48'),
	(2973,27038,'536ff523-72c0-42d0-942d-5081cbdd56cb',6,3,0,NULL,0,NULL,NULL,NULL,'2014-05-26 23:12:48','2014-05-26 23:12:48'),
	(2974,27038,'536ff523-88a8-49a6-86ff-5081cbdd56cb',4,5,16,NULL,0,NULL,NULL,NULL,'2014-05-26 23:12:48','2014-05-26 23:12:48'),
	(2975,27038,'536ff523-982c-4fa1-9a9e-5081cbdd56cb',5,0,0,NULL,0,NULL,NULL,NULL,'2014-05-26 23:12:48','2014-05-26 23:12:48'),
	(2976,27038,'536ff523-e2c4-48cf-b57b-5081cbdd56cb',0,3,20,NULL,0,NULL,NULL,NULL,'2014-05-26 23:12:48','2014-05-26 23:12:48'),
	(2977,27038,'536ff523-f4cc-4fa9-afb6-5081cbdd56cb',2,5,30,NULL,0,NULL,NULL,NULL,'2014-05-26 23:12:48','2014-05-26 23:12:48'),
	(2978,27038,'536ff525-083c-4cee-bddb-5081cbdd56cb',2,2,0,NULL,0,NULL,NULL,NULL,'2014-05-26 23:12:48','2014-05-26 23:12:48'),
	(2979,27038,'536ff525-170c-491b-bd24-5081cbdd56cb',2,1,0,NULL,0,NULL,NULL,NULL,'2014-05-26 23:12:48','2014-05-26 23:12:48'),
	(2980,27038,'536ff525-605c-410b-ad6e-5081cbdd56cb',4,6,17,NULL,0,NULL,NULL,NULL,'2014-05-26 23:12:48','2014-05-26 23:12:48'),
	(2981,27038,'536ff525-68c0-485f-83fe-5081cbdd56cb',5,0,0,NULL,0,NULL,NULL,NULL,'2014-05-26 23:12:48','2014-05-26 23:12:48'),
	(2982,27038,'536ff525-6ef0-4dfb-9159-5081cbdd56cb',3,1,0,NULL,0,NULL,NULL,NULL,'2014-05-26 23:12:48','2014-05-26 23:12:48'),
	(2983,27038,'536ff525-70c4-4c30-8dac-5081cbdd56cb',4,6,17,NULL,0,NULL,NULL,NULL,'2014-05-26 23:12:48','2014-05-26 23:12:48'),
	(2984,27038,'536ff525-a2dc-4e33-93c4-5081cbdd56cb',4,4,0,NULL,0,NULL,NULL,NULL,'2014-05-26 23:12:48','2014-05-26 23:12:48'),
	(2985,27038,'536ff525-a88c-4b61-8978-5081cbdd56cb',2,3,16,NULL,0,NULL,NULL,NULL,'2014-05-26 23:12:48','2014-05-26 23:12:48'),
	(2986,27038,'536ff525-d8e8-489b-a3fc-5081cbdd56cb',2,5,30,NULL,0,NULL,NULL,NULL,'2014-05-26 23:12:48','2014-05-26 23:12:48'),
	(2987,27038,'536ff525-ee44-45c0-949e-5081cbdd56cb',5,0,0,NULL,0,NULL,NULL,NULL,'2014-05-26 23:12:48','2014-05-26 23:12:48'),
	(2988,27038,'536ff527-1818-4075-9526-5081cbdd56cb',2,4,20,NULL,0,NULL,NULL,NULL,'2014-05-26 23:12:48','2014-05-26 23:12:48'),
	(2989,27038,'536ff527-1ab4-446e-a884-5081cbdd56cb',4,6,17,NULL,0,NULL,NULL,NULL,'2014-05-26 23:12:48','2014-05-26 23:12:48'),
	(2990,27038,'536ff527-51a4-45cb-9eec-5081cbdd56cb',2,1,0,NULL,0,NULL,NULL,NULL,'2014-05-26 23:12:48','2014-05-26 23:12:48'),
	(2991,27038,'536ff527-5b38-4aad-aa6f-5081cbdd56cb',7,2,0,NULL,0,NULL,NULL,NULL,'2014-05-26 23:12:48','2014-05-26 23:12:48'),
	(2992,27038,'536ff527-641c-4e68-bd1d-5081cbdd56cb',5,2,0,NULL,0,NULL,NULL,NULL,'2014-05-26 23:12:48','2014-05-26 23:12:48'),
	(2993,27038,'536ff527-7ba8-404b-9c21-5081cbdd56cb',7,7,0,NULL,0,NULL,NULL,NULL,'2014-05-26 23:12:48','2014-05-26 23:12:48'),
	(2994,27038,'536ff527-9c7c-43c6-90d4-5081cbdd56cb',5,2,0,NULL,0,NULL,NULL,NULL,'2014-05-26 23:12:48','2014-05-26 23:12:48'),
	(2995,27038,'536ff527-a40c-4ada-a090-5081cbdd56cb',1,1,0,NULL,0,NULL,NULL,NULL,'2014-05-26 23:12:48','2014-05-26 23:12:48'),
	(2996,27038,'536ff527-c43c-4a86-b964-5081cbdd56cb',0,7,12,NULL,0,NULL,NULL,NULL,'2014-05-26 23:12:48','2014-05-26 23:12:48'),
	(2997,27038,'5375349d-02cc-4b26-b41f-7d11cbdd56cb',2,3,16,NULL,0,NULL,NULL,NULL,'2014-05-26 23:12:48','2014-05-26 23:12:48'),
	(2998,27038,'53753b0d-93f8-4988-9d78-7debcbdd56cb',0,7,12,NULL,0,NULL,NULL,NULL,'2014-05-26 23:12:48','2014-05-26 23:12:48'),
	(2999,27038,'537d28aa-2064-48cc-82db-30ddcbdd56cb',1,5,20,NULL,0,NULL,NULL,NULL,'2014-05-26 23:12:48','2014-05-26 23:12:48'),
	(3000,27038,'537d294d-e1ac-4517-890a-30e1cbdd56cb',3,4,16,NULL,0,NULL,NULL,NULL,'2014-05-26 23:12:48','2014-05-26 23:12:48'),
	(3002,27039,'536ff50f-04d4-430f-95d4-4feccbdd56cb',2,7,0,NULL,0,NULL,NULL,NULL,'2014-05-26 23:12:48','2014-05-26 23:12:48'),
	(3003,27039,'536ff50f-21c8-42d7-920b-4feccbdd56cb',6,4,16,NULL,0,NULL,NULL,NULL,'2014-05-26 23:12:48','2014-05-26 23:12:48'),
	(3004,27039,'536ff50f-7c74-42c4-99f9-4feccbdd56cb',3,2,22,NULL,0,NULL,NULL,NULL,'2014-05-26 23:12:48','2014-05-26 23:12:48'),
	(3005,27039,'536ff50f-ad34-4fd1-be3a-4feccbdd56cb',3,6,0,NULL,0,NULL,NULL,NULL,'2014-05-26 23:12:48','2014-05-26 23:12:48'),
	(3006,27039,'536ff50f-b00c-45de-b805-4feccbdd56cb',4,2,17,NULL,0,NULL,NULL,NULL,'2014-05-26 23:12:48','2014-05-26 23:12:48'),
	(3007,27039,'536ff50f-c63c-411a-9ec5-4feccbdd56cb',0,2,0,NULL,0,NULL,NULL,NULL,'2014-05-26 23:12:48','2014-05-26 23:12:48'),
	(3008,27039,'536ff50f-e4dc-4f6b-8b25-4feccbdd56cb',4,0,14,NULL,0,NULL,NULL,NULL,'2014-05-26 23:12:48','2014-05-26 23:12:48'),
	(3009,27039,'536ff50f-e93c-4929-a22c-4feccbdd56cb',1,1,0,NULL,0,NULL,NULL,NULL,'2014-05-26 23:12:48','2014-05-26 23:12:48'),
	(3010,27039,'536ff50f-f618-4420-9335-4feccbdd56cb',2,3,0,NULL,0,NULL,NULL,NULL,'2014-05-26 23:12:48','2014-05-26 23:12:48'),
	(3011,27039,'536ff523-365c-4d93-a5d3-5081cbdd56cb',2,2,0,NULL,0,NULL,NULL,NULL,'2014-05-26 23:12:48','2014-05-26 23:12:48'),
	(3012,27039,'536ff523-7190-45fc-a81f-5081cbdd56cb',2,4,0,NULL,0,NULL,NULL,NULL,'2014-05-26 23:12:48','2014-05-26 23:12:48'),
	(3013,27039,'536ff523-72c0-42d0-942d-5081cbdd56cb',6,3,14,NULL,0,NULL,NULL,NULL,'2014-05-26 23:12:48','2014-05-26 23:12:48'),
	(3014,27039,'536ff523-88a8-49a6-86ff-5081cbdd56cb',3,0,16,NULL,0,NULL,NULL,NULL,'2014-05-26 23:12:48','2014-05-26 23:12:48'),
	(3015,27039,'536ff523-982c-4fa1-9a9e-5081cbdd56cb',0,7,0,NULL,0,NULL,NULL,NULL,'2014-05-26 23:12:48','2014-05-26 23:12:48'),
	(3016,27039,'536ff523-e2c4-48cf-b57b-5081cbdd56cb',4,1,16,NULL,0,NULL,NULL,NULL,'2014-05-26 23:12:48','2014-05-26 23:12:48'),
	(3017,27039,'536ff523-f4cc-4fa9-afb6-5081cbdd56cb',4,6,0,NULL,0,NULL,NULL,NULL,'2014-05-26 23:12:48','2014-05-26 23:12:48'),
	(3018,27039,'536ff525-083c-4cee-bddb-5081cbdd56cb',0,3,0,NULL,0,NULL,NULL,NULL,'2014-05-26 23:12:48','2014-05-26 23:12:48'),
	(3019,27039,'536ff525-170c-491b-bd24-5081cbdd56cb',2,4,0,NULL,0,NULL,NULL,NULL,'2014-05-26 23:12:48','2014-05-26 23:12:48'),
	(3020,27039,'536ff525-605c-410b-ad6e-5081cbdd56cb',6,6,0,NULL,0,NULL,NULL,NULL,'2014-05-26 23:12:48','2014-05-26 23:12:48'),
	(3021,27039,'536ff525-68c0-485f-83fe-5081cbdd56cb',2,2,0,NULL,0,NULL,NULL,NULL,'2014-05-26 23:12:48','2014-05-26 23:12:48'),
	(3022,27039,'536ff525-6ef0-4dfb-9159-5081cbdd56cb',0,3,0,NULL,0,NULL,NULL,NULL,'2014-05-26 23:12:48','2014-05-26 23:12:48'),
	(3023,27039,'536ff525-70c4-4c30-8dac-5081cbdd56cb',4,4,0,NULL,0,NULL,NULL,NULL,'2014-05-26 23:12:48','2014-05-26 23:12:48'),
	(3024,27039,'536ff525-a2dc-4e33-93c4-5081cbdd56cb',4,6,0,NULL,0,NULL,NULL,NULL,'2014-05-26 23:12:48','2014-05-26 23:12:48'),
	(3025,27039,'536ff525-a88c-4b61-8978-5081cbdd56cb',6,6,0,NULL,0,NULL,NULL,NULL,'2014-05-26 23:12:48','2014-05-26 23:12:48'),
	(3026,27039,'536ff525-d8e8-489b-a3fc-5081cbdd56cb',1,1,0,NULL,0,NULL,NULL,NULL,'2014-05-26 23:12:48','2014-05-26 23:12:48'),
	(3027,27039,'536ff525-ee44-45c0-949e-5081cbdd56cb',1,3,0,NULL,0,NULL,NULL,NULL,'2014-05-26 23:12:48','2014-05-26 23:12:48'),
	(3028,27039,'536ff527-1818-4075-9526-5081cbdd56cb',6,7,0,NULL,0,NULL,NULL,NULL,'2014-05-26 23:12:48','2014-05-26 23:12:48'),
	(3029,27039,'536ff527-1ab4-446e-a884-5081cbdd56cb',7,2,12,NULL,0,NULL,NULL,NULL,'2014-05-26 23:12:48','2014-05-26 23:12:48'),
	(3030,27039,'536ff527-51a4-45cb-9eec-5081cbdd56cb',7,7,0,NULL,0,NULL,NULL,NULL,'2014-05-26 23:12:48','2014-05-26 23:12:48'),
	(3031,27039,'536ff527-5b38-4aad-aa6f-5081cbdd56cb',1,4,0,NULL,0,NULL,NULL,NULL,'2014-05-26 23:12:48','2014-05-26 23:12:48'),
	(3032,27039,'536ff527-641c-4e68-bd1d-5081cbdd56cb',1,6,0,NULL,0,NULL,NULL,NULL,'2014-05-26 23:12:48','2014-05-26 23:12:48'),
	(3033,27039,'536ff527-7ba8-404b-9c21-5081cbdd56cb',3,2,22,NULL,0,NULL,NULL,NULL,'2014-05-26 23:12:48','2014-05-26 23:12:48'),
	(3034,27039,'536ff527-9c7c-43c6-90d4-5081cbdd56cb',1,6,0,NULL,0,NULL,NULL,NULL,'2014-05-26 23:12:48','2014-05-26 23:12:48'),
	(3035,27039,'536ff527-a40c-4ada-a090-5081cbdd56cb',7,7,0,NULL,0,NULL,NULL,NULL,'2014-05-26 23:12:48','2014-05-26 23:12:48'),
	(3036,27039,'536ff527-c43c-4a86-b964-5081cbdd56cb',4,2,17,NULL,0,NULL,NULL,NULL,'2014-05-26 23:12:48','2014-05-26 23:12:48'),
	(3037,27039,'5375349d-02cc-4b26-b41f-7d11cbdd56cb',2,4,0,NULL,0,NULL,NULL,NULL,'2014-05-26 23:12:48','2014-05-26 23:12:48'),
	(3038,27039,'53753b0d-93f8-4988-9d78-7debcbdd56cb',5,7,0,NULL,0,NULL,NULL,NULL,'2014-05-26 23:12:48','2014-05-26 23:12:48'),
	(3039,27039,'537d28aa-2064-48cc-82db-30ddcbdd56cb',1,1,0,NULL,0,NULL,NULL,NULL,'2014-05-26 23:12:48','2014-05-26 23:12:48'),
	(3040,27039,'537d294d-e1ac-4517-890a-30e1cbdd56cb',6,7,0,NULL,0,NULL,NULL,NULL,'2014-05-26 23:12:48','2014-05-26 23:12:48'),
	(3042,27040,'536ff50f-04d4-430f-95d4-4feccbdd56cb',1,2,20,NULL,0,NULL,NULL,NULL,'2014-05-26 23:12:48','2014-05-26 23:12:48'),
	(3043,27040,'536ff50f-21c8-42d7-920b-4feccbdd56cb',3,7,14,NULL,0,NULL,NULL,NULL,'2014-05-26 23:12:48','2014-05-26 23:12:48'),
	(3044,27040,'536ff50f-7c74-42c4-99f9-4feccbdd56cb',2,2,0,NULL,0,NULL,NULL,NULL,'2014-05-26 23:12:48','2014-05-26 23:12:48'),
	(3045,27040,'536ff50f-ad34-4fd1-be3a-4feccbdd56cb',1,2,20,NULL,0,NULL,NULL,NULL,'2014-05-26 23:12:48','2014-05-26 23:12:48'),
	(3046,27040,'536ff50f-b00c-45de-b805-4feccbdd56cb',2,2,0,NULL,0,NULL,NULL,NULL,'2014-05-26 23:12:48','2014-05-26 23:12:48'),
	(3047,27040,'536ff50f-c63c-411a-9ec5-4feccbdd56cb',6,4,0,NULL,0,NULL,NULL,NULL,'2014-05-26 23:12:48','2014-05-26 23:12:48'),
	(3048,27040,'536ff50f-e4dc-4f6b-8b25-4feccbdd56cb',1,1,0,NULL,0,NULL,NULL,NULL,'2014-05-26 23:12:48','2014-05-26 23:12:48'),
	(3049,27040,'536ff50f-e93c-4929-a22c-4feccbdd56cb',6,2,0,NULL,0,NULL,NULL,NULL,'2014-05-26 23:12:48','2014-05-26 23:12:48'),
	(3050,27040,'536ff50f-f618-4420-9335-4feccbdd56cb',7,5,0,NULL,0,NULL,NULL,NULL,'2014-05-26 23:12:48','2014-05-26 23:12:48'),
	(3051,27040,'536ff523-365c-4d93-a5d3-5081cbdd56cb',2,4,20,NULL,0,NULL,NULL,NULL,'2014-05-26 23:12:48','2014-05-26 23:12:48'),
	(3052,27040,'536ff523-7190-45fc-a81f-5081cbdd56cb',7,5,0,NULL,0,NULL,NULL,NULL,'2014-05-26 23:12:48','2014-05-26 23:12:48'),
	(3053,27040,'536ff523-72c0-42d0-942d-5081cbdd56cb',0,5,14,NULL,0,NULL,NULL,NULL,'2014-05-26 23:12:48','2014-05-26 23:12:48'),
	(3054,27040,'536ff523-88a8-49a6-86ff-5081cbdd56cb',4,2,0,NULL,0,NULL,NULL,NULL,'2014-05-26 23:12:48','2014-05-26 23:12:48'),
	(3055,27040,'536ff523-982c-4fa1-9a9e-5081cbdd56cb',7,3,0,NULL,0,NULL,NULL,NULL,'2014-05-26 23:12:48','2014-05-26 23:12:48'),
	(3056,27040,'536ff523-e2c4-48cf-b57b-5081cbdd56cb',1,0,0,NULL,0,NULL,NULL,NULL,'2014-05-26 23:12:48','2014-05-26 23:12:48'),
	(3057,27040,'536ff523-f4cc-4fa9-afb6-5081cbdd56cb',3,2,0,NULL,0,NULL,NULL,NULL,'2014-05-26 23:12:48','2014-05-26 23:12:48'),
	(3058,27040,'536ff525-083c-4cee-bddb-5081cbdd56cb',2,7,13,NULL,0,NULL,NULL,NULL,'2014-05-26 23:12:48','2014-05-26 23:12:48'),
	(3059,27040,'536ff525-170c-491b-bd24-5081cbdd56cb',2,5,16,NULL,0,NULL,NULL,NULL,'2014-05-26 23:12:48','2014-05-26 23:12:48'),
	(3060,27040,'536ff525-605c-410b-ad6e-5081cbdd56cb',2,3,17,NULL,0,NULL,NULL,NULL,'2014-05-26 23:12:48','2014-05-26 23:12:48'),
	(3061,27040,'536ff525-68c0-485f-83fe-5081cbdd56cb',7,4,0,NULL,0,NULL,NULL,NULL,'2014-05-26 23:12:48','2014-05-26 23:12:48'),
	(3062,27040,'536ff525-6ef0-4dfb-9159-5081cbdd56cb',6,6,0,NULL,0,NULL,NULL,NULL,'2014-05-26 23:12:48','2014-05-26 23:12:48'),
	(3063,27040,'536ff525-70c4-4c30-8dac-5081cbdd56cb',0,7,12,NULL,0,NULL,NULL,NULL,'2014-05-26 23:12:48','2014-05-26 23:12:48'),
	(3064,27040,'536ff525-a2dc-4e33-93c4-5081cbdd56cb',7,7,0,NULL,0,NULL,NULL,NULL,'2014-05-26 23:12:48','2014-05-26 23:12:48'),
	(3065,27040,'536ff525-a88c-4b61-8978-5081cbdd56cb',1,7,12,NULL,0,NULL,NULL,NULL,'2014-05-26 23:12:48','2014-05-26 23:12:48'),
	(3066,27040,'536ff525-d8e8-489b-a3fc-5081cbdd56cb',5,4,0,NULL,0,NULL,NULL,NULL,'2014-05-26 23:12:48','2014-05-26 23:12:48'),
	(3067,27040,'536ff525-ee44-45c0-949e-5081cbdd56cb',4,5,16,NULL,0,NULL,NULL,NULL,'2014-05-26 23:12:48','2014-05-26 23:12:48'),
	(3068,27040,'536ff527-1818-4075-9526-5081cbdd56cb',1,4,17,NULL,0,NULL,NULL,NULL,'2014-05-26 23:12:48','2014-05-26 23:12:48'),
	(3069,27040,'536ff527-1ab4-446e-a884-5081cbdd56cb',2,6,14,NULL,0,NULL,NULL,NULL,'2014-05-26 23:12:48','2014-05-26 23:12:48'),
	(3070,27040,'536ff527-51a4-45cb-9eec-5081cbdd56cb',6,2,0,NULL,0,NULL,NULL,NULL,'2014-05-26 23:12:48','2014-05-26 23:12:48'),
	(3071,27040,'536ff527-5b38-4aad-aa6f-5081cbdd56cb',1,0,0,NULL,0,NULL,NULL,NULL,'2014-05-26 23:12:48','2014-05-26 23:12:48'),
	(3072,27040,'536ff527-641c-4e68-bd1d-5081cbdd56cb',2,5,16,NULL,0,NULL,NULL,NULL,'2014-05-26 23:12:48','2014-05-26 23:12:48'),
	(3073,27040,'536ff527-7ba8-404b-9c21-5081cbdd56cb',3,5,20,NULL,0,NULL,NULL,NULL,'2014-05-26 23:12:48','2014-05-26 23:12:48'),
	(3074,27040,'536ff527-9c7c-43c6-90d4-5081cbdd56cb',4,5,16,NULL,0,NULL,NULL,NULL,'2014-05-26 23:12:48','2014-05-26 23:12:48'),
	(3075,27040,'536ff527-a40c-4ada-a090-5081cbdd56cb',2,6,14,NULL,0,NULL,NULL,NULL,'2014-05-26 23:12:48','2014-05-26 23:12:48'),
	(3076,27040,'536ff527-c43c-4a86-b964-5081cbdd56cb',1,2,20,NULL,0,NULL,NULL,NULL,'2014-05-26 23:12:48','2014-05-26 23:12:48'),
	(3077,27040,'5375349d-02cc-4b26-b41f-7d11cbdd56cb',3,7,14,NULL,0,NULL,NULL,NULL,'2014-05-26 23:12:48','2014-05-26 23:12:48'),
	(3078,27040,'53753b0d-93f8-4988-9d78-7debcbdd56cb',0,4,16,NULL,0,NULL,NULL,NULL,'2014-05-26 23:12:48','2014-05-26 23:12:48'),
	(3079,27040,'537d28aa-2064-48cc-82db-30ddcbdd56cb',7,0,0,NULL,0,NULL,NULL,NULL,'2014-05-26 23:12:48','2014-05-26 23:12:48'),
	(3080,27040,'537d294d-e1ac-4517-890a-30e1cbdd56cb',3,1,0,NULL,0,NULL,NULL,NULL,'2014-05-26 23:12:48','2014-05-26 23:12:48'),
	(3082,27041,'536ff50f-04d4-430f-95d4-4feccbdd56cb',5,4,NULL,NULL,0,NULL,NULL,NULL,'2014-05-26 23:12:48','2014-05-26 23:12:48'),
	(3083,27041,'536ff50f-21c8-42d7-920b-4feccbdd56cb',6,7,NULL,NULL,0,NULL,NULL,NULL,'2014-05-26 23:12:48','2014-05-26 23:12:48'),
	(3084,27041,'536ff50f-7c74-42c4-99f9-4feccbdd56cb',0,1,NULL,NULL,0,NULL,NULL,NULL,'2014-05-26 23:12:48','2014-05-26 23:12:48'),
	(3085,27041,'536ff50f-ad34-4fd1-be3a-4feccbdd56cb',6,7,NULL,NULL,0,NULL,NULL,NULL,'2014-05-26 23:12:48','2014-05-26 23:12:48'),
	(3086,27041,'536ff50f-b00c-45de-b805-4feccbdd56cb',3,0,NULL,NULL,0,NULL,NULL,NULL,'2014-05-26 23:12:48','2014-05-26 23:12:48'),
	(3087,27041,'536ff50f-c63c-411a-9ec5-4feccbdd56cb',0,6,NULL,NULL,0,NULL,NULL,NULL,'2014-05-26 23:12:48','2014-05-26 23:12:48'),
	(3088,27041,'536ff50f-e4dc-4f6b-8b25-4feccbdd56cb',5,4,NULL,NULL,0,NULL,NULL,NULL,'2014-05-26 23:12:48','2014-05-26 23:12:48'),
	(3089,27041,'536ff50f-e93c-4929-a22c-4feccbdd56cb',3,1,NULL,NULL,0,NULL,NULL,NULL,'2014-05-26 23:12:48','2014-05-26 23:12:48'),
	(3090,27041,'536ff50f-f618-4420-9335-4feccbdd56cb',2,6,NULL,NULL,0,NULL,NULL,NULL,'2014-05-26 23:12:48','2014-05-26 23:12:48'),
	(3091,27041,'536ff523-365c-4d93-a5d3-5081cbdd56cb',0,4,NULL,NULL,0,NULL,NULL,NULL,'2014-05-26 23:12:48','2014-05-26 23:12:48'),
	(3092,27041,'536ff523-7190-45fc-a81f-5081cbdd56cb',0,3,NULL,NULL,0,NULL,NULL,NULL,'2014-05-26 23:12:48','2014-05-26 23:12:48'),
	(3093,27041,'536ff523-72c0-42d0-942d-5081cbdd56cb',3,0,NULL,NULL,0,NULL,NULL,NULL,'2014-05-26 23:12:48','2014-05-26 23:12:48'),
	(3094,27041,'536ff523-88a8-49a6-86ff-5081cbdd56cb',7,3,NULL,NULL,0,NULL,NULL,NULL,'2014-05-26 23:12:48','2014-05-26 23:12:48'),
	(3095,27041,'536ff523-982c-4fa1-9a9e-5081cbdd56cb',0,3,NULL,NULL,0,NULL,NULL,NULL,'2014-05-26 23:12:48','2014-05-26 23:12:48'),
	(3096,27041,'536ff523-e2c4-48cf-b57b-5081cbdd56cb',4,0,NULL,NULL,0,NULL,NULL,NULL,'2014-05-26 23:12:48','2014-05-26 23:12:48'),
	(3097,27041,'536ff523-f4cc-4fa9-afb6-5081cbdd56cb',4,1,NULL,NULL,0,NULL,NULL,NULL,'2014-05-26 23:12:48','2014-05-26 23:12:48'),
	(3098,27041,'536ff525-083c-4cee-bddb-5081cbdd56cb',4,2,NULL,NULL,0,NULL,NULL,NULL,'2014-05-26 23:12:48','2014-05-26 23:12:48'),
	(3099,27041,'536ff525-170c-491b-bd24-5081cbdd56cb',1,5,NULL,NULL,0,NULL,NULL,NULL,'2014-05-26 23:12:48','2014-05-26 23:12:48'),
	(3100,27041,'536ff525-605c-410b-ad6e-5081cbdd56cb',3,7,NULL,NULL,0,NULL,NULL,NULL,'2014-05-26 23:12:48','2014-05-26 23:12:48'),
	(3101,27041,'536ff525-68c0-485f-83fe-5081cbdd56cb',5,6,NULL,NULL,0,NULL,NULL,NULL,'2014-05-26 23:12:48','2014-05-26 23:12:48'),
	(3102,27041,'536ff525-6ef0-4dfb-9159-5081cbdd56cb',7,6,NULL,NULL,0,NULL,NULL,NULL,'2014-05-26 23:12:48','2014-05-26 23:12:48'),
	(3103,27041,'536ff525-70c4-4c30-8dac-5081cbdd56cb',5,4,NULL,NULL,0,NULL,NULL,NULL,'2014-05-26 23:12:48','2014-05-26 23:12:48'),
	(3104,27041,'536ff525-a2dc-4e33-93c4-5081cbdd56cb',2,1,NULL,NULL,0,NULL,NULL,NULL,'2014-05-26 23:12:48','2014-05-26 23:12:48'),
	(3105,27041,'536ff525-a88c-4b61-8978-5081cbdd56cb',6,5,NULL,NULL,0,NULL,NULL,NULL,'2014-05-26 23:12:48','2014-05-26 23:12:48'),
	(3106,27041,'536ff525-d8e8-489b-a3fc-5081cbdd56cb',7,6,NULL,NULL,0,NULL,NULL,NULL,'2014-05-26 23:12:48','2014-05-26 23:12:48'),
	(3107,27041,'536ff525-ee44-45c0-949e-5081cbdd56cb',1,0,NULL,NULL,0,NULL,NULL,NULL,'2014-05-26 23:12:48','2014-05-26 23:12:48'),
	(3108,27041,'536ff527-1818-4075-9526-5081cbdd56cb',2,5,NULL,NULL,0,NULL,NULL,NULL,'2014-05-26 23:12:48','2014-05-26 23:12:48'),
	(3109,27041,'536ff527-1ab4-446e-a884-5081cbdd56cb',0,1,NULL,NULL,0,NULL,NULL,NULL,'2014-05-26 23:12:48','2014-05-26 23:12:48'),
	(3110,27041,'536ff527-51a4-45cb-9eec-5081cbdd56cb',0,1,NULL,NULL,0,NULL,NULL,NULL,'2014-05-26 23:12:48','2014-05-26 23:12:48'),
	(3111,27041,'536ff527-5b38-4aad-aa6f-5081cbdd56cb',5,4,NULL,NULL,0,NULL,NULL,NULL,'2014-05-26 23:12:48','2014-05-26 23:12:48'),
	(3112,27041,'536ff527-641c-4e68-bd1d-5081cbdd56cb',2,1,NULL,NULL,0,NULL,NULL,NULL,'2014-05-26 23:12:48','2014-05-26 23:12:48'),
	(3113,27041,'536ff527-7ba8-404b-9c21-5081cbdd56cb',6,6,NULL,NULL,0,NULL,NULL,NULL,'2014-05-26 23:12:48','2014-05-26 23:12:48'),
	(3114,27041,'536ff527-9c7c-43c6-90d4-5081cbdd56cb',3,7,NULL,NULL,0,NULL,NULL,NULL,'2014-05-26 23:12:48','2014-05-26 23:12:48'),
	(3115,27041,'536ff527-a40c-4ada-a090-5081cbdd56cb',4,7,NULL,NULL,0,NULL,NULL,NULL,'2014-05-26 23:12:48','2014-05-26 23:12:48'),
	(3116,27041,'536ff527-c43c-4a86-b964-5081cbdd56cb',6,2,NULL,NULL,0,NULL,NULL,NULL,'2014-05-26 23:12:48','2014-05-26 23:12:48'),
	(3117,27041,'5375349d-02cc-4b26-b41f-7d11cbdd56cb',6,6,NULL,NULL,0,NULL,NULL,NULL,'2014-05-26 23:12:48','2014-05-26 23:12:48'),
	(3118,27041,'53753b0d-93f8-4988-9d78-7debcbdd56cb',0,3,NULL,NULL,0,NULL,NULL,NULL,'2014-05-26 23:12:48','2014-05-26 23:12:48'),
	(3119,27041,'537d28aa-2064-48cc-82db-30ddcbdd56cb',2,3,NULL,NULL,0,NULL,NULL,NULL,'2014-05-26 23:12:48','2014-05-26 23:12:48'),
	(3120,27041,'537d294d-e1ac-4517-890a-30e1cbdd56cb',4,1,NULL,NULL,0,NULL,NULL,NULL,'2014-05-26 23:12:48','2014-05-26 23:12:48'),
	(3122,27042,'536ff50f-04d4-430f-95d4-4feccbdd56cb',7,2,0,NULL,0,NULL,NULL,NULL,'2014-05-26 23:12:48','2014-05-26 23:12:48'),
	(3123,27042,'536ff50f-21c8-42d7-920b-4feccbdd56cb',4,1,0,NULL,0,NULL,NULL,NULL,'2014-05-26 23:12:48','2014-05-26 23:12:48'),
	(3124,27042,'536ff50f-7c74-42c4-99f9-4feccbdd56cb',0,4,16,NULL,0,NULL,NULL,NULL,'2014-05-26 23:12:48','2014-05-26 23:12:48'),
	(3125,27042,'536ff50f-ad34-4fd1-be3a-4feccbdd56cb',3,0,0,NULL,0,NULL,NULL,NULL,'2014-05-26 23:12:48','2014-05-26 23:12:48'),
	(3126,27042,'536ff50f-b00c-45de-b805-4feccbdd56cb',6,0,0,NULL,0,NULL,NULL,NULL,'2014-05-26 23:12:48','2014-05-26 23:12:48'),
	(3127,27042,'536ff50f-c63c-411a-9ec5-4feccbdd56cb',5,0,0,NULL,0,NULL,NULL,NULL,'2014-05-26 23:12:48','2014-05-26 23:12:48'),
	(3128,27042,'536ff50f-e4dc-4f6b-8b25-4feccbdd56cb',2,4,30,NULL,0,NULL,NULL,NULL,'2014-05-26 23:12:48','2014-05-26 23:12:48'),
	(3129,27042,'536ff50f-e93c-4929-a22c-4feccbdd56cb',7,5,0,NULL,0,NULL,NULL,NULL,'2014-05-26 23:12:48','2014-05-26 23:12:48'),
	(3130,27042,'536ff50f-f618-4420-9335-4feccbdd56cb',3,3,0,NULL,0,NULL,NULL,NULL,'2014-05-26 23:12:48','2014-05-26 23:12:48'),
	(3131,27042,'536ff523-365c-4d93-a5d3-5081cbdd56cb',5,2,0,NULL,0,NULL,NULL,NULL,'2014-05-26 23:12:48','2014-05-26 23:12:48'),
	(3132,27042,'536ff523-7190-45fc-a81f-5081cbdd56cb',6,3,0,NULL,0,NULL,NULL,NULL,'2014-05-26 23:12:48','2014-05-26 23:12:48'),
	(3133,27042,'536ff523-72c0-42d0-942d-5081cbdd56cb',1,6,14,NULL,0,NULL,NULL,NULL,'2014-05-26 23:12:48','2014-05-26 23:12:48'),
	(3134,27042,'536ff523-88a8-49a6-86ff-5081cbdd56cb',7,3,0,NULL,0,NULL,NULL,NULL,'2014-05-26 23:12:48','2014-05-26 23:12:48'),
	(3135,27042,'536ff523-982c-4fa1-9a9e-5081cbdd56cb',2,4,30,NULL,0,NULL,NULL,NULL,'2014-05-26 23:12:48','2014-05-26 23:12:48'),
	(3136,27042,'536ff523-e2c4-48cf-b57b-5081cbdd56cb',5,3,0,NULL,0,NULL,NULL,NULL,'2014-05-26 23:12:48','2014-05-26 23:12:48'),
	(3137,27042,'536ff523-f4cc-4fa9-afb6-5081cbdd56cb',0,4,16,NULL,0,NULL,NULL,NULL,'2014-05-26 23:12:48','2014-05-26 23:12:48'),
	(3138,27042,'536ff525-083c-4cee-bddb-5081cbdd56cb',6,4,0,NULL,0,NULL,NULL,NULL,'2014-05-26 23:12:48','2014-05-26 23:12:48'),
	(3139,27042,'536ff525-170c-491b-bd24-5081cbdd56cb',6,7,16,NULL,0,NULL,NULL,NULL,'2014-05-26 23:12:48','2014-05-26 23:12:48'),
	(3140,27042,'536ff525-605c-410b-ad6e-5081cbdd56cb',1,2,17,NULL,0,NULL,NULL,NULL,'2014-05-26 23:12:48','2014-05-26 23:12:48'),
	(3141,27042,'536ff525-68c0-485f-83fe-5081cbdd56cb',0,7,12,NULL,0,NULL,NULL,NULL,'2014-05-26 23:12:48','2014-05-26 23:12:48'),
	(3142,27042,'536ff525-6ef0-4dfb-9159-5081cbdd56cb',2,5,20,NULL,0,NULL,NULL,NULL,'2014-05-26 23:12:48','2014-05-26 23:12:48'),
	(3143,27042,'536ff525-70c4-4c30-8dac-5081cbdd56cb',7,4,0,NULL,0,NULL,NULL,NULL,'2014-05-26 23:12:48','2014-05-26 23:12:48'),
	(3144,27042,'536ff525-a2dc-4e33-93c4-5081cbdd56cb',2,6,16,NULL,0,NULL,NULL,NULL,'2014-05-26 23:12:48','2014-05-26 23:12:48'),
	(3145,27042,'536ff525-a88c-4b61-8978-5081cbdd56cb',2,6,16,NULL,0,NULL,NULL,NULL,'2014-05-26 23:12:48','2014-05-26 23:12:48'),
	(3146,27042,'536ff525-d8e8-489b-a3fc-5081cbdd56cb',2,0,0,NULL,0,NULL,NULL,NULL,'2014-05-26 23:12:48','2014-05-26 23:12:48'),
	(3147,27042,'536ff525-ee44-45c0-949e-5081cbdd56cb',1,0,0,NULL,0,NULL,NULL,NULL,'2014-05-26 23:12:48','2014-05-26 23:12:48'),
	(3148,27042,'536ff527-1818-4075-9526-5081cbdd56cb',3,2,0,NULL,0,NULL,NULL,NULL,'2014-05-26 23:12:48','2014-05-26 23:12:48'),
	(3149,27042,'536ff527-1ab4-446e-a884-5081cbdd56cb',7,3,0,NULL,0,NULL,NULL,NULL,'2014-05-26 23:12:48','2014-05-26 23:12:48'),
	(3150,27042,'536ff527-51a4-45cb-9eec-5081cbdd56cb',6,2,0,NULL,0,NULL,NULL,NULL,'2014-05-26 23:12:48','2014-05-26 23:12:48'),
	(3151,27042,'536ff527-5b38-4aad-aa6f-5081cbdd56cb',7,3,0,NULL,0,NULL,NULL,NULL,'2014-05-26 23:12:48','2014-05-26 23:12:48'),
	(3152,27042,'536ff527-641c-4e68-bd1d-5081cbdd56cb',5,7,20,NULL,0,NULL,NULL,NULL,'2014-05-26 23:12:48','2014-05-26 23:12:48'),
	(3153,27042,'536ff527-7ba8-404b-9c21-5081cbdd56cb',7,4,0,NULL,0,NULL,NULL,NULL,'2014-05-26 23:12:48','2014-05-26 23:12:48'),
	(3154,27042,'536ff527-9c7c-43c6-90d4-5081cbdd56cb',4,6,20,NULL,0,NULL,NULL,NULL,'2014-05-26 23:12:48','2014-05-26 23:12:48'),
	(3155,27042,'536ff527-a40c-4ada-a090-5081cbdd56cb',3,5,22,NULL,0,NULL,NULL,NULL,'2014-05-26 23:12:48','2014-05-26 23:12:48'),
	(3156,27042,'536ff527-c43c-4a86-b964-5081cbdd56cb',0,3,17,NULL,0,NULL,NULL,NULL,'2014-05-26 23:12:48','2014-05-26 23:12:48'),
	(3157,27042,'5375349d-02cc-4b26-b41f-7d11cbdd56cb',5,3,0,NULL,0,NULL,NULL,NULL,'2014-05-26 23:12:48','2014-05-26 23:12:48'),
	(3158,27042,'53753b0d-93f8-4988-9d78-7debcbdd56cb',1,5,16,NULL,0,NULL,NULL,NULL,'2014-05-26 23:12:48','2014-05-26 23:12:48'),
	(3159,27042,'537d28aa-2064-48cc-82db-30ddcbdd56cb',0,3,17,NULL,0,NULL,NULL,NULL,'2014-05-26 23:12:48','2014-05-26 23:12:48'),
	(3160,27042,'537d294d-e1ac-4517-890a-30e1cbdd56cb',4,2,0,NULL,0,NULL,NULL,NULL,'2014-05-26 23:12:48','2014-05-26 23:12:48'),
	(3161,27043,'5365537a-2108-4961-89b3-130ecbdd56cb',1,6,NULL,NULL,0,NULL,NULL,NULL,'2014-05-26 23:12:48','2014-05-26 23:12:48'),
	(3162,27043,'536ff50f-04d4-430f-95d4-4feccbdd56cb',3,3,NULL,NULL,0,NULL,NULL,NULL,'2014-05-26 23:12:48','2014-05-26 23:12:48'),
	(3163,27043,'536ff50f-21c8-42d7-920b-4feccbdd56cb',7,7,NULL,NULL,0,NULL,NULL,NULL,'2014-05-26 23:12:48','2014-05-26 23:12:48'),
	(3164,27043,'536ff50f-7c74-42c4-99f9-4feccbdd56cb',5,6,NULL,NULL,0,NULL,NULL,NULL,'2014-05-26 23:12:48','2014-05-26 23:12:48'),
	(3165,27043,'536ff50f-ad34-4fd1-be3a-4feccbdd56cb',2,3,NULL,NULL,0,NULL,NULL,NULL,'2014-05-26 23:12:48','2014-05-26 23:12:48'),
	(3166,27043,'536ff50f-b00c-45de-b805-4feccbdd56cb',0,1,NULL,NULL,0,NULL,NULL,NULL,'2014-05-26 23:12:48','2014-05-26 23:12:48'),
	(3167,27043,'536ff50f-c63c-411a-9ec5-4feccbdd56cb',6,6,NULL,NULL,0,NULL,NULL,NULL,'2014-05-26 23:12:48','2014-05-26 23:12:48'),
	(3168,27043,'536ff50f-e4dc-4f6b-8b25-4feccbdd56cb',1,6,NULL,NULL,0,NULL,NULL,NULL,'2014-05-26 23:12:48','2014-05-26 23:12:48'),
	(3169,27043,'536ff50f-e93c-4929-a22c-4feccbdd56cb',3,5,NULL,NULL,0,NULL,NULL,NULL,'2014-05-26 23:12:48','2014-05-26 23:12:48'),
	(3170,27043,'536ff50f-f618-4420-9335-4feccbdd56cb',4,6,NULL,NULL,0,NULL,NULL,NULL,'2014-05-26 23:12:48','2014-05-26 23:12:48'),
	(3171,27043,'536ff523-365c-4d93-a5d3-5081cbdd56cb',3,5,NULL,NULL,0,NULL,NULL,NULL,'2014-05-26 23:12:48','2014-05-26 23:12:48'),
	(3172,27043,'536ff523-7190-45fc-a81f-5081cbdd56cb',2,0,NULL,NULL,0,NULL,NULL,NULL,'2014-05-26 23:12:48','2014-05-26 23:12:48'),
	(3173,27043,'536ff523-72c0-42d0-942d-5081cbdd56cb',0,4,NULL,NULL,0,NULL,NULL,NULL,'2014-05-26 23:12:48','2014-05-26 23:12:48'),
	(3174,27043,'536ff523-88a8-49a6-86ff-5081cbdd56cb',5,0,NULL,NULL,0,NULL,NULL,NULL,'2014-05-26 23:12:48','2014-05-26 23:12:48'),
	(3175,27043,'536ff523-982c-4fa1-9a9e-5081cbdd56cb',0,1,NULL,NULL,0,NULL,NULL,NULL,'2014-05-26 23:12:48','2014-05-26 23:12:48'),
	(3176,27043,'536ff523-e2c4-48cf-b57b-5081cbdd56cb',3,2,NULL,NULL,0,NULL,NULL,NULL,'2014-05-26 23:12:48','2014-05-26 23:12:48'),
	(3177,27043,'536ff523-f4cc-4fa9-afb6-5081cbdd56cb',0,6,NULL,NULL,0,NULL,NULL,NULL,'2014-05-26 23:12:48','2014-05-26 23:12:48'),
	(3178,27043,'536ff525-083c-4cee-bddb-5081cbdd56cb',5,7,NULL,NULL,0,NULL,NULL,NULL,'2014-05-26 23:12:48','2014-05-26 23:12:48'),
	(3179,27043,'536ff525-170c-491b-bd24-5081cbdd56cb',5,2,NULL,NULL,0,NULL,NULL,NULL,'2014-05-26 23:12:48','2014-05-26 23:12:48'),
	(3180,27043,'536ff525-605c-410b-ad6e-5081cbdd56cb',6,7,NULL,NULL,0,NULL,NULL,NULL,'2014-05-26 23:12:48','2014-05-26 23:12:48'),
	(3181,27043,'536ff525-68c0-485f-83fe-5081cbdd56cb',5,7,NULL,NULL,0,NULL,NULL,NULL,'2014-05-26 23:12:48','2014-05-26 23:12:48'),
	(3182,27043,'536ff525-6ef0-4dfb-9159-5081cbdd56cb',1,3,NULL,NULL,0,NULL,NULL,NULL,'2014-05-26 23:12:48','2014-05-26 23:12:48'),
	(3183,27043,'536ff525-70c4-4c30-8dac-5081cbdd56cb',6,3,NULL,NULL,0,NULL,NULL,NULL,'2014-05-26 23:12:48','2014-05-26 23:12:48'),
	(3184,27043,'536ff525-a2dc-4e33-93c4-5081cbdd56cb',1,1,NULL,NULL,0,NULL,NULL,NULL,'2014-05-26 23:12:48','2014-05-26 23:12:48'),
	(3185,27043,'536ff525-a88c-4b61-8978-5081cbdd56cb',0,6,NULL,NULL,0,NULL,NULL,NULL,'2014-05-26 23:12:48','2014-05-26 23:12:48'),
	(3186,27043,'536ff525-d8e8-489b-a3fc-5081cbdd56cb',0,3,NULL,NULL,0,NULL,NULL,NULL,'2014-05-26 23:12:48','2014-05-26 23:12:48'),
	(3187,27043,'536ff525-ee44-45c0-949e-5081cbdd56cb',3,3,NULL,NULL,0,NULL,NULL,NULL,'2014-05-26 23:12:48','2014-05-26 23:12:48'),
	(3188,27043,'536ff527-1818-4075-9526-5081cbdd56cb',3,3,NULL,NULL,0,NULL,NULL,NULL,'2014-05-26 23:12:48','2014-05-26 23:12:48'),
	(3189,27043,'536ff527-1ab4-446e-a884-5081cbdd56cb',7,1,NULL,NULL,0,NULL,NULL,NULL,'2014-05-26 23:12:48','2014-05-26 23:12:48'),
	(3190,27043,'536ff527-51a4-45cb-9eec-5081cbdd56cb',4,0,NULL,NULL,0,NULL,NULL,NULL,'2014-05-26 23:12:48','2014-05-26 23:12:48'),
	(3191,27043,'536ff527-5b38-4aad-aa6f-5081cbdd56cb',2,7,NULL,NULL,0,NULL,NULL,NULL,'2014-05-26 23:12:48','2014-05-26 23:12:48'),
	(3192,27043,'536ff527-641c-4e68-bd1d-5081cbdd56cb',2,2,NULL,NULL,0,NULL,NULL,NULL,'2014-05-26 23:12:48','2014-05-26 23:12:48'),
	(3193,27043,'536ff527-7ba8-404b-9c21-5081cbdd56cb',5,7,NULL,NULL,0,NULL,NULL,NULL,'2014-05-26 23:12:48','2014-05-26 23:12:48'),
	(3194,27043,'536ff527-9c7c-43c6-90d4-5081cbdd56cb',2,3,NULL,NULL,0,NULL,NULL,NULL,'2014-05-26 23:12:48','2014-05-26 23:12:48'),
	(3195,27043,'536ff527-a40c-4ada-a090-5081cbdd56cb',1,0,NULL,NULL,0,NULL,NULL,NULL,'2014-05-26 23:12:48','2014-05-26 23:12:48'),
	(3196,27043,'536ff527-c43c-4a86-b964-5081cbdd56cb',3,7,NULL,NULL,0,NULL,NULL,NULL,'2014-05-26 23:12:48','2014-05-26 23:12:48'),
	(3197,27043,'5375349d-02cc-4b26-b41f-7d11cbdd56cb',0,4,NULL,NULL,0,NULL,NULL,NULL,'2014-05-26 23:12:48','2014-05-26 23:12:48'),
	(3198,27043,'53753b0d-93f8-4988-9d78-7debcbdd56cb',3,6,NULL,NULL,0,NULL,NULL,NULL,'2014-05-26 23:12:48','2014-05-26 23:12:48'),
	(3199,27043,'537d28aa-2064-48cc-82db-30ddcbdd56cb',0,5,NULL,NULL,0,NULL,NULL,NULL,'2014-05-26 23:12:48','2014-05-26 23:12:48'),
	(3200,27043,'537d294d-e1ac-4517-890a-30e1cbdd56cb',7,0,NULL,NULL,0,NULL,NULL,NULL,'2014-05-26 23:12:48','2014-05-26 23:12:48'),
	(3202,27044,'536ff50f-04d4-430f-95d4-4feccbdd56cb',4,7,NULL,NULL,0,NULL,NULL,NULL,'2014-05-26 23:12:48','2014-05-26 23:12:48'),
	(3203,27044,'536ff50f-21c8-42d7-920b-4feccbdd56cb',3,0,NULL,NULL,0,NULL,NULL,NULL,'2014-05-26 23:12:48','2014-05-26 23:12:48'),
	(3204,27044,'536ff50f-7c74-42c4-99f9-4feccbdd56cb',3,3,NULL,NULL,0,NULL,NULL,NULL,'2014-05-26 23:12:48','2014-05-26 23:12:48'),
	(3205,27044,'536ff50f-ad34-4fd1-be3a-4feccbdd56cb',1,7,NULL,NULL,0,NULL,NULL,NULL,'2014-05-26 23:12:48','2014-05-26 23:12:48'),
	(3206,27044,'536ff50f-b00c-45de-b805-4feccbdd56cb',3,3,NULL,NULL,0,NULL,NULL,NULL,'2014-05-26 23:12:48','2014-05-26 23:12:48'),
	(3207,27044,'536ff50f-c63c-411a-9ec5-4feccbdd56cb',6,5,NULL,NULL,0,NULL,NULL,NULL,'2014-05-26 23:12:48','2014-05-26 23:12:48'),
	(3208,27044,'536ff50f-e4dc-4f6b-8b25-4feccbdd56cb',6,4,NULL,NULL,0,NULL,NULL,NULL,'2014-05-26 23:12:48','2014-05-26 23:12:48'),
	(3209,27044,'536ff50f-e93c-4929-a22c-4feccbdd56cb',5,0,NULL,NULL,0,NULL,NULL,NULL,'2014-05-26 23:12:48','2014-05-26 23:12:48'),
	(3210,27044,'536ff50f-f618-4420-9335-4feccbdd56cb',0,7,NULL,NULL,0,NULL,NULL,NULL,'2014-05-26 23:12:48','2014-05-26 23:12:48'),
	(3211,27044,'536ff523-365c-4d93-a5d3-5081cbdd56cb',0,3,NULL,NULL,0,NULL,NULL,NULL,'2014-05-26 23:12:48','2014-05-26 23:12:48'),
	(3212,27044,'536ff523-7190-45fc-a81f-5081cbdd56cb',6,0,NULL,NULL,0,NULL,NULL,NULL,'2014-05-26 23:12:48','2014-05-26 23:12:48'),
	(3213,27044,'536ff523-72c0-42d0-942d-5081cbdd56cb',0,1,NULL,NULL,0,NULL,NULL,NULL,'2014-05-26 23:12:48','2014-05-26 23:12:48'),
	(3214,27044,'536ff523-88a8-49a6-86ff-5081cbdd56cb',7,0,NULL,NULL,0,NULL,NULL,NULL,'2014-05-26 23:12:48','2014-05-26 23:12:48'),
	(3215,27044,'536ff523-982c-4fa1-9a9e-5081cbdd56cb',6,7,NULL,NULL,0,NULL,NULL,NULL,'2014-05-26 23:12:48','2014-05-26 23:12:48'),
	(3216,27044,'536ff523-e2c4-48cf-b57b-5081cbdd56cb',1,2,NULL,NULL,0,NULL,NULL,NULL,'2014-05-26 23:12:48','2014-05-26 23:12:48'),
	(3217,27044,'536ff523-f4cc-4fa9-afb6-5081cbdd56cb',7,5,NULL,NULL,0,NULL,NULL,NULL,'2014-05-26 23:12:48','2014-05-26 23:12:48'),
	(3218,27044,'536ff525-083c-4cee-bddb-5081cbdd56cb',1,3,NULL,NULL,0,NULL,NULL,NULL,'2014-05-26 23:12:48','2014-05-26 23:12:48'),
	(3219,27044,'536ff525-170c-491b-bd24-5081cbdd56cb',5,4,NULL,NULL,0,NULL,NULL,NULL,'2014-05-26 23:12:48','2014-05-26 23:12:48'),
	(3220,27044,'536ff525-605c-410b-ad6e-5081cbdd56cb',7,7,NULL,NULL,0,NULL,NULL,NULL,'2014-05-26 23:12:48','2014-05-26 23:12:48'),
	(3221,27044,'536ff525-68c0-485f-83fe-5081cbdd56cb',4,3,NULL,NULL,0,NULL,NULL,NULL,'2014-05-26 23:12:48','2014-05-26 23:12:48'),
	(3222,27044,'536ff525-6ef0-4dfb-9159-5081cbdd56cb',3,3,NULL,NULL,0,NULL,NULL,NULL,'2014-05-26 23:12:48','2014-05-26 23:12:48'),
	(3223,27044,'536ff525-70c4-4c30-8dac-5081cbdd56cb',1,1,NULL,NULL,0,NULL,NULL,NULL,'2014-05-26 23:12:48','2014-05-26 23:12:48'),
	(3224,27044,'536ff525-a2dc-4e33-93c4-5081cbdd56cb',7,6,NULL,NULL,0,NULL,NULL,NULL,'2014-05-26 23:12:48','2014-05-26 23:12:48'),
	(3225,27044,'536ff525-a88c-4b61-8978-5081cbdd56cb',1,7,NULL,NULL,0,NULL,NULL,NULL,'2014-05-26 23:12:48','2014-05-26 23:12:48'),
	(3226,27044,'536ff525-d8e8-489b-a3fc-5081cbdd56cb',5,2,NULL,NULL,0,NULL,NULL,NULL,'2014-05-26 23:12:48','2014-05-26 23:12:48'),
	(3227,27044,'536ff525-ee44-45c0-949e-5081cbdd56cb',3,4,NULL,NULL,0,NULL,NULL,NULL,'2014-05-26 23:12:48','2014-05-26 23:12:48'),
	(3228,27044,'536ff527-1818-4075-9526-5081cbdd56cb',3,3,NULL,NULL,0,NULL,NULL,NULL,'2014-05-26 23:12:48','2014-05-26 23:12:48'),
	(3229,27044,'536ff527-1ab4-446e-a884-5081cbdd56cb',6,3,NULL,NULL,0,NULL,NULL,NULL,'2014-05-26 23:12:48','2014-05-26 23:12:48'),
	(3230,27044,'536ff527-51a4-45cb-9eec-5081cbdd56cb',3,5,NULL,NULL,0,NULL,NULL,NULL,'2014-05-26 23:12:48','2014-05-26 23:12:48'),
	(3231,27044,'536ff527-5b38-4aad-aa6f-5081cbdd56cb',2,5,NULL,NULL,0,NULL,NULL,NULL,'2014-05-26 23:12:48','2014-05-26 23:12:48'),
	(3232,27044,'536ff527-641c-4e68-bd1d-5081cbdd56cb',7,2,NULL,NULL,0,NULL,NULL,NULL,'2014-05-26 23:12:48','2014-05-26 23:12:48'),
	(3233,27044,'536ff527-7ba8-404b-9c21-5081cbdd56cb',2,1,NULL,NULL,0,NULL,NULL,NULL,'2014-05-26 23:12:48','2014-05-26 23:12:48'),
	(3234,27044,'536ff527-9c7c-43c6-90d4-5081cbdd56cb',5,0,NULL,NULL,0,NULL,NULL,NULL,'2014-05-26 23:12:48','2014-05-26 23:12:48'),
	(3235,27044,'536ff527-a40c-4ada-a090-5081cbdd56cb',6,5,NULL,NULL,0,NULL,NULL,NULL,'2014-05-26 23:12:48','2014-05-26 23:12:48'),
	(3236,27044,'536ff527-c43c-4a86-b964-5081cbdd56cb',7,2,NULL,NULL,0,NULL,NULL,NULL,'2014-05-26 23:12:48','2014-05-26 23:12:48'),
	(3237,27044,'5375349d-02cc-4b26-b41f-7d11cbdd56cb',0,2,NULL,NULL,0,NULL,NULL,NULL,'2014-05-26 23:12:48','2014-05-26 23:12:48'),
	(3238,27044,'53753b0d-93f8-4988-9d78-7debcbdd56cb',5,1,NULL,NULL,0,NULL,NULL,NULL,'2014-05-26 23:12:48','2014-05-26 23:12:48'),
	(3239,27044,'537d28aa-2064-48cc-82db-30ddcbdd56cb',4,5,NULL,NULL,0,NULL,NULL,NULL,'2014-05-26 23:12:48','2014-05-26 23:12:48'),
	(3240,27044,'537d294d-e1ac-4517-890a-30e1cbdd56cb',0,6,NULL,NULL,0,NULL,NULL,NULL,'2014-05-26 23:12:48','2014-05-26 23:12:48'),
	(3241,27045,'5365537a-2108-4961-89b3-130ecbdd56cb',5,6,20,NULL,0,NULL,NULL,NULL,'2014-05-26 23:12:48','2014-05-26 23:12:48'),
	(3242,27045,'536ff50f-04d4-430f-95d4-4feccbdd56cb',1,0,0,NULL,0,NULL,NULL,NULL,'2014-05-26 23:12:48','2014-05-26 23:12:48'),
	(3243,27045,'536ff50f-21c8-42d7-920b-4feccbdd56cb',2,5,16,NULL,0,NULL,NULL,NULL,'2014-05-26 23:12:48','2014-05-26 23:12:48'),
	(3244,27045,'536ff50f-7c74-42c4-99f9-4feccbdd56cb',4,0,0,NULL,0,NULL,NULL,NULL,'2014-05-26 23:12:48','2014-05-26 23:12:48'),
	(3245,27045,'536ff50f-ad34-4fd1-be3a-4feccbdd56cb',0,0,0,NULL,0,NULL,NULL,NULL,'2014-05-26 23:12:48','2014-05-26 23:12:48'),
	(3246,27045,'536ff50f-b00c-45de-b805-4feccbdd56cb',5,2,0,NULL,0,NULL,NULL,NULL,'2014-05-26 23:12:48','2014-05-26 23:12:48'),
	(3247,27045,'536ff50f-c63c-411a-9ec5-4feccbdd56cb',5,5,0,NULL,0,NULL,NULL,NULL,'2014-05-26 23:12:48','2014-05-26 23:12:48'),
	(3248,27045,'536ff50f-e4dc-4f6b-8b25-4feccbdd56cb',4,7,14,NULL,0,NULL,NULL,NULL,'2014-05-26 23:12:48','2014-05-26 23:12:48'),
	(3249,27045,'536ff50f-e93c-4929-a22c-4feccbdd56cb',7,2,0,NULL,0,NULL,NULL,NULL,'2014-05-26 23:12:48','2014-05-26 23:12:48'),
	(3250,27045,'536ff50f-f618-4420-9335-4feccbdd56cb',0,6,12,NULL,0,NULL,NULL,NULL,'2014-05-26 23:12:48','2014-05-26 23:12:48'),
	(3251,27045,'536ff523-365c-4d93-a5d3-5081cbdd56cb',7,7,0,NULL,0,NULL,NULL,NULL,'2014-05-26 23:12:48','2014-05-26 23:12:48'),
	(3252,27045,'536ff523-7190-45fc-a81f-5081cbdd56cb',0,0,0,NULL,0,NULL,NULL,NULL,'2014-05-26 23:12:48','2014-05-26 23:12:48'),
	(3253,27045,'536ff523-72c0-42d0-942d-5081cbdd56cb',2,6,14,NULL,0,NULL,NULL,NULL,'2014-05-26 23:12:48','2014-05-26 23:12:48'),
	(3254,27045,'536ff523-88a8-49a6-86ff-5081cbdd56cb',1,7,12,NULL,0,NULL,NULL,NULL,'2014-05-26 23:12:48','2014-05-26 23:12:48'),
	(3255,27045,'536ff523-982c-4fa1-9a9e-5081cbdd56cb',4,2,0,NULL,0,NULL,NULL,NULL,'2014-05-26 23:12:48','2014-05-26 23:12:48'),
	(3256,27045,'536ff523-e2c4-48cf-b57b-5081cbdd56cb',5,2,0,NULL,0,NULL,NULL,NULL,'2014-05-26 23:12:48','2014-05-26 23:12:48'),
	(3257,27045,'536ff523-f4cc-4fa9-afb6-5081cbdd56cb',0,6,12,NULL,0,NULL,NULL,NULL,'2014-05-26 23:12:48','2014-05-26 23:12:48'),
	(3258,27045,'536ff525-083c-4cee-bddb-5081cbdd56cb',2,2,0,NULL,0,NULL,NULL,NULL,'2014-05-26 23:12:48','2014-05-26 23:12:48'),
	(3259,27045,'536ff525-170c-491b-bd24-5081cbdd56cb',3,7,13,NULL,0,NULL,NULL,NULL,'2014-05-26 23:12:48','2014-05-26 23:12:48'),
	(3260,27045,'536ff525-605c-410b-ad6e-5081cbdd56cb',3,3,0,NULL,0,NULL,NULL,NULL,'2014-05-26 23:12:48','2014-05-26 23:12:48'),
	(3261,27045,'536ff525-68c0-485f-83fe-5081cbdd56cb',7,1,0,NULL,0,NULL,NULL,NULL,'2014-05-26 23:12:48','2014-05-26 23:12:48'),
	(3262,27045,'536ff525-6ef0-4dfb-9159-5081cbdd56cb',6,4,0,NULL,0,NULL,NULL,NULL,'2014-05-26 23:12:48','2014-05-26 23:12:48'),
	(3263,27045,'536ff525-70c4-4c30-8dac-5081cbdd56cb',7,2,0,NULL,0,NULL,NULL,NULL,'2014-05-26 23:12:48','2014-05-26 23:12:48'),
	(3264,27045,'536ff525-a2dc-4e33-93c4-5081cbdd56cb',4,6,16,NULL,0,NULL,NULL,NULL,'2014-05-26 23:12:48','2014-05-26 23:12:48'),
	(3265,27045,'536ff525-a88c-4b61-8978-5081cbdd56cb',5,5,0,NULL,0,NULL,NULL,NULL,'2014-05-26 23:12:48','2014-05-26 23:12:48'),
	(3266,27045,'536ff525-d8e8-489b-a3fc-5081cbdd56cb',4,5,20,NULL,0,NULL,NULL,NULL,'2014-05-26 23:12:48','2014-05-26 23:12:48'),
	(3267,27045,'536ff525-ee44-45c0-949e-5081cbdd56cb',5,5,0,NULL,0,NULL,NULL,NULL,'2014-05-26 23:12:48','2014-05-26 23:12:48'),
	(3268,27045,'536ff527-1818-4075-9526-5081cbdd56cb',5,7,16,NULL,0,NULL,NULL,NULL,'2014-05-26 23:12:48','2014-05-26 23:12:48'),
	(3269,27045,'536ff527-1ab4-446e-a884-5081cbdd56cb',4,7,14,NULL,0,NULL,NULL,NULL,'2014-05-26 23:12:48','2014-05-26 23:12:48'),
	(3270,27045,'536ff527-51a4-45cb-9eec-5081cbdd56cb',6,0,0,NULL,0,NULL,NULL,NULL,'2014-05-26 23:12:48','2014-05-26 23:12:48'),
	(3271,27045,'536ff527-5b38-4aad-aa6f-5081cbdd56cb',2,4,20,NULL,0,NULL,NULL,NULL,'2014-05-26 23:12:48','2014-05-26 23:12:48'),
	(3272,27045,'536ff527-641c-4e68-bd1d-5081cbdd56cb',2,2,0,NULL,0,NULL,NULL,NULL,'2014-05-26 23:12:48','2014-05-26 23:12:48'),
	(3273,27045,'536ff527-7ba8-404b-9c21-5081cbdd56cb',2,5,16,NULL,0,NULL,NULL,NULL,'2014-05-26 23:12:48','2014-05-26 23:12:48'),
	(3274,27045,'536ff527-9c7c-43c6-90d4-5081cbdd56cb',5,6,20,NULL,0,NULL,NULL,NULL,'2014-05-26 23:12:48','2014-05-26 23:12:48'),
	(3275,27045,'536ff527-a40c-4ada-a090-5081cbdd56cb',4,0,0,NULL,0,NULL,NULL,NULL,'2014-05-26 23:12:48','2014-05-26 23:12:48'),
	(3276,27045,'536ff527-c43c-4a86-b964-5081cbdd56cb',1,4,16,NULL,0,NULL,NULL,NULL,'2014-05-26 23:12:48','2014-05-26 23:12:48'),
	(3277,27045,'5375349d-02cc-4b26-b41f-7d11cbdd56cb',1,0,0,NULL,0,NULL,NULL,NULL,'2014-05-26 23:12:48','2014-05-26 23:12:48'),
	(3278,27045,'53753b0d-93f8-4988-9d78-7debcbdd56cb',1,0,0,NULL,0,NULL,NULL,NULL,'2014-05-26 23:12:48','2014-05-26 23:12:48'),
	(3279,27045,'537d28aa-2064-48cc-82db-30ddcbdd56cb',2,6,14,NULL,0,NULL,NULL,NULL,'2014-05-26 23:12:48','2014-05-26 23:12:48'),
	(3280,27045,'537d294d-e1ac-4517-890a-30e1cbdd56cb',7,0,0,NULL,0,NULL,NULL,NULL,'2014-05-26 23:12:48','2014-05-26 23:12:48'),
	(3281,27046,'5365537a-2108-4961-89b3-130ecbdd56cb',3,3,NULL,NULL,0,NULL,NULL,NULL,'2014-05-26 23:12:48','2014-05-26 23:12:48'),
	(3282,27046,'536ff50f-04d4-430f-95d4-4feccbdd56cb',6,0,NULL,NULL,0,NULL,NULL,NULL,'2014-05-26 23:12:48','2014-05-26 23:12:48'),
	(3283,27046,'536ff50f-21c8-42d7-920b-4feccbdd56cb',1,3,NULL,NULL,0,NULL,NULL,NULL,'2014-05-26 23:12:48','2014-05-26 23:12:48'),
	(3284,27046,'536ff50f-7c74-42c4-99f9-4feccbdd56cb',0,5,NULL,NULL,0,NULL,NULL,NULL,'2014-05-26 23:12:48','2014-05-26 23:12:48'),
	(3285,27046,'536ff50f-ad34-4fd1-be3a-4feccbdd56cb',3,7,NULL,NULL,0,NULL,NULL,NULL,'2014-05-26 23:12:48','2014-05-26 23:12:48'),
	(3286,27046,'536ff50f-b00c-45de-b805-4feccbdd56cb',5,5,NULL,NULL,0,NULL,NULL,NULL,'2014-05-26 23:12:48','2014-05-26 23:12:48'),
	(3287,27046,'536ff50f-c63c-411a-9ec5-4feccbdd56cb',3,0,NULL,NULL,0,NULL,NULL,NULL,'2014-05-26 23:12:48','2014-05-26 23:12:48'),
	(3288,27046,'536ff50f-e4dc-4f6b-8b25-4feccbdd56cb',0,6,NULL,NULL,0,NULL,NULL,NULL,'2014-05-26 23:12:48','2014-05-26 23:12:48'),
	(3289,27046,'536ff50f-e93c-4929-a22c-4feccbdd56cb',5,5,NULL,NULL,0,NULL,NULL,NULL,'2014-05-26 23:12:48','2014-05-26 23:12:48'),
	(3290,27046,'536ff50f-f618-4420-9335-4feccbdd56cb',4,2,NULL,NULL,0,NULL,NULL,NULL,'2014-05-26 23:12:48','2014-05-26 23:12:48'),
	(3291,27046,'536ff523-365c-4d93-a5d3-5081cbdd56cb',5,6,NULL,NULL,0,NULL,NULL,NULL,'2014-05-26 23:12:48','2014-05-26 23:12:48'),
	(3292,27046,'536ff523-7190-45fc-a81f-5081cbdd56cb',6,7,NULL,NULL,0,NULL,NULL,NULL,'2014-05-26 23:12:48','2014-05-26 23:12:48'),
	(3293,27046,'536ff523-72c0-42d0-942d-5081cbdd56cb',6,0,NULL,NULL,0,NULL,NULL,NULL,'2014-05-26 23:12:48','2014-05-26 23:12:48'),
	(3294,27046,'536ff523-88a8-49a6-86ff-5081cbdd56cb',0,1,NULL,NULL,0,NULL,NULL,NULL,'2014-05-26 23:12:48','2014-05-26 23:12:48'),
	(3295,27046,'536ff523-982c-4fa1-9a9e-5081cbdd56cb',6,7,NULL,NULL,0,NULL,NULL,NULL,'2014-05-26 23:12:48','2014-05-26 23:12:48'),
	(3296,27046,'536ff523-e2c4-48cf-b57b-5081cbdd56cb',2,1,NULL,NULL,0,NULL,NULL,NULL,'2014-05-26 23:12:48','2014-05-26 23:12:48'),
	(3297,27046,'536ff523-f4cc-4fa9-afb6-5081cbdd56cb',3,0,NULL,NULL,0,NULL,NULL,NULL,'2014-05-26 23:12:48','2014-05-26 23:12:48'),
	(3298,27046,'536ff525-083c-4cee-bddb-5081cbdd56cb',2,4,NULL,NULL,0,NULL,NULL,NULL,'2014-05-26 23:12:48','2014-05-26 23:12:48'),
	(3299,27046,'536ff525-170c-491b-bd24-5081cbdd56cb',4,2,NULL,NULL,0,NULL,NULL,NULL,'2014-05-26 23:12:48','2014-05-26 23:12:48'),
	(3300,27046,'536ff525-605c-410b-ad6e-5081cbdd56cb',1,0,NULL,NULL,0,NULL,NULL,NULL,'2014-05-26 23:12:48','2014-05-26 23:12:48'),
	(3301,27046,'536ff525-68c0-485f-83fe-5081cbdd56cb',2,7,NULL,NULL,0,NULL,NULL,NULL,'2014-05-26 23:12:48','2014-05-26 23:12:48'),
	(3302,27046,'536ff525-6ef0-4dfb-9159-5081cbdd56cb',5,5,NULL,NULL,0,NULL,NULL,NULL,'2014-05-26 23:12:48','2014-05-26 23:12:48'),
	(3303,27046,'536ff525-70c4-4c30-8dac-5081cbdd56cb',7,6,NULL,NULL,0,NULL,NULL,NULL,'2014-05-26 23:12:48','2014-05-26 23:12:48'),
	(3304,27046,'536ff525-a2dc-4e33-93c4-5081cbdd56cb',4,5,NULL,NULL,0,NULL,NULL,NULL,'2014-05-26 23:12:48','2014-05-26 23:12:48'),
	(3305,27046,'536ff525-a88c-4b61-8978-5081cbdd56cb',3,0,NULL,NULL,0,NULL,NULL,NULL,'2014-05-26 23:12:48','2014-05-26 23:12:48'),
	(3306,27046,'536ff525-d8e8-489b-a3fc-5081cbdd56cb',7,1,NULL,NULL,0,NULL,NULL,NULL,'2014-05-26 23:12:48','2014-05-26 23:12:48'),
	(3307,27046,'536ff525-ee44-45c0-949e-5081cbdd56cb',7,6,NULL,NULL,0,NULL,NULL,NULL,'2014-05-26 23:12:48','2014-05-26 23:12:48'),
	(3308,27046,'536ff527-1818-4075-9526-5081cbdd56cb',0,6,NULL,NULL,0,NULL,NULL,NULL,'2014-05-26 23:12:48','2014-05-26 23:12:48'),
	(3309,27046,'536ff527-1ab4-446e-a884-5081cbdd56cb',6,1,NULL,NULL,0,NULL,NULL,NULL,'2014-05-26 23:12:48','2014-05-26 23:12:48'),
	(3310,27046,'536ff527-51a4-45cb-9eec-5081cbdd56cb',7,4,NULL,NULL,0,NULL,NULL,NULL,'2014-05-26 23:12:48','2014-05-26 23:12:48'),
	(3311,27046,'536ff527-5b38-4aad-aa6f-5081cbdd56cb',0,1,NULL,NULL,0,NULL,NULL,NULL,'2014-05-26 23:12:48','2014-05-26 23:12:48'),
	(3312,27046,'536ff527-641c-4e68-bd1d-5081cbdd56cb',6,4,NULL,NULL,0,NULL,NULL,NULL,'2014-05-26 23:12:48','2014-05-26 23:12:48'),
	(3313,27046,'536ff527-7ba8-404b-9c21-5081cbdd56cb',1,0,NULL,NULL,0,NULL,NULL,NULL,'2014-05-26 23:12:48','2014-05-26 23:12:48'),
	(3314,27046,'536ff527-9c7c-43c6-90d4-5081cbdd56cb',0,6,NULL,NULL,0,NULL,NULL,NULL,'2014-05-26 23:12:48','2014-05-26 23:12:48'),
	(3315,27046,'536ff527-a40c-4ada-a090-5081cbdd56cb',2,2,NULL,NULL,0,NULL,NULL,NULL,'2014-05-26 23:12:48','2014-05-26 23:12:48'),
	(3316,27046,'536ff527-c43c-4a86-b964-5081cbdd56cb',6,4,NULL,NULL,0,NULL,NULL,NULL,'2014-05-26 23:12:48','2014-05-26 23:12:48'),
	(3317,27046,'5375349d-02cc-4b26-b41f-7d11cbdd56cb',1,4,NULL,NULL,0,NULL,NULL,NULL,'2014-05-26 23:12:48','2014-05-26 23:12:48'),
	(3318,27046,'53753b0d-93f8-4988-9d78-7debcbdd56cb',2,0,NULL,NULL,0,NULL,NULL,NULL,'2014-05-26 23:12:48','2014-05-26 23:12:48'),
	(3319,27046,'537d28aa-2064-48cc-82db-30ddcbdd56cb',2,6,NULL,NULL,0,NULL,NULL,NULL,'2014-05-26 23:12:48','2014-05-26 23:12:48'),
	(3320,27046,'537d294d-e1ac-4517-890a-30e1cbdd56cb',5,5,NULL,NULL,0,NULL,NULL,NULL,'2014-05-26 23:12:48','2014-05-26 23:12:48'),
	(3322,27047,'536ff50f-04d4-430f-95d4-4feccbdd56cb',7,7,0,NULL,0,NULL,NULL,NULL,'2014-05-26 23:12:48','2014-05-26 23:12:48'),
	(3323,27047,'536ff50f-21c8-42d7-920b-4feccbdd56cb',3,7,0,NULL,0,NULL,NULL,NULL,'2014-05-26 23:12:48','2014-05-26 23:12:48'),
	(3324,27047,'536ff50f-7c74-42c4-99f9-4feccbdd56cb',5,1,14,NULL,0,NULL,NULL,NULL,'2014-05-26 23:12:48','2014-05-26 23:12:48'),
	(3325,27047,'536ff50f-ad34-4fd1-be3a-4feccbdd56cb',1,5,0,NULL,0,NULL,NULL,NULL,'2014-05-26 23:12:48','2014-05-26 23:12:48'),
	(3326,27047,'536ff50f-b00c-45de-b805-4feccbdd56cb',6,1,14,NULL,0,NULL,NULL,NULL,'2014-05-26 23:12:48','2014-05-26 23:12:48'),
	(3327,27047,'536ff50f-c63c-411a-9ec5-4feccbdd56cb',6,4,30,NULL,0,NULL,NULL,NULL,'2014-05-26 23:12:48','2014-05-26 23:12:48'),
	(3328,27047,'536ff50f-e4dc-4f6b-8b25-4feccbdd56cb',6,0,12,NULL,0,NULL,NULL,NULL,'2014-05-26 23:12:48','2014-05-26 23:12:48'),
	(3329,27047,'536ff50f-e93c-4929-a22c-4feccbdd56cb',4,6,0,NULL,0,NULL,NULL,NULL,'2014-05-26 23:12:48','2014-05-26 23:12:48'),
	(3330,27047,'536ff50f-f618-4420-9335-4feccbdd56cb',6,7,0,NULL,0,NULL,NULL,NULL,'2014-05-26 23:12:48','2014-05-26 23:12:48'),
	(3331,27047,'536ff523-365c-4d93-a5d3-5081cbdd56cb',0,4,0,NULL,0,NULL,NULL,NULL,'2014-05-26 23:12:48','2014-05-26 23:12:48'),
	(3332,27047,'536ff523-7190-45fc-a81f-5081cbdd56cb',4,2,20,NULL,0,NULL,NULL,NULL,'2014-05-26 23:12:48','2014-05-26 23:12:48'),
	(3333,27047,'536ff523-72c0-42d0-942d-5081cbdd56cb',0,6,0,NULL,0,NULL,NULL,NULL,'2014-05-26 23:12:48','2014-05-26 23:12:48'),
	(3334,27047,'536ff523-88a8-49a6-86ff-5081cbdd56cb',3,3,0,NULL,0,NULL,NULL,NULL,'2014-05-26 23:12:48','2014-05-26 23:12:48'),
	(3335,27047,'536ff523-982c-4fa1-9a9e-5081cbdd56cb',5,0,13,NULL,0,NULL,NULL,NULL,'2014-05-26 23:12:48','2014-05-26 23:12:48'),
	(3336,27047,'536ff523-e2c4-48cf-b57b-5081cbdd56cb',0,5,0,NULL,0,NULL,NULL,NULL,'2014-05-26 23:12:48','2014-05-26 23:12:48'),
	(3337,27047,'536ff523-f4cc-4fa9-afb6-5081cbdd56cb',6,0,12,NULL,0,NULL,NULL,NULL,'2014-05-26 23:12:48','2014-05-26 23:12:48'),
	(3338,27047,'536ff525-083c-4cee-bddb-5081cbdd56cb',5,1,14,NULL,0,NULL,NULL,NULL,'2014-05-26 23:12:48','2014-05-26 23:12:48'),
	(3339,27047,'536ff525-170c-491b-bd24-5081cbdd56cb',7,2,14,NULL,0,NULL,NULL,NULL,'2014-05-26 23:12:48','2014-05-26 23:12:48'),
	(3340,27047,'536ff525-605c-410b-ad6e-5081cbdd56cb',3,0,16,NULL,0,NULL,NULL,NULL,'2014-05-26 23:12:48','2014-05-26 23:12:48'),
	(3341,27047,'536ff525-68c0-485f-83fe-5081cbdd56cb',7,2,14,NULL,0,NULL,NULL,NULL,'2014-05-26 23:12:48','2014-05-26 23:12:48'),
	(3342,27047,'536ff525-6ef0-4dfb-9159-5081cbdd56cb',2,6,0,NULL,0,NULL,NULL,NULL,'2014-05-26 23:12:48','2014-05-26 23:12:48'),
	(3343,27047,'536ff525-70c4-4c30-8dac-5081cbdd56cb',6,0,12,NULL,0,NULL,NULL,NULL,'2014-05-26 23:12:48','2014-05-26 23:12:48'),
	(3344,27047,'536ff525-a2dc-4e33-93c4-5081cbdd56cb',7,3,16,NULL,0,NULL,NULL,NULL,'2014-05-26 23:12:48','2014-05-26 23:12:48'),
	(3345,27047,'536ff525-a88c-4b61-8978-5081cbdd56cb',7,5,22,NULL,0,NULL,NULL,NULL,'2014-05-26 23:12:48','2014-05-26 23:12:48'),
	(3346,27047,'536ff525-d8e8-489b-a3fc-5081cbdd56cb',2,0,20,NULL,0,NULL,NULL,NULL,'2014-05-26 23:12:48','2014-05-26 23:12:48'),
	(3347,27047,'536ff525-ee44-45c0-949e-5081cbdd56cb',2,6,0,NULL,0,NULL,NULL,NULL,'2014-05-26 23:12:48','2014-05-26 23:12:48'),
	(3348,27047,'536ff527-1818-4075-9526-5081cbdd56cb',2,3,0,NULL,0,NULL,NULL,NULL,'2014-05-26 23:12:48','2014-05-26 23:12:48'),
	(3349,27047,'536ff527-1ab4-446e-a884-5081cbdd56cb',5,5,0,NULL,0,NULL,NULL,NULL,'2014-05-26 23:12:48','2014-05-26 23:12:48'),
	(3350,27047,'536ff527-51a4-45cb-9eec-5081cbdd56cb',6,3,20,NULL,0,NULL,NULL,NULL,'2014-05-26 23:12:48','2014-05-26 23:12:48'),
	(3351,27047,'536ff527-5b38-4aad-aa6f-5081cbdd56cb',6,7,0,NULL,0,NULL,NULL,NULL,'2014-05-26 23:12:48','2014-05-26 23:12:48'),
	(3352,27047,'536ff527-641c-4e68-bd1d-5081cbdd56cb',1,4,0,NULL,0,NULL,NULL,NULL,'2014-05-26 23:12:48','2014-05-26 23:12:48'),
	(3353,27047,'536ff527-7ba8-404b-9c21-5081cbdd56cb',7,6,17,NULL,0,NULL,NULL,NULL,'2014-05-26 23:12:48','2014-05-26 23:12:48'),
	(3354,27047,'536ff527-9c7c-43c6-90d4-5081cbdd56cb',6,7,0,NULL,0,NULL,NULL,NULL,'2014-05-26 23:12:48','2014-05-26 23:12:48'),
	(3355,27047,'536ff527-a40c-4ada-a090-5081cbdd56cb',1,2,0,NULL,0,NULL,NULL,NULL,'2014-05-26 23:12:48','2014-05-26 23:12:48'),
	(3356,27047,'536ff527-c43c-4a86-b964-5081cbdd56cb',0,1,0,NULL,0,NULL,NULL,NULL,'2014-05-26 23:12:48','2014-05-26 23:12:48'),
	(3357,27047,'5375349d-02cc-4b26-b41f-7d11cbdd56cb',4,3,17,NULL,0,NULL,NULL,NULL,'2014-05-26 23:12:48','2014-05-26 23:12:48'),
	(3358,27047,'53753b0d-93f8-4988-9d78-7debcbdd56cb',0,3,0,NULL,0,NULL,NULL,NULL,'2014-05-26 23:12:48','2014-05-26 23:12:48'),
	(3359,27047,'537d28aa-2064-48cc-82db-30ddcbdd56cb',4,7,0,NULL,0,NULL,NULL,NULL,'2014-05-26 23:12:48','2014-05-26 23:12:48'),
	(3360,27047,'537d294d-e1ac-4517-890a-30e1cbdd56cb',6,3,20,NULL,0,NULL,NULL,NULL,'2014-05-26 23:12:48','2014-05-26 23:12:48'),
	(3361,27048,'5365537a-2108-4961-89b3-130ecbdd56cb',5,0,12,NULL,0,NULL,NULL,NULL,'2014-05-26 23:12:48','2014-05-26 23:12:48'),
	(3362,27048,'536ff50f-04d4-430f-95d4-4feccbdd56cb',3,7,0,NULL,0,NULL,NULL,NULL,'2014-05-26 23:12:48','2014-05-26 23:12:48'),
	(3363,27048,'536ff50f-21c8-42d7-920b-4feccbdd56cb',7,6,20,NULL,0,NULL,NULL,NULL,'2014-05-26 23:12:48','2014-05-26 23:12:48'),
	(3364,27048,'536ff50f-7c74-42c4-99f9-4feccbdd56cb',3,5,0,NULL,0,NULL,NULL,NULL,'2014-05-26 23:12:48','2014-05-26 23:12:48'),
	(3365,27048,'536ff50f-ad34-4fd1-be3a-4feccbdd56cb',3,1,20,NULL,0,NULL,NULL,NULL,'2014-05-26 23:12:48','2014-05-26 23:12:48'),
	(3366,27048,'536ff50f-b00c-45de-b805-4feccbdd56cb',0,2,0,NULL,0,NULL,NULL,NULL,'2014-05-26 23:12:48','2014-05-26 23:12:48'),
	(3367,27048,'536ff50f-c63c-411a-9ec5-4feccbdd56cb',1,2,0,NULL,0,NULL,NULL,NULL,'2014-05-26 23:12:48','2014-05-26 23:12:48'),
	(3368,27048,'536ff50f-e4dc-4f6b-8b25-4feccbdd56cb',7,0,12,NULL,0,NULL,NULL,NULL,'2014-05-26 23:12:48','2014-05-26 23:12:48'),
	(3369,27048,'536ff50f-e93c-4929-a22c-4feccbdd56cb',1,5,0,NULL,0,NULL,NULL,NULL,'2014-05-26 23:12:48','2014-05-26 23:12:48'),
	(3370,27048,'536ff50f-f618-4420-9335-4feccbdd56cb',7,2,12,NULL,0,NULL,NULL,NULL,'2014-05-26 23:12:49','2014-05-26 23:12:49'),
	(3371,27048,'536ff523-365c-4d93-a5d3-5081cbdd56cb',0,0,0,NULL,0,NULL,NULL,NULL,'2014-05-26 23:12:49','2014-05-26 23:12:49'),
	(3372,27048,'536ff523-7190-45fc-a81f-5081cbdd56cb',4,5,0,NULL,0,NULL,NULL,NULL,'2014-05-26 23:12:49','2014-05-26 23:12:49'),
	(3373,27048,'536ff523-72c0-42d0-942d-5081cbdd56cb',3,4,0,NULL,0,NULL,NULL,NULL,'2014-05-26 23:12:49','2014-05-26 23:12:49'),
	(3374,27048,'536ff523-88a8-49a6-86ff-5081cbdd56cb',0,7,0,NULL,0,NULL,NULL,NULL,'2014-05-26 23:12:49','2014-05-26 23:12:49'),
	(3375,27048,'536ff523-982c-4fa1-9a9e-5081cbdd56cb',4,6,0,NULL,0,NULL,NULL,NULL,'2014-05-26 23:12:49','2014-05-26 23:12:49'),
	(3376,27048,'536ff523-e2c4-48cf-b57b-5081cbdd56cb',3,1,20,NULL,0,NULL,NULL,NULL,'2014-05-26 23:12:49','2014-05-26 23:12:49'),
	(3377,27048,'536ff523-f4cc-4fa9-afb6-5081cbdd56cb',6,6,0,NULL,0,NULL,NULL,NULL,'2014-05-26 23:12:49','2014-05-26 23:12:49'),
	(3378,27048,'536ff525-083c-4cee-bddb-5081cbdd56cb',1,6,0,NULL,0,NULL,NULL,NULL,'2014-05-26 23:12:49','2014-05-26 23:12:49'),
	(3379,27048,'536ff525-170c-491b-bd24-5081cbdd56cb',5,5,0,NULL,0,NULL,NULL,NULL,'2014-05-26 23:12:49','2014-05-26 23:12:49'),
	(3380,27048,'536ff525-605c-410b-ad6e-5081cbdd56cb',3,1,20,NULL,0,NULL,NULL,NULL,'2014-05-26 23:12:49','2014-05-26 23:12:49'),
	(3381,27048,'536ff525-68c0-485f-83fe-5081cbdd56cb',6,3,14,NULL,0,NULL,NULL,NULL,'2014-05-26 23:12:49','2014-05-26 23:12:49'),
	(3382,27048,'536ff525-6ef0-4dfb-9159-5081cbdd56cb',3,7,0,NULL,0,NULL,NULL,NULL,'2014-05-26 23:12:49','2014-05-26 23:12:49'),
	(3383,27048,'536ff525-70c4-4c30-8dac-5081cbdd56cb',6,2,13,NULL,0,NULL,NULL,NULL,'2014-05-26 23:12:49','2014-05-26 23:12:49'),
	(3384,27048,'536ff525-a2dc-4e33-93c4-5081cbdd56cb',0,7,0,NULL,0,NULL,NULL,NULL,'2014-05-26 23:12:49','2014-05-26 23:12:49'),
	(3385,27048,'536ff525-a88c-4b61-8978-5081cbdd56cb',0,0,0,NULL,0,NULL,NULL,NULL,'2014-05-26 23:12:49','2014-05-26 23:12:49'),
	(3386,27048,'536ff525-d8e8-489b-a3fc-5081cbdd56cb',2,1,30,NULL,0,NULL,NULL,NULL,'2014-05-26 23:12:49','2014-05-26 23:12:49'),
	(3387,27048,'536ff525-ee44-45c0-949e-5081cbdd56cb',0,6,0,NULL,0,NULL,NULL,NULL,'2014-05-26 23:12:49','2014-05-26 23:12:49'),
	(3388,27048,'536ff527-1818-4075-9526-5081cbdd56cb',6,4,16,NULL,0,NULL,NULL,NULL,'2014-05-26 23:12:49','2014-05-26 23:12:49'),
	(3389,27048,'536ff527-1ab4-446e-a884-5081cbdd56cb',3,6,0,NULL,0,NULL,NULL,NULL,'2014-05-26 23:12:49','2014-05-26 23:12:49'),
	(3390,27048,'536ff527-51a4-45cb-9eec-5081cbdd56cb',3,7,0,NULL,0,NULL,NULL,NULL,'2014-05-26 23:12:49','2014-05-26 23:12:49'),
	(3391,27048,'536ff527-5b38-4aad-aa6f-5081cbdd56cb',4,6,0,NULL,0,NULL,NULL,NULL,'2014-05-26 23:12:49','2014-05-26 23:12:49'),
	(3392,27048,'536ff527-641c-4e68-bd1d-5081cbdd56cb',1,3,0,NULL,0,NULL,NULL,NULL,'2014-05-26 23:12:49','2014-05-26 23:12:49'),
	(3393,27048,'536ff527-7ba8-404b-9c21-5081cbdd56cb',5,3,16,NULL,0,NULL,NULL,NULL,'2014-05-26 23:12:49','2014-05-26 23:12:49'),
	(3394,27048,'536ff527-9c7c-43c6-90d4-5081cbdd56cb',1,2,0,NULL,0,NULL,NULL,NULL,'2014-05-26 23:12:49','2014-05-26 23:12:49'),
	(3395,27048,'536ff527-a40c-4ada-a090-5081cbdd56cb',0,4,0,NULL,0,NULL,NULL,NULL,'2014-05-26 23:12:49','2014-05-26 23:12:49'),
	(3396,27048,'536ff527-c43c-4a86-b964-5081cbdd56cb',3,7,0,NULL,0,NULL,NULL,NULL,'2014-05-26 23:12:49','2014-05-26 23:12:49'),
	(3397,27048,'5375349d-02cc-4b26-b41f-7d11cbdd56cb',0,7,0,NULL,0,NULL,NULL,NULL,'2014-05-26 23:12:49','2014-05-26 23:12:49'),
	(3398,27048,'53753b0d-93f8-4988-9d78-7debcbdd56cb',7,6,20,NULL,0,NULL,NULL,NULL,'2014-05-26 23:12:49','2014-05-26 23:12:49'),
	(3399,27048,'537d28aa-2064-48cc-82db-30ddcbdd56cb',1,7,0,NULL,0,NULL,NULL,NULL,'2014-05-26 23:12:49','2014-05-26 23:12:49'),
	(3400,27048,'537d294d-e1ac-4517-890a-30e1cbdd56cb',6,2,13,NULL,0,NULL,NULL,NULL,'2014-05-26 23:12:49','2014-05-26 23:12:49'),
	(3401,27049,'5365537a-2108-4961-89b3-130ecbdd56cb',7,0,13,NULL,0,NULL,NULL,NULL,'2014-05-26 23:12:49','2014-05-26 23:12:49'),
	(3402,27049,'536ff50f-04d4-430f-95d4-4feccbdd56cb',3,0,16,NULL,0,NULL,NULL,NULL,'2014-05-26 23:12:49','2014-05-26 23:12:49'),
	(3403,27049,'536ff50f-21c8-42d7-920b-4feccbdd56cb',6,1,16,NULL,0,NULL,NULL,NULL,'2014-05-26 23:12:49','2014-05-26 23:12:49'),
	(3404,27049,'536ff50f-7c74-42c4-99f9-4feccbdd56cb',4,2,14,NULL,0,NULL,NULL,NULL,'2014-05-26 23:12:49','2014-05-26 23:12:49'),
	(3405,27049,'536ff50f-ad34-4fd1-be3a-4feccbdd56cb',7,0,13,NULL,0,NULL,NULL,NULL,'2014-05-26 23:12:49','2014-05-26 23:12:49'),
	(3406,27049,'536ff50f-b00c-45de-b805-4feccbdd56cb',2,4,0,NULL,0,NULL,NULL,NULL,'2014-05-26 23:12:49','2014-05-26 23:12:49'),
	(3407,27049,'536ff50f-c63c-411a-9ec5-4feccbdd56cb',7,4,17,NULL,0,NULL,NULL,NULL,'2014-05-26 23:12:49','2014-05-26 23:12:49'),
	(3408,27049,'536ff50f-e4dc-4f6b-8b25-4feccbdd56cb',7,5,16,NULL,0,NULL,NULL,NULL,'2014-05-26 23:12:49','2014-05-26 23:12:49'),
	(3409,27049,'536ff50f-e93c-4929-a22c-4feccbdd56cb',7,1,14,NULL,0,NULL,NULL,NULL,'2014-05-26 23:12:49','2014-05-26 23:12:49'),
	(3410,27049,'536ff50f-f618-4420-9335-4feccbdd56cb',0,7,0,NULL,0,NULL,NULL,NULL,'2014-05-26 23:12:49','2014-05-26 23:12:49'),
	(3411,27049,'536ff523-365c-4d93-a5d3-5081cbdd56cb',5,4,13,NULL,0,NULL,NULL,NULL,'2014-05-26 23:12:49','2014-05-26 23:12:49'),
	(3412,27049,'536ff523-7190-45fc-a81f-5081cbdd56cb',7,6,14,NULL,0,NULL,NULL,NULL,'2014-05-26 23:12:49','2014-05-26 23:12:49'),
	(3413,27049,'536ff523-72c0-42d0-942d-5081cbdd56cb',3,6,0,NULL,0,NULL,NULL,NULL,'2014-05-26 23:12:49','2014-05-26 23:12:49'),
	(3414,27049,'536ff523-88a8-49a6-86ff-5081cbdd56cb',5,5,0,NULL,0,NULL,NULL,NULL,'2014-05-26 23:12:49','2014-05-26 23:12:49'),
	(3415,27049,'536ff523-982c-4fa1-9a9e-5081cbdd56cb',5,3,14,NULL,0,NULL,NULL,NULL,'2014-05-26 23:12:49','2014-05-26 23:12:49'),
	(3416,27049,'536ff523-e2c4-48cf-b57b-5081cbdd56cb',7,5,16,NULL,0,NULL,NULL,NULL,'2014-05-26 23:12:49','2014-05-26 23:12:49'),
	(3417,27049,'536ff523-f4cc-4fa9-afb6-5081cbdd56cb',3,3,0,NULL,0,NULL,NULL,NULL,'2014-05-26 23:12:49','2014-05-26 23:12:49'),
	(3418,27049,'536ff525-083c-4cee-bddb-5081cbdd56cb',6,2,20,NULL,0,NULL,NULL,NULL,'2014-05-26 23:12:49','2014-05-26 23:12:49'),
	(3419,27049,'536ff525-170c-491b-bd24-5081cbdd56cb',4,3,13,NULL,0,NULL,NULL,NULL,'2014-05-26 23:12:49','2014-05-26 23:12:49'),
	(3420,27049,'536ff525-605c-410b-ad6e-5081cbdd56cb',4,4,0,NULL,0,NULL,NULL,NULL,'2014-05-26 23:12:49','2014-05-26 23:12:49'),
	(3421,27049,'536ff525-68c0-485f-83fe-5081cbdd56cb',3,6,0,NULL,0,NULL,NULL,NULL,'2014-05-26 23:12:49','2014-05-26 23:12:49'),
	(3422,27049,'536ff525-6ef0-4dfb-9159-5081cbdd56cb',1,3,0,NULL,0,NULL,NULL,NULL,'2014-05-26 23:12:49','2014-05-26 23:12:49'),
	(3423,27049,'536ff525-70c4-4c30-8dac-5081cbdd56cb',3,0,16,NULL,0,NULL,NULL,NULL,'2014-05-26 23:12:49','2014-05-26 23:12:49'),
	(3424,27049,'536ff525-a2dc-4e33-93c4-5081cbdd56cb',0,2,0,NULL,0,NULL,NULL,NULL,'2014-05-26 23:12:49','2014-05-26 23:12:49'),
	(3425,27049,'536ff525-a88c-4b61-8978-5081cbdd56cb',2,1,13,NULL,0,NULL,NULL,NULL,'2014-05-26 23:12:49','2014-05-26 23:12:49'),
	(3426,27049,'536ff525-d8e8-489b-a3fc-5081cbdd56cb',2,0,14,NULL,0,NULL,NULL,NULL,'2014-05-26 23:12:49','2014-05-26 23:12:49'),
	(3427,27049,'536ff525-ee44-45c0-949e-5081cbdd56cb',5,1,20,NULL,0,NULL,NULL,NULL,'2014-05-26 23:12:49','2014-05-26 23:12:49'),
	(3428,27049,'536ff527-1818-4075-9526-5081cbdd56cb',6,0,14,NULL,0,NULL,NULL,NULL,'2014-05-26 23:12:49','2014-05-26 23:12:49'),
	(3429,27049,'536ff527-1ab4-446e-a884-5081cbdd56cb',7,3,20,NULL,0,NULL,NULL,NULL,'2014-05-26 23:12:49','2014-05-26 23:12:49'),
	(3430,27049,'536ff527-51a4-45cb-9eec-5081cbdd56cb',6,5,14,NULL,0,NULL,NULL,NULL,'2014-05-26 23:12:49','2014-05-26 23:12:49'),
	(3431,27049,'536ff527-5b38-4aad-aa6f-5081cbdd56cb',6,5,14,NULL,0,NULL,NULL,NULL,'2014-05-26 23:12:49','2014-05-26 23:12:49'),
	(3432,27049,'536ff527-641c-4e68-bd1d-5081cbdd56cb',2,2,0,NULL,0,NULL,NULL,NULL,'2014-05-26 23:12:49','2014-05-26 23:12:49'),
	(3433,27049,'536ff527-7ba8-404b-9c21-5081cbdd56cb',0,1,0,NULL,0,NULL,NULL,NULL,'2014-05-26 23:12:49','2014-05-26 23:12:49'),
	(3434,27049,'536ff527-9c7c-43c6-90d4-5081cbdd56cb',4,5,0,NULL,0,NULL,NULL,NULL,'2014-05-26 23:12:49','2014-05-26 23:12:49'),
	(3435,27049,'536ff527-a40c-4ada-a090-5081cbdd56cb',4,0,20,NULL,0,NULL,NULL,NULL,'2014-05-26 23:12:49','2014-05-26 23:12:49'),
	(3436,27049,'536ff527-c43c-4a86-b964-5081cbdd56cb',2,0,14,NULL,0,NULL,NULL,NULL,'2014-05-26 23:12:49','2014-05-26 23:12:49'),
	(3437,27049,'5375349d-02cc-4b26-b41f-7d11cbdd56cb',7,3,20,NULL,0,NULL,NULL,NULL,'2014-05-26 23:12:49','2014-05-26 23:12:49'),
	(3438,27049,'53753b0d-93f8-4988-9d78-7debcbdd56cb',4,2,14,NULL,0,NULL,NULL,NULL,'2014-05-26 23:12:49','2014-05-26 23:12:49'),
	(3439,27049,'537d28aa-2064-48cc-82db-30ddcbdd56cb',4,5,0,NULL,0,NULL,NULL,NULL,'2014-05-26 23:12:49','2014-05-26 23:12:49'),
	(3440,27049,'537d294d-e1ac-4517-890a-30e1cbdd56cb',5,6,0,NULL,0,NULL,NULL,NULL,'2014-05-26 23:12:49','2014-05-26 23:12:49'),
	(3441,27050,'5365537a-2108-4961-89b3-130ecbdd56cb',6,7,NULL,NULL,0,NULL,NULL,NULL,'2014-05-26 23:12:49','2014-05-26 23:12:49'),
	(3442,27050,'536ff50f-04d4-430f-95d4-4feccbdd56cb',6,3,NULL,NULL,0,NULL,NULL,NULL,'2014-05-26 23:12:49','2014-05-26 23:12:49'),
	(3443,27050,'536ff50f-21c8-42d7-920b-4feccbdd56cb',1,4,NULL,NULL,0,NULL,NULL,NULL,'2014-05-26 23:12:49','2014-05-26 23:12:49'),
	(3444,27050,'536ff50f-7c74-42c4-99f9-4feccbdd56cb',4,1,NULL,NULL,0,NULL,NULL,NULL,'2014-05-26 23:12:49','2014-05-26 23:12:49'),
	(3445,27050,'536ff50f-ad34-4fd1-be3a-4feccbdd56cb',0,2,NULL,NULL,0,NULL,NULL,NULL,'2014-05-26 23:12:49','2014-05-26 23:12:49'),
	(3446,27050,'536ff50f-b00c-45de-b805-4feccbdd56cb',6,7,NULL,NULL,0,NULL,NULL,NULL,'2014-05-26 23:12:49','2014-05-26 23:12:49'),
	(3447,27050,'536ff50f-c63c-411a-9ec5-4feccbdd56cb',0,1,NULL,NULL,0,NULL,NULL,NULL,'2014-05-26 23:12:49','2014-05-26 23:12:49'),
	(3448,27050,'536ff50f-e4dc-4f6b-8b25-4feccbdd56cb',1,1,NULL,NULL,0,NULL,NULL,NULL,'2014-05-26 23:12:49','2014-05-26 23:12:49'),
	(3449,27050,'536ff50f-e93c-4929-a22c-4feccbdd56cb',2,5,NULL,NULL,0,NULL,NULL,NULL,'2014-05-26 23:12:49','2014-05-26 23:12:49'),
	(3450,27050,'536ff50f-f618-4420-9335-4feccbdd56cb',7,7,NULL,NULL,0,NULL,NULL,NULL,'2014-05-26 23:12:49','2014-05-26 23:12:49'),
	(3451,27050,'536ff523-365c-4d93-a5d3-5081cbdd56cb',6,1,NULL,NULL,0,NULL,NULL,NULL,'2014-05-26 23:12:49','2014-05-26 23:12:49'),
	(3452,27050,'536ff523-7190-45fc-a81f-5081cbdd56cb',7,6,NULL,NULL,0,NULL,NULL,NULL,'2014-05-26 23:12:49','2014-05-26 23:12:49'),
	(3453,27050,'536ff523-72c0-42d0-942d-5081cbdd56cb',4,3,NULL,NULL,0,NULL,NULL,NULL,'2014-05-26 23:12:49','2014-05-26 23:12:49'),
	(3454,27050,'536ff523-88a8-49a6-86ff-5081cbdd56cb',0,1,NULL,NULL,0,NULL,NULL,NULL,'2014-05-26 23:12:49','2014-05-26 23:12:49'),
	(3455,27050,'536ff523-982c-4fa1-9a9e-5081cbdd56cb',0,6,NULL,NULL,0,NULL,NULL,NULL,'2014-05-26 23:12:49','2014-05-26 23:12:49'),
	(3456,27050,'536ff523-e2c4-48cf-b57b-5081cbdd56cb',7,7,NULL,NULL,0,NULL,NULL,NULL,'2014-05-26 23:12:49','2014-05-26 23:12:49'),
	(3457,27050,'536ff523-f4cc-4fa9-afb6-5081cbdd56cb',6,5,NULL,NULL,0,NULL,NULL,NULL,'2014-05-26 23:12:49','2014-05-26 23:12:49'),
	(3458,27050,'536ff525-083c-4cee-bddb-5081cbdd56cb',2,7,NULL,NULL,0,NULL,NULL,NULL,'2014-05-26 23:12:49','2014-05-26 23:12:49'),
	(3459,27050,'536ff525-170c-491b-bd24-5081cbdd56cb',2,7,NULL,NULL,0,NULL,NULL,NULL,'2014-05-26 23:12:49','2014-05-26 23:12:49'),
	(3460,27050,'536ff525-605c-410b-ad6e-5081cbdd56cb',0,3,NULL,NULL,0,NULL,NULL,NULL,'2014-05-26 23:12:49','2014-05-26 23:12:49'),
	(3461,27050,'536ff525-68c0-485f-83fe-5081cbdd56cb',2,6,NULL,NULL,0,NULL,NULL,NULL,'2014-05-26 23:12:49','2014-05-26 23:12:49'),
	(3462,27050,'536ff525-6ef0-4dfb-9159-5081cbdd56cb',2,2,NULL,NULL,0,NULL,NULL,NULL,'2014-05-26 23:12:49','2014-05-26 23:12:49'),
	(3463,27050,'536ff525-70c4-4c30-8dac-5081cbdd56cb',0,3,NULL,NULL,0,NULL,NULL,NULL,'2014-05-26 23:12:49','2014-05-26 23:12:49'),
	(3464,27050,'536ff525-a2dc-4e33-93c4-5081cbdd56cb',4,2,NULL,NULL,0,NULL,NULL,NULL,'2014-05-26 23:12:49','2014-05-26 23:12:49'),
	(3465,27050,'536ff525-a88c-4b61-8978-5081cbdd56cb',1,3,NULL,NULL,0,NULL,NULL,NULL,'2014-05-26 23:12:49','2014-05-26 23:12:49'),
	(3466,27050,'536ff525-d8e8-489b-a3fc-5081cbdd56cb',2,7,NULL,NULL,0,NULL,NULL,NULL,'2014-05-26 23:12:49','2014-05-26 23:12:49'),
	(3467,27050,'536ff525-ee44-45c0-949e-5081cbdd56cb',5,1,NULL,NULL,0,NULL,NULL,NULL,'2014-05-26 23:12:49','2014-05-26 23:12:49'),
	(3468,27050,'536ff527-1818-4075-9526-5081cbdd56cb',5,2,NULL,NULL,0,NULL,NULL,NULL,'2014-05-26 23:12:49','2014-05-26 23:12:49'),
	(3469,27050,'536ff527-1ab4-446e-a884-5081cbdd56cb',5,6,NULL,NULL,0,NULL,NULL,NULL,'2014-05-26 23:12:49','2014-05-26 23:12:49'),
	(3470,27050,'536ff527-51a4-45cb-9eec-5081cbdd56cb',3,6,NULL,NULL,0,NULL,NULL,NULL,'2014-05-26 23:12:49','2014-05-26 23:12:49'),
	(3471,27050,'536ff527-5b38-4aad-aa6f-5081cbdd56cb',4,2,NULL,NULL,0,NULL,NULL,NULL,'2014-05-26 23:12:49','2014-05-26 23:12:49'),
	(3472,27050,'536ff527-641c-4e68-bd1d-5081cbdd56cb',5,2,NULL,NULL,0,NULL,NULL,NULL,'2014-05-26 23:12:49','2014-05-26 23:12:49'),
	(3473,27050,'536ff527-7ba8-404b-9c21-5081cbdd56cb',0,0,NULL,NULL,0,NULL,NULL,NULL,'2014-05-26 23:12:49','2014-05-26 23:12:49'),
	(3474,27050,'536ff527-9c7c-43c6-90d4-5081cbdd56cb',2,2,NULL,NULL,0,NULL,NULL,NULL,'2014-05-26 23:12:49','2014-05-26 23:12:49'),
	(3475,27050,'536ff527-a40c-4ada-a090-5081cbdd56cb',7,2,NULL,NULL,0,NULL,NULL,NULL,'2014-05-26 23:12:49','2014-05-26 23:12:49'),
	(3476,27050,'536ff527-c43c-4a86-b964-5081cbdd56cb',6,1,NULL,NULL,0,NULL,NULL,NULL,'2014-05-26 23:12:49','2014-05-26 23:12:49'),
	(3477,27050,'5375349d-02cc-4b26-b41f-7d11cbdd56cb',1,0,NULL,NULL,0,NULL,NULL,NULL,'2014-05-26 23:12:49','2014-05-26 23:12:49'),
	(3478,27050,'53753b0d-93f8-4988-9d78-7debcbdd56cb',4,2,NULL,NULL,0,NULL,NULL,NULL,'2014-05-26 23:12:49','2014-05-26 23:12:49'),
	(3479,27050,'537d28aa-2064-48cc-82db-30ddcbdd56cb',3,0,NULL,NULL,0,NULL,NULL,NULL,'2014-05-26 23:12:49','2014-05-26 23:12:49'),
	(3480,27050,'537d294d-e1ac-4517-890a-30e1cbdd56cb',4,5,NULL,NULL,0,NULL,NULL,NULL,'2014-05-26 23:12:49','2014-05-26 23:12:49'),
	(3481,27051,'5365537a-2108-4961-89b3-130ecbdd56cb',4,7,0,NULL,0,NULL,NULL,NULL,'2014-05-26 23:12:49','2014-05-26 23:12:49'),
	(3482,27051,'536ff50f-04d4-430f-95d4-4feccbdd56cb',4,1,0,NULL,0,NULL,NULL,NULL,'2014-05-26 23:12:49','2014-05-26 23:12:49'),
	(3483,27051,'536ff50f-21c8-42d7-920b-4feccbdd56cb',0,2,0,NULL,0,NULL,NULL,NULL,'2014-05-26 23:12:49','2014-05-26 23:12:49'),
	(3484,27051,'536ff50f-7c74-42c4-99f9-4feccbdd56cb',3,6,0,NULL,0,NULL,NULL,NULL,'2014-05-26 23:12:49','2014-05-26 23:12:49'),
	(3485,27051,'536ff50f-ad34-4fd1-be3a-4feccbdd56cb',0,6,0,NULL,0,NULL,NULL,NULL,'2014-05-26 23:12:49','2014-05-26 23:12:49'),
	(3486,27051,'536ff50f-b00c-45de-b805-4feccbdd56cb',4,5,0,NULL,0,NULL,NULL,NULL,'2014-05-26 23:12:49','2014-05-26 23:12:49'),
	(3487,27051,'536ff50f-c63c-411a-9ec5-4feccbdd56cb',0,2,0,NULL,0,NULL,NULL,NULL,'2014-05-26 23:12:49','2014-05-26 23:12:49'),
	(3488,27051,'536ff50f-e4dc-4f6b-8b25-4feccbdd56cb',0,1,0,NULL,0,NULL,NULL,NULL,'2014-05-26 23:12:49','2014-05-26 23:12:49'),
	(3489,27051,'536ff50f-e93c-4929-a22c-4feccbdd56cb',2,2,20,NULL,0,NULL,NULL,NULL,'2014-05-26 23:12:49','2014-05-26 23:12:49'),
	(3490,27051,'536ff50f-f618-4420-9335-4feccbdd56cb',3,2,0,NULL,0,NULL,NULL,NULL,'2014-05-26 23:12:49','2014-05-26 23:12:49'),
	(3491,27051,'536ff523-365c-4d93-a5d3-5081cbdd56cb',5,1,0,NULL,0,NULL,NULL,NULL,'2014-05-26 23:12:49','2014-05-26 23:12:49'),
	(3492,27051,'536ff523-7190-45fc-a81f-5081cbdd56cb',3,7,0,NULL,0,NULL,NULL,NULL,'2014-05-26 23:12:49','2014-05-26 23:12:49'),
	(3493,27051,'536ff523-72c0-42d0-942d-5081cbdd56cb',2,0,0,NULL,0,NULL,NULL,NULL,'2014-05-26 23:12:49','2014-05-26 23:12:49'),
	(3494,27051,'536ff523-88a8-49a6-86ff-5081cbdd56cb',1,6,0,NULL,0,NULL,NULL,NULL,'2014-05-26 23:12:49','2014-05-26 23:12:49'),
	(3495,27051,'536ff523-982c-4fa1-9a9e-5081cbdd56cb',0,6,0,NULL,0,NULL,NULL,NULL,'2014-05-26 23:12:49','2014-05-26 23:12:49'),
	(3496,27051,'536ff523-e2c4-48cf-b57b-5081cbdd56cb',3,4,0,NULL,0,NULL,NULL,NULL,'2014-05-26 23:12:49','2014-05-26 23:12:49'),
	(3497,27051,'536ff523-f4cc-4fa9-afb6-5081cbdd56cb',5,7,0,NULL,0,NULL,NULL,NULL,'2014-05-26 23:12:49','2014-05-26 23:12:49'),
	(3498,27051,'536ff525-083c-4cee-bddb-5081cbdd56cb',5,6,0,NULL,0,NULL,NULL,NULL,'2014-05-26 23:12:49','2014-05-26 23:12:49'),
	(3499,27051,'536ff525-170c-491b-bd24-5081cbdd56cb',1,1,20,NULL,0,NULL,NULL,NULL,'2014-05-26 23:12:49','2014-05-26 23:12:49'),
	(3500,27051,'536ff525-605c-410b-ad6e-5081cbdd56cb',5,2,0,NULL,0,NULL,NULL,NULL,'2014-05-26 23:12:49','2014-05-26 23:12:49'),
	(3501,27051,'536ff525-68c0-485f-83fe-5081cbdd56cb',7,1,0,NULL,0,NULL,NULL,NULL,'2014-05-26 23:12:49','2014-05-26 23:12:49'),
	(3502,27051,'536ff525-6ef0-4dfb-9159-5081cbdd56cb',0,0,20,NULL,0,NULL,NULL,NULL,'2014-05-26 23:12:49','2014-05-26 23:12:49'),
	(3503,27051,'536ff525-70c4-4c30-8dac-5081cbdd56cb',4,0,0,NULL,0,NULL,NULL,NULL,'2014-05-26 23:12:49','2014-05-26 23:12:49'),
	(3504,27051,'536ff525-a2dc-4e33-93c4-5081cbdd56cb',1,6,0,NULL,0,NULL,NULL,NULL,'2014-05-26 23:12:49','2014-05-26 23:12:49'),
	(3505,27051,'536ff525-a88c-4b61-8978-5081cbdd56cb',3,4,0,NULL,0,NULL,NULL,NULL,'2014-05-26 23:12:49','2014-05-26 23:12:49'),
	(3506,27051,'536ff525-d8e8-489b-a3fc-5081cbdd56cb',1,1,20,NULL,0,NULL,NULL,NULL,'2014-05-26 23:12:49','2014-05-26 23:12:49'),
	(3507,27051,'536ff525-ee44-45c0-949e-5081cbdd56cb',6,4,0,NULL,0,NULL,NULL,NULL,'2014-05-26 23:12:49','2014-05-26 23:12:49'),
	(3508,27051,'536ff527-1818-4075-9526-5081cbdd56cb',1,1,20,NULL,0,NULL,NULL,NULL,'2014-05-26 23:12:49','2014-05-26 23:12:49'),
	(3509,27051,'536ff527-1ab4-446e-a884-5081cbdd56cb',5,2,0,NULL,0,NULL,NULL,NULL,'2014-05-26 23:12:49','2014-05-26 23:12:49'),
	(3510,27051,'536ff527-51a4-45cb-9eec-5081cbdd56cb',7,5,0,NULL,0,NULL,NULL,NULL,'2014-05-26 23:12:49','2014-05-26 23:12:49'),
	(3511,27051,'536ff527-5b38-4aad-aa6f-5081cbdd56cb',1,2,0,NULL,0,NULL,NULL,NULL,'2014-05-26 23:12:49','2014-05-26 23:12:49'),
	(3512,27051,'536ff527-641c-4e68-bd1d-5081cbdd56cb',2,7,0,NULL,0,NULL,NULL,NULL,'2014-05-26 23:12:49','2014-05-26 23:12:49'),
	(3513,27051,'536ff527-7ba8-404b-9c21-5081cbdd56cb',2,0,0,NULL,0,NULL,NULL,NULL,'2014-05-26 23:12:49','2014-05-26 23:12:49'),
	(3514,27051,'536ff527-9c7c-43c6-90d4-5081cbdd56cb',5,4,0,NULL,0,NULL,NULL,NULL,'2014-05-26 23:12:49','2014-05-26 23:12:49'),
	(3515,27051,'536ff527-a40c-4ada-a090-5081cbdd56cb',1,3,0,NULL,0,NULL,NULL,NULL,'2014-05-26 23:12:49','2014-05-26 23:12:49'),
	(3516,27051,'536ff527-c43c-4a86-b964-5081cbdd56cb',6,0,0,NULL,0,NULL,NULL,NULL,'2014-05-26 23:12:49','2014-05-26 23:12:49'),
	(3517,27051,'5375349d-02cc-4b26-b41f-7d11cbdd56cb',4,6,0,NULL,0,NULL,NULL,NULL,'2014-05-26 23:12:49','2014-05-26 23:12:49'),
	(3518,27051,'53753b0d-93f8-4988-9d78-7debcbdd56cb',0,1,0,NULL,0,NULL,NULL,NULL,'2014-05-26 23:12:49','2014-05-26 23:12:49'),
	(3519,27051,'537d28aa-2064-48cc-82db-30ddcbdd56cb',7,1,0,NULL,0,NULL,NULL,NULL,'2014-05-26 23:12:49','2014-05-26 23:12:49'),
	(3520,27051,'537d294d-e1ac-4517-890a-30e1cbdd56cb',7,3,0,NULL,0,NULL,NULL,NULL,'2014-05-26 23:12:49','2014-05-26 23:12:49'),
	(3521,27052,'5365537a-2108-4961-89b3-130ecbdd56cb',6,0,NULL,NULL,0,NULL,NULL,NULL,'2014-05-26 23:12:49','2014-05-26 23:12:49'),
	(3522,27052,'536ff50f-04d4-430f-95d4-4feccbdd56cb',4,5,NULL,NULL,0,NULL,NULL,NULL,'2014-05-26 23:12:49','2014-05-26 23:12:49'),
	(3523,27052,'536ff50f-21c8-42d7-920b-4feccbdd56cb',5,6,NULL,NULL,0,NULL,NULL,NULL,'2014-05-26 23:12:49','2014-05-26 23:12:49'),
	(3524,27052,'536ff50f-7c74-42c4-99f9-4feccbdd56cb',6,2,NULL,NULL,0,NULL,NULL,NULL,'2014-05-26 23:12:49','2014-05-26 23:12:49'),
	(3525,27052,'536ff50f-ad34-4fd1-be3a-4feccbdd56cb',1,5,NULL,NULL,0,NULL,NULL,NULL,'2014-05-26 23:12:49','2014-05-26 23:12:49'),
	(3526,27052,'536ff50f-b00c-45de-b805-4feccbdd56cb',0,2,NULL,NULL,0,NULL,NULL,NULL,'2014-05-26 23:12:49','2014-05-26 23:12:49'),
	(3527,27052,'536ff50f-c63c-411a-9ec5-4feccbdd56cb',0,2,NULL,NULL,0,NULL,NULL,NULL,'2014-05-26 23:12:49','2014-05-26 23:12:49'),
	(3528,27052,'536ff50f-e4dc-4f6b-8b25-4feccbdd56cb',1,2,NULL,NULL,0,NULL,NULL,NULL,'2014-05-26 23:12:49','2014-05-26 23:12:49'),
	(3529,27052,'536ff50f-e93c-4929-a22c-4feccbdd56cb',2,7,NULL,NULL,0,NULL,NULL,NULL,'2014-05-26 23:12:49','2014-05-26 23:12:49'),
	(3530,27052,'536ff50f-f618-4420-9335-4feccbdd56cb',6,4,NULL,NULL,0,NULL,NULL,NULL,'2014-05-26 23:12:49','2014-05-26 23:12:49'),
	(3531,27052,'536ff523-365c-4d93-a5d3-5081cbdd56cb',2,5,NULL,NULL,0,NULL,NULL,NULL,'2014-05-26 23:12:49','2014-05-26 23:12:49'),
	(3532,27052,'536ff523-7190-45fc-a81f-5081cbdd56cb',4,7,NULL,NULL,0,NULL,NULL,NULL,'2014-05-26 23:12:49','2014-05-26 23:12:49'),
	(3533,27052,'536ff523-72c0-42d0-942d-5081cbdd56cb',4,4,NULL,NULL,0,NULL,NULL,NULL,'2014-05-26 23:12:49','2014-05-26 23:12:49'),
	(3534,27052,'536ff523-88a8-49a6-86ff-5081cbdd56cb',0,3,NULL,NULL,0,NULL,NULL,NULL,'2014-05-26 23:12:49','2014-05-26 23:12:49'),
	(3535,27052,'536ff523-982c-4fa1-9a9e-5081cbdd56cb',6,0,NULL,NULL,0,NULL,NULL,NULL,'2014-05-26 23:12:49','2014-05-26 23:12:49'),
	(3536,27052,'536ff523-e2c4-48cf-b57b-5081cbdd56cb',7,4,NULL,NULL,0,NULL,NULL,NULL,'2014-05-26 23:12:49','2014-05-26 23:12:49'),
	(3537,27052,'536ff523-f4cc-4fa9-afb6-5081cbdd56cb',1,4,NULL,NULL,0,NULL,NULL,NULL,'2014-05-26 23:12:49','2014-05-26 23:12:49'),
	(3538,27052,'536ff525-083c-4cee-bddb-5081cbdd56cb',1,7,NULL,NULL,0,NULL,NULL,NULL,'2014-05-26 23:12:49','2014-05-26 23:12:49'),
	(3539,27052,'536ff525-170c-491b-bd24-5081cbdd56cb',2,0,NULL,NULL,0,NULL,NULL,NULL,'2014-05-26 23:12:49','2014-05-26 23:12:49'),
	(3540,27052,'536ff525-605c-410b-ad6e-5081cbdd56cb',2,3,NULL,NULL,0,NULL,NULL,NULL,'2014-05-26 23:12:49','2014-05-26 23:12:49'),
	(3541,27052,'536ff525-68c0-485f-83fe-5081cbdd56cb',5,3,NULL,NULL,0,NULL,NULL,NULL,'2014-05-26 23:12:49','2014-05-26 23:12:49'),
	(3542,27052,'536ff525-6ef0-4dfb-9159-5081cbdd56cb',5,5,NULL,NULL,0,NULL,NULL,NULL,'2014-05-26 23:12:49','2014-05-26 23:12:49'),
	(3543,27052,'536ff525-70c4-4c30-8dac-5081cbdd56cb',5,7,NULL,NULL,0,NULL,NULL,NULL,'2014-05-26 23:12:49','2014-05-26 23:12:49'),
	(3544,27052,'536ff525-a2dc-4e33-93c4-5081cbdd56cb',0,0,NULL,NULL,0,NULL,NULL,NULL,'2014-05-26 23:12:49','2014-05-26 23:12:49'),
	(3545,27052,'536ff525-a88c-4b61-8978-5081cbdd56cb',7,6,NULL,NULL,0,NULL,NULL,NULL,'2014-05-26 23:12:49','2014-05-26 23:12:49'),
	(3546,27052,'536ff525-d8e8-489b-a3fc-5081cbdd56cb',4,2,NULL,NULL,0,NULL,NULL,NULL,'2014-05-26 23:12:49','2014-05-26 23:12:49'),
	(3547,27052,'536ff525-ee44-45c0-949e-5081cbdd56cb',4,1,NULL,NULL,0,NULL,NULL,NULL,'2014-05-26 23:12:49','2014-05-26 23:12:49'),
	(3548,27052,'536ff527-1818-4075-9526-5081cbdd56cb',2,0,NULL,NULL,0,NULL,NULL,NULL,'2014-05-26 23:12:49','2014-05-26 23:12:49'),
	(3549,27052,'536ff527-1ab4-446e-a884-5081cbdd56cb',6,3,NULL,NULL,0,NULL,NULL,NULL,'2014-05-26 23:12:49','2014-05-26 23:12:49'),
	(3550,27052,'536ff527-51a4-45cb-9eec-5081cbdd56cb',3,4,NULL,NULL,0,NULL,NULL,NULL,'2014-05-26 23:12:49','2014-05-26 23:12:49'),
	(3551,27052,'536ff527-5b38-4aad-aa6f-5081cbdd56cb',4,3,NULL,NULL,0,NULL,NULL,NULL,'2014-05-26 23:12:49','2014-05-26 23:12:49'),
	(3552,27052,'536ff527-641c-4e68-bd1d-5081cbdd56cb',0,6,NULL,NULL,0,NULL,NULL,NULL,'2014-05-26 23:12:49','2014-05-26 23:12:49'),
	(3553,27052,'536ff527-7ba8-404b-9c21-5081cbdd56cb',7,2,NULL,NULL,0,NULL,NULL,NULL,'2014-05-26 23:12:49','2014-05-26 23:12:49'),
	(3554,27052,'536ff527-9c7c-43c6-90d4-5081cbdd56cb',6,1,NULL,NULL,0,NULL,NULL,NULL,'2014-05-26 23:12:49','2014-05-26 23:12:49'),
	(3555,27052,'536ff527-a40c-4ada-a090-5081cbdd56cb',2,0,NULL,NULL,0,NULL,NULL,NULL,'2014-05-26 23:12:49','2014-05-26 23:12:49'),
	(3556,27052,'536ff527-c43c-4a86-b964-5081cbdd56cb',4,0,NULL,NULL,0,NULL,NULL,NULL,'2014-05-26 23:12:49','2014-05-26 23:12:49'),
	(3557,27052,'5375349d-02cc-4b26-b41f-7d11cbdd56cb',4,2,NULL,NULL,0,NULL,NULL,NULL,'2014-05-26 23:12:49','2014-05-26 23:12:49'),
	(3558,27052,'53753b0d-93f8-4988-9d78-7debcbdd56cb',6,2,NULL,NULL,0,NULL,NULL,NULL,'2014-05-26 23:12:49','2014-05-26 23:12:49'),
	(3559,27052,'537d28aa-2064-48cc-82db-30ddcbdd56cb',2,6,NULL,NULL,0,NULL,NULL,NULL,'2014-05-26 23:12:49','2014-05-26 23:12:49'),
	(3560,27052,'537d294d-e1ac-4517-890a-30e1cbdd56cb',2,2,NULL,NULL,0,NULL,NULL,NULL,'2014-05-26 23:12:49','2014-05-26 23:12:49'),
	(3561,27053,'5365537a-2108-4961-89b3-130ecbdd56cb',5,7,NULL,NULL,0,NULL,NULL,NULL,'2014-05-26 23:12:49','2014-05-26 23:12:49'),
	(3562,27053,'536ff50f-04d4-430f-95d4-4feccbdd56cb',5,1,NULL,NULL,0,NULL,NULL,NULL,'2014-05-26 23:12:49','2014-05-26 23:12:49'),
	(3563,27053,'536ff50f-21c8-42d7-920b-4feccbdd56cb',0,0,NULL,NULL,0,NULL,NULL,NULL,'2014-05-26 23:12:49','2014-05-26 23:12:49'),
	(3564,27053,'536ff50f-7c74-42c4-99f9-4feccbdd56cb',1,7,NULL,NULL,0,NULL,NULL,NULL,'2014-05-26 23:12:49','2014-05-26 23:12:49'),
	(3565,27053,'536ff50f-ad34-4fd1-be3a-4feccbdd56cb',4,5,NULL,NULL,0,NULL,NULL,NULL,'2014-05-26 23:12:49','2014-05-26 23:12:49'),
	(3566,27053,'536ff50f-b00c-45de-b805-4feccbdd56cb',3,0,NULL,NULL,0,NULL,NULL,NULL,'2014-05-26 23:12:49','2014-05-26 23:12:49'),
	(3567,27053,'536ff50f-c63c-411a-9ec5-4feccbdd56cb',0,4,NULL,NULL,0,NULL,NULL,NULL,'2014-05-26 23:12:49','2014-05-26 23:12:49'),
	(3568,27053,'536ff50f-e4dc-4f6b-8b25-4feccbdd56cb',7,0,NULL,NULL,0,NULL,NULL,NULL,'2014-05-26 23:12:49','2014-05-26 23:12:49'),
	(3569,27053,'536ff50f-e93c-4929-a22c-4feccbdd56cb',7,5,NULL,NULL,0,NULL,NULL,NULL,'2014-05-26 23:12:49','2014-05-26 23:12:49'),
	(3570,27053,'536ff50f-f618-4420-9335-4feccbdd56cb',1,2,NULL,NULL,0,NULL,NULL,NULL,'2014-05-26 23:12:49','2014-05-26 23:12:49'),
	(3571,27053,'536ff523-365c-4d93-a5d3-5081cbdd56cb',6,6,NULL,NULL,0,NULL,NULL,NULL,'2014-05-26 23:12:49','2014-05-26 23:12:49'),
	(3572,27053,'536ff523-7190-45fc-a81f-5081cbdd56cb',2,2,NULL,NULL,0,NULL,NULL,NULL,'2014-05-26 23:12:49','2014-05-26 23:12:49'),
	(3573,27053,'536ff523-72c0-42d0-942d-5081cbdd56cb',1,1,NULL,NULL,0,NULL,NULL,NULL,'2014-05-26 23:12:49','2014-05-26 23:12:49'),
	(3574,27053,'536ff523-88a8-49a6-86ff-5081cbdd56cb',4,4,NULL,NULL,0,NULL,NULL,NULL,'2014-05-26 23:12:49','2014-05-26 23:12:49'),
	(3575,27053,'536ff523-982c-4fa1-9a9e-5081cbdd56cb',0,7,NULL,NULL,0,NULL,NULL,NULL,'2014-05-26 23:12:49','2014-05-26 23:12:49'),
	(3576,27053,'536ff523-e2c4-48cf-b57b-5081cbdd56cb',7,6,NULL,NULL,0,NULL,NULL,NULL,'2014-05-26 23:12:49','2014-05-26 23:12:49'),
	(3577,27053,'536ff523-f4cc-4fa9-afb6-5081cbdd56cb',7,4,NULL,NULL,0,NULL,NULL,NULL,'2014-05-26 23:12:49','2014-05-26 23:12:49'),
	(3578,27053,'536ff525-083c-4cee-bddb-5081cbdd56cb',7,0,NULL,NULL,0,NULL,NULL,NULL,'2014-05-26 23:12:49','2014-05-26 23:12:49'),
	(3579,27053,'536ff525-170c-491b-bd24-5081cbdd56cb',5,1,NULL,NULL,0,NULL,NULL,NULL,'2014-05-26 23:12:49','2014-05-26 23:12:49'),
	(3580,27053,'536ff525-605c-410b-ad6e-5081cbdd56cb',7,1,NULL,NULL,0,NULL,NULL,NULL,'2014-05-26 23:12:49','2014-05-26 23:12:49'),
	(3581,27053,'536ff525-68c0-485f-83fe-5081cbdd56cb',7,2,NULL,NULL,0,NULL,NULL,NULL,'2014-05-26 23:12:49','2014-05-26 23:12:49'),
	(3582,27053,'536ff525-6ef0-4dfb-9159-5081cbdd56cb',2,0,NULL,NULL,0,NULL,NULL,NULL,'2014-05-26 23:12:49','2014-05-26 23:12:49'),
	(3583,27053,'536ff525-70c4-4c30-8dac-5081cbdd56cb',7,1,NULL,NULL,0,NULL,NULL,NULL,'2014-05-26 23:12:49','2014-05-26 23:12:49'),
	(3584,27053,'536ff525-a2dc-4e33-93c4-5081cbdd56cb',0,6,NULL,NULL,0,NULL,NULL,NULL,'2014-05-26 23:12:49','2014-05-26 23:12:49'),
	(3585,27053,'536ff525-a88c-4b61-8978-5081cbdd56cb',7,2,NULL,NULL,0,NULL,NULL,NULL,'2014-05-26 23:12:49','2014-05-26 23:12:49'),
	(3586,27053,'536ff525-d8e8-489b-a3fc-5081cbdd56cb',0,5,NULL,NULL,0,NULL,NULL,NULL,'2014-05-26 23:12:49','2014-05-26 23:12:49'),
	(3587,27053,'536ff525-ee44-45c0-949e-5081cbdd56cb',0,3,NULL,NULL,0,NULL,NULL,NULL,'2014-05-26 23:12:49','2014-05-26 23:12:49'),
	(3588,27053,'536ff527-1818-4075-9526-5081cbdd56cb',0,2,NULL,NULL,0,NULL,NULL,NULL,'2014-05-26 23:12:49','2014-05-26 23:12:49'),
	(3589,27053,'536ff527-1ab4-446e-a884-5081cbdd56cb',4,5,NULL,NULL,0,NULL,NULL,NULL,'2014-05-26 23:12:49','2014-05-26 23:12:49'),
	(3590,27053,'536ff527-51a4-45cb-9eec-5081cbdd56cb',6,4,NULL,NULL,0,NULL,NULL,NULL,'2014-05-26 23:12:49','2014-05-26 23:12:49'),
	(3591,27053,'536ff527-5b38-4aad-aa6f-5081cbdd56cb',5,5,NULL,NULL,0,NULL,NULL,NULL,'2014-05-26 23:12:49','2014-05-26 23:12:49'),
	(3592,27053,'536ff527-641c-4e68-bd1d-5081cbdd56cb',2,4,NULL,NULL,0,NULL,NULL,NULL,'2014-05-26 23:12:49','2014-05-26 23:12:49'),
	(3593,27053,'536ff527-7ba8-404b-9c21-5081cbdd56cb',2,2,NULL,NULL,0,NULL,NULL,NULL,'2014-05-26 23:12:49','2014-05-26 23:12:49'),
	(3594,27053,'536ff527-9c7c-43c6-90d4-5081cbdd56cb',5,7,NULL,NULL,0,NULL,NULL,NULL,'2014-05-26 23:12:49','2014-05-26 23:12:49'),
	(3595,27053,'536ff527-a40c-4ada-a090-5081cbdd56cb',4,4,NULL,NULL,0,NULL,NULL,NULL,'2014-05-26 23:12:49','2014-05-26 23:12:49'),
	(3596,27053,'536ff527-c43c-4a86-b964-5081cbdd56cb',0,3,NULL,NULL,0,NULL,NULL,NULL,'2014-05-26 23:12:49','2014-05-26 23:12:49'),
	(3597,27053,'5375349d-02cc-4b26-b41f-7d11cbdd56cb',7,2,NULL,NULL,0,NULL,NULL,NULL,'2014-05-26 23:12:49','2014-05-26 23:12:49'),
	(3598,27053,'53753b0d-93f8-4988-9d78-7debcbdd56cb',4,6,NULL,NULL,0,NULL,NULL,NULL,'2014-05-26 23:12:49','2014-05-26 23:12:49'),
	(3599,27053,'537d28aa-2064-48cc-82db-30ddcbdd56cb',4,4,NULL,NULL,0,NULL,NULL,NULL,'2014-05-26 23:12:49','2014-05-26 23:12:49'),
	(3600,27053,'537d294d-e1ac-4517-890a-30e1cbdd56cb',5,3,NULL,NULL,0,NULL,NULL,NULL,'2014-05-26 23:12:49','2014-05-26 23:12:49'),
	(3601,27054,'5365537a-2108-4961-89b3-130ecbdd56cb',7,5,NULL,NULL,0,NULL,NULL,NULL,'2014-05-26 23:12:49','2014-05-26 23:12:49'),
	(3602,27054,'536ff50f-04d4-430f-95d4-4feccbdd56cb',1,0,NULL,NULL,0,NULL,NULL,NULL,'2014-05-26 23:12:49','2014-05-26 23:12:49'),
	(3603,27054,'536ff50f-21c8-42d7-920b-4feccbdd56cb',0,2,NULL,NULL,0,NULL,NULL,NULL,'2014-05-26 23:12:49','2014-05-26 23:12:49'),
	(3604,27054,'536ff50f-7c74-42c4-99f9-4feccbdd56cb',2,5,NULL,NULL,0,NULL,NULL,NULL,'2014-05-26 23:12:49','2014-05-26 23:12:49'),
	(3605,27054,'536ff50f-ad34-4fd1-be3a-4feccbdd56cb',0,1,NULL,NULL,0,NULL,NULL,NULL,'2014-05-26 23:12:49','2014-05-26 23:12:49'),
	(3606,27054,'536ff50f-b00c-45de-b805-4feccbdd56cb',1,5,NULL,NULL,0,NULL,NULL,NULL,'2014-05-26 23:12:49','2014-05-26 23:12:49'),
	(3607,27054,'536ff50f-c63c-411a-9ec5-4feccbdd56cb',7,4,NULL,NULL,0,NULL,NULL,NULL,'2014-05-26 23:12:49','2014-05-26 23:12:49'),
	(3608,27054,'536ff50f-e4dc-4f6b-8b25-4feccbdd56cb',2,1,NULL,NULL,0,NULL,NULL,NULL,'2014-05-26 23:12:49','2014-05-26 23:12:49'),
	(3609,27054,'536ff50f-e93c-4929-a22c-4feccbdd56cb',7,7,NULL,NULL,0,NULL,NULL,NULL,'2014-05-26 23:12:49','2014-05-26 23:12:49'),
	(3610,27054,'536ff50f-f618-4420-9335-4feccbdd56cb',1,3,NULL,NULL,0,NULL,NULL,NULL,'2014-05-26 23:12:49','2014-05-26 23:12:49'),
	(3611,27054,'536ff523-365c-4d93-a5d3-5081cbdd56cb',4,1,NULL,NULL,0,NULL,NULL,NULL,'2014-05-26 23:12:49','2014-05-26 23:12:49'),
	(3612,27054,'536ff523-7190-45fc-a81f-5081cbdd56cb',7,4,NULL,NULL,0,NULL,NULL,NULL,'2014-05-26 23:12:49','2014-05-26 23:12:49'),
	(3613,27054,'536ff523-72c0-42d0-942d-5081cbdd56cb',4,3,NULL,NULL,0,NULL,NULL,NULL,'2014-05-26 23:12:49','2014-05-26 23:12:49'),
	(3614,27054,'536ff523-88a8-49a6-86ff-5081cbdd56cb',2,1,NULL,NULL,0,NULL,NULL,NULL,'2014-05-26 23:12:49','2014-05-26 23:12:49'),
	(3615,27054,'536ff523-982c-4fa1-9a9e-5081cbdd56cb',0,0,NULL,NULL,0,NULL,NULL,NULL,'2014-05-26 23:12:49','2014-05-26 23:12:49'),
	(3616,27054,'536ff523-e2c4-48cf-b57b-5081cbdd56cb',5,7,NULL,NULL,0,NULL,NULL,NULL,'2014-05-26 23:12:49','2014-05-26 23:12:49'),
	(3617,27054,'536ff523-f4cc-4fa9-afb6-5081cbdd56cb',5,6,NULL,NULL,0,NULL,NULL,NULL,'2014-05-26 23:12:49','2014-05-26 23:12:49'),
	(3618,27054,'536ff525-083c-4cee-bddb-5081cbdd56cb',7,6,NULL,NULL,0,NULL,NULL,NULL,'2014-05-26 23:12:49','2014-05-26 23:12:49'),
	(3619,27054,'536ff525-170c-491b-bd24-5081cbdd56cb',1,2,NULL,NULL,0,NULL,NULL,NULL,'2014-05-26 23:12:49','2014-05-26 23:12:49'),
	(3620,27054,'536ff525-605c-410b-ad6e-5081cbdd56cb',3,1,NULL,NULL,0,NULL,NULL,NULL,'2014-05-26 23:12:49','2014-05-26 23:12:49'),
	(3621,27054,'536ff525-68c0-485f-83fe-5081cbdd56cb',3,5,NULL,NULL,0,NULL,NULL,NULL,'2014-05-26 23:12:49','2014-05-26 23:12:49'),
	(3622,27054,'536ff525-6ef0-4dfb-9159-5081cbdd56cb',6,3,NULL,NULL,0,NULL,NULL,NULL,'2014-05-26 23:12:49','2014-05-26 23:12:49'),
	(3623,27054,'536ff525-70c4-4c30-8dac-5081cbdd56cb',2,1,NULL,NULL,0,NULL,NULL,NULL,'2014-05-26 23:12:49','2014-05-26 23:12:49'),
	(3624,27054,'536ff525-a2dc-4e33-93c4-5081cbdd56cb',4,1,NULL,NULL,0,NULL,NULL,NULL,'2014-05-26 23:12:49','2014-05-26 23:12:49'),
	(3625,27054,'536ff525-a88c-4b61-8978-5081cbdd56cb',0,5,NULL,NULL,0,NULL,NULL,NULL,'2014-05-26 23:12:49','2014-05-26 23:12:49'),
	(3626,27054,'536ff525-d8e8-489b-a3fc-5081cbdd56cb',4,5,NULL,NULL,0,NULL,NULL,NULL,'2014-05-26 23:12:49','2014-05-26 23:12:49'),
	(3627,27054,'536ff525-ee44-45c0-949e-5081cbdd56cb',7,4,NULL,NULL,0,NULL,NULL,NULL,'2014-05-26 23:12:49','2014-05-26 23:12:49'),
	(3628,27054,'536ff527-1818-4075-9526-5081cbdd56cb',1,4,NULL,NULL,0,NULL,NULL,NULL,'2014-05-26 23:12:49','2014-05-26 23:12:49'),
	(3629,27054,'536ff527-1ab4-446e-a884-5081cbdd56cb',7,4,NULL,NULL,0,NULL,NULL,NULL,'2014-05-26 23:12:49','2014-05-26 23:12:49'),
	(3630,27054,'536ff527-51a4-45cb-9eec-5081cbdd56cb',5,7,NULL,NULL,0,NULL,NULL,NULL,'2014-05-26 23:12:49','2014-05-26 23:12:49'),
	(3631,27054,'536ff527-5b38-4aad-aa6f-5081cbdd56cb',4,2,NULL,NULL,0,NULL,NULL,NULL,'2014-05-26 23:12:49','2014-05-26 23:12:49'),
	(3632,27054,'536ff527-641c-4e68-bd1d-5081cbdd56cb',7,2,NULL,NULL,0,NULL,NULL,NULL,'2014-05-26 23:12:49','2014-05-26 23:12:49'),
	(3633,27054,'536ff527-7ba8-404b-9c21-5081cbdd56cb',1,7,NULL,NULL,0,NULL,NULL,NULL,'2014-05-26 23:12:49','2014-05-26 23:12:49'),
	(3634,27054,'536ff527-9c7c-43c6-90d4-5081cbdd56cb',0,2,NULL,NULL,0,NULL,NULL,NULL,'2014-05-26 23:12:49','2014-05-26 23:12:49'),
	(3635,27054,'536ff527-a40c-4ada-a090-5081cbdd56cb',1,4,NULL,NULL,0,NULL,NULL,NULL,'2014-05-26 23:12:49','2014-05-26 23:12:49'),
	(3636,27054,'536ff527-c43c-4a86-b964-5081cbdd56cb',4,5,NULL,NULL,0,NULL,NULL,NULL,'2014-05-26 23:12:49','2014-05-26 23:12:49'),
	(3637,27054,'5375349d-02cc-4b26-b41f-7d11cbdd56cb',2,2,NULL,NULL,0,NULL,NULL,NULL,'2014-05-26 23:12:49','2014-05-26 23:12:49'),
	(3638,27054,'53753b0d-93f8-4988-9d78-7debcbdd56cb',0,4,NULL,NULL,0,NULL,NULL,NULL,'2014-05-26 23:12:49','2014-05-26 23:12:49'),
	(3639,27054,'537d28aa-2064-48cc-82db-30ddcbdd56cb',4,5,NULL,NULL,0,NULL,NULL,NULL,'2014-05-26 23:12:49','2014-05-26 23:12:49'),
	(3640,27054,'537d294d-e1ac-4517-890a-30e1cbdd56cb',6,5,NULL,NULL,0,NULL,NULL,NULL,'2014-05-26 23:12:49','2014-05-26 23:12:49'),
	(3641,27055,'5365537a-2108-4961-89b3-130ecbdd56cb',3,2,NULL,NULL,0,NULL,NULL,NULL,'2014-05-26 23:12:49','2014-05-26 23:12:49'),
	(3642,27055,'536ff50f-04d4-430f-95d4-4feccbdd56cb',2,2,NULL,NULL,0,NULL,NULL,NULL,'2014-05-26 23:12:49','2014-05-26 23:12:49'),
	(3643,27055,'536ff50f-21c8-42d7-920b-4feccbdd56cb',7,3,NULL,NULL,0,NULL,NULL,NULL,'2014-05-26 23:12:49','2014-05-26 23:12:49'),
	(3644,27055,'536ff50f-7c74-42c4-99f9-4feccbdd56cb',7,6,NULL,NULL,0,NULL,NULL,NULL,'2014-05-26 23:12:49','2014-05-26 23:12:49'),
	(3645,27055,'536ff50f-ad34-4fd1-be3a-4feccbdd56cb',0,5,NULL,NULL,0,NULL,NULL,NULL,'2014-05-26 23:12:49','2014-05-26 23:12:49'),
	(3646,27055,'536ff50f-b00c-45de-b805-4feccbdd56cb',6,4,NULL,NULL,0,NULL,NULL,NULL,'2014-05-26 23:12:49','2014-05-26 23:12:49'),
	(3647,27055,'536ff50f-c63c-411a-9ec5-4feccbdd56cb',7,6,NULL,NULL,0,NULL,NULL,NULL,'2014-05-26 23:12:49','2014-05-26 23:12:49'),
	(3648,27055,'536ff50f-e4dc-4f6b-8b25-4feccbdd56cb',6,1,NULL,NULL,0,NULL,NULL,NULL,'2014-05-26 23:12:49','2014-05-26 23:12:49'),
	(3649,27055,'536ff50f-e93c-4929-a22c-4feccbdd56cb',5,7,NULL,NULL,0,NULL,NULL,NULL,'2014-05-26 23:12:49','2014-05-26 23:12:49'),
	(3650,27055,'536ff50f-f618-4420-9335-4feccbdd56cb',4,7,NULL,NULL,0,NULL,NULL,NULL,'2014-05-26 23:12:49','2014-05-26 23:12:49'),
	(3651,27055,'536ff523-365c-4d93-a5d3-5081cbdd56cb',4,0,NULL,NULL,0,NULL,NULL,NULL,'2014-05-26 23:12:49','2014-05-26 23:12:49'),
	(3652,27055,'536ff523-7190-45fc-a81f-5081cbdd56cb',5,6,NULL,NULL,0,NULL,NULL,NULL,'2014-05-26 23:12:49','2014-05-26 23:12:49'),
	(3653,27055,'536ff523-72c0-42d0-942d-5081cbdd56cb',3,6,NULL,NULL,0,NULL,NULL,NULL,'2014-05-26 23:12:49','2014-05-26 23:12:49'),
	(3654,27055,'536ff523-88a8-49a6-86ff-5081cbdd56cb',3,7,NULL,NULL,0,NULL,NULL,NULL,'2014-05-26 23:12:49','2014-05-26 23:12:49'),
	(3655,27055,'536ff523-982c-4fa1-9a9e-5081cbdd56cb',3,1,NULL,NULL,0,NULL,NULL,NULL,'2014-05-26 23:12:49','2014-05-26 23:12:49'),
	(3656,27055,'536ff523-e2c4-48cf-b57b-5081cbdd56cb',4,6,NULL,NULL,0,NULL,NULL,NULL,'2014-05-26 23:12:49','2014-05-26 23:12:49'),
	(3657,27055,'536ff523-f4cc-4fa9-afb6-5081cbdd56cb',4,6,NULL,NULL,0,NULL,NULL,NULL,'2014-05-26 23:12:49','2014-05-26 23:12:49'),
	(3658,27055,'536ff525-083c-4cee-bddb-5081cbdd56cb',1,3,NULL,NULL,0,NULL,NULL,NULL,'2014-05-26 23:12:49','2014-05-26 23:12:49'),
	(3659,27055,'536ff525-170c-491b-bd24-5081cbdd56cb',2,1,NULL,NULL,0,NULL,NULL,NULL,'2014-05-26 23:12:49','2014-05-26 23:12:49'),
	(3660,27055,'536ff525-605c-410b-ad6e-5081cbdd56cb',2,2,NULL,NULL,0,NULL,NULL,NULL,'2014-05-26 23:12:49','2014-05-26 23:12:49'),
	(3661,27055,'536ff525-68c0-485f-83fe-5081cbdd56cb',6,0,NULL,NULL,0,NULL,NULL,NULL,'2014-05-26 23:12:49','2014-05-26 23:12:49'),
	(3662,27055,'536ff525-6ef0-4dfb-9159-5081cbdd56cb',6,6,NULL,NULL,0,NULL,NULL,NULL,'2014-05-26 23:12:49','2014-05-26 23:12:49'),
	(3663,27055,'536ff525-70c4-4c30-8dac-5081cbdd56cb',6,5,NULL,NULL,0,NULL,NULL,NULL,'2014-05-26 23:12:49','2014-05-26 23:12:49'),
	(3664,27055,'536ff525-a2dc-4e33-93c4-5081cbdd56cb',7,4,NULL,NULL,0,NULL,NULL,NULL,'2014-05-26 23:12:49','2014-05-26 23:12:49'),
	(3665,27055,'536ff525-a88c-4b61-8978-5081cbdd56cb',5,4,NULL,NULL,0,NULL,NULL,NULL,'2014-05-26 23:12:49','2014-05-26 23:12:49'),
	(3666,27055,'536ff525-d8e8-489b-a3fc-5081cbdd56cb',3,2,NULL,NULL,0,NULL,NULL,NULL,'2014-05-26 23:12:49','2014-05-26 23:12:49'),
	(3667,27055,'536ff525-ee44-45c0-949e-5081cbdd56cb',4,1,NULL,NULL,0,NULL,NULL,NULL,'2014-05-26 23:12:49','2014-05-26 23:12:49'),
	(3668,27055,'536ff527-1818-4075-9526-5081cbdd56cb',1,7,NULL,NULL,0,NULL,NULL,NULL,'2014-05-26 23:12:49','2014-05-26 23:12:49'),
	(3669,27055,'536ff527-1ab4-446e-a884-5081cbdd56cb',7,4,NULL,NULL,0,NULL,NULL,NULL,'2014-05-26 23:12:49','2014-05-26 23:12:49'),
	(3670,27055,'536ff527-51a4-45cb-9eec-5081cbdd56cb',6,3,NULL,NULL,0,NULL,NULL,NULL,'2014-05-26 23:12:49','2014-05-26 23:12:49'),
	(3671,27055,'536ff527-5b38-4aad-aa6f-5081cbdd56cb',6,3,NULL,NULL,0,NULL,NULL,NULL,'2014-05-26 23:12:49','2014-05-26 23:12:49'),
	(3672,27055,'536ff527-641c-4e68-bd1d-5081cbdd56cb',2,3,NULL,NULL,0,NULL,NULL,NULL,'2014-05-26 23:12:49','2014-05-26 23:12:49'),
	(3673,27055,'536ff527-7ba8-404b-9c21-5081cbdd56cb',2,4,NULL,NULL,0,NULL,NULL,NULL,'2014-05-26 23:12:49','2014-05-26 23:12:49'),
	(3674,27055,'536ff527-9c7c-43c6-90d4-5081cbdd56cb',6,4,NULL,NULL,0,NULL,NULL,NULL,'2014-05-26 23:12:49','2014-05-26 23:12:49'),
	(3675,27055,'536ff527-a40c-4ada-a090-5081cbdd56cb',5,0,NULL,NULL,0,NULL,NULL,NULL,'2014-05-26 23:12:49','2014-05-26 23:12:49'),
	(3676,27055,'536ff527-c43c-4a86-b964-5081cbdd56cb',6,3,NULL,NULL,0,NULL,NULL,NULL,'2014-05-26 23:12:49','2014-05-26 23:12:49'),
	(3677,27055,'5375349d-02cc-4b26-b41f-7d11cbdd56cb',1,5,NULL,NULL,0,NULL,NULL,NULL,'2014-05-26 23:12:49','2014-05-26 23:12:49'),
	(3678,27055,'53753b0d-93f8-4988-9d78-7debcbdd56cb',2,0,NULL,NULL,0,NULL,NULL,NULL,'2014-05-26 23:12:49','2014-05-26 23:12:49'),
	(3679,27055,'537d28aa-2064-48cc-82db-30ddcbdd56cb',3,1,NULL,NULL,0,NULL,NULL,NULL,'2014-05-26 23:12:49','2014-05-26 23:12:49'),
	(3680,27055,'537d294d-e1ac-4517-890a-30e1cbdd56cb',5,1,NULL,NULL,0,NULL,NULL,NULL,'2014-05-26 23:12:49','2014-05-26 23:12:49'),
	(3681,27056,'5365537a-2108-4961-89b3-130ecbdd56cb',5,1,NULL,NULL,0,NULL,NULL,NULL,'2014-05-26 23:12:49','2014-05-26 23:12:49'),
	(3682,27056,'536ff50f-04d4-430f-95d4-4feccbdd56cb',4,2,NULL,NULL,0,NULL,NULL,NULL,'2014-05-26 23:12:49','2014-05-26 23:12:49'),
	(3683,27056,'536ff50f-21c8-42d7-920b-4feccbdd56cb',2,5,NULL,NULL,0,NULL,NULL,NULL,'2014-05-26 23:12:49','2014-05-26 23:12:49'),
	(3684,27056,'536ff50f-7c74-42c4-99f9-4feccbdd56cb',1,1,NULL,NULL,0,NULL,NULL,NULL,'2014-05-26 23:12:49','2014-05-26 23:12:49'),
	(3685,27056,'536ff50f-ad34-4fd1-be3a-4feccbdd56cb',2,0,NULL,NULL,0,NULL,NULL,NULL,'2014-05-26 23:12:49','2014-05-26 23:12:49'),
	(3686,27056,'536ff50f-b00c-45de-b805-4feccbdd56cb',5,1,NULL,NULL,0,NULL,NULL,NULL,'2014-05-26 23:12:49','2014-05-26 23:12:49'),
	(3687,27056,'536ff50f-c63c-411a-9ec5-4feccbdd56cb',4,7,NULL,NULL,0,NULL,NULL,NULL,'2014-05-26 23:12:49','2014-05-26 23:12:49'),
	(3688,27056,'536ff50f-e4dc-4f6b-8b25-4feccbdd56cb',4,6,NULL,NULL,0,NULL,NULL,NULL,'2014-05-26 23:12:49','2014-05-26 23:12:49'),
	(3689,27056,'536ff50f-e93c-4929-a22c-4feccbdd56cb',3,2,NULL,NULL,0,NULL,NULL,NULL,'2014-05-26 23:12:49','2014-05-26 23:12:49'),
	(3690,27056,'536ff50f-f618-4420-9335-4feccbdd56cb',2,0,NULL,NULL,0,NULL,NULL,NULL,'2014-05-26 23:12:49','2014-05-26 23:12:49'),
	(3691,27056,'536ff523-365c-4d93-a5d3-5081cbdd56cb',3,1,NULL,NULL,0,NULL,NULL,NULL,'2014-05-26 23:12:49','2014-05-26 23:12:49'),
	(3692,27056,'536ff523-7190-45fc-a81f-5081cbdd56cb',4,5,NULL,NULL,0,NULL,NULL,NULL,'2014-05-26 23:12:49','2014-05-26 23:12:49'),
	(3693,27056,'536ff523-72c0-42d0-942d-5081cbdd56cb',7,6,NULL,NULL,0,NULL,NULL,NULL,'2014-05-26 23:12:49','2014-05-26 23:12:49'),
	(3694,27056,'536ff523-88a8-49a6-86ff-5081cbdd56cb',6,3,NULL,NULL,0,NULL,NULL,NULL,'2014-05-26 23:12:49','2014-05-26 23:12:49'),
	(3695,27056,'536ff523-982c-4fa1-9a9e-5081cbdd56cb',0,3,NULL,NULL,0,NULL,NULL,NULL,'2014-05-26 23:12:49','2014-05-26 23:12:49'),
	(3696,27056,'536ff523-e2c4-48cf-b57b-5081cbdd56cb',5,5,NULL,NULL,0,NULL,NULL,NULL,'2014-05-26 23:12:49','2014-05-26 23:12:49'),
	(3697,27056,'536ff523-f4cc-4fa9-afb6-5081cbdd56cb',4,1,NULL,NULL,0,NULL,NULL,NULL,'2014-05-26 23:12:49','2014-05-26 23:12:49'),
	(3698,27056,'536ff525-083c-4cee-bddb-5081cbdd56cb',0,6,NULL,NULL,0,NULL,NULL,NULL,'2014-05-26 23:12:49','2014-05-26 23:12:49'),
	(3699,27056,'536ff525-170c-491b-bd24-5081cbdd56cb',7,1,NULL,NULL,0,NULL,NULL,NULL,'2014-05-26 23:12:49','2014-05-26 23:12:49'),
	(3700,27056,'536ff525-605c-410b-ad6e-5081cbdd56cb',0,1,NULL,NULL,0,NULL,NULL,NULL,'2014-05-26 23:12:49','2014-05-26 23:12:49'),
	(3701,27056,'536ff525-68c0-485f-83fe-5081cbdd56cb',2,5,NULL,NULL,0,NULL,NULL,NULL,'2014-05-26 23:12:49','2014-05-26 23:12:49'),
	(3702,27056,'536ff525-6ef0-4dfb-9159-5081cbdd56cb',3,6,NULL,NULL,0,NULL,NULL,NULL,'2014-05-26 23:12:49','2014-05-26 23:12:49'),
	(3703,27056,'536ff525-70c4-4c30-8dac-5081cbdd56cb',4,7,NULL,NULL,0,NULL,NULL,NULL,'2014-05-26 23:12:49','2014-05-26 23:12:49'),
	(3704,27056,'536ff525-a2dc-4e33-93c4-5081cbdd56cb',5,0,NULL,NULL,0,NULL,NULL,NULL,'2014-05-26 23:12:49','2014-05-26 23:12:49'),
	(3705,27056,'536ff525-a88c-4b61-8978-5081cbdd56cb',2,7,NULL,NULL,0,NULL,NULL,NULL,'2014-05-26 23:12:49','2014-05-26 23:12:49'),
	(3706,27056,'536ff525-d8e8-489b-a3fc-5081cbdd56cb',0,6,NULL,NULL,0,NULL,NULL,NULL,'2014-05-26 23:12:49','2014-05-26 23:12:49'),
	(3707,27056,'536ff525-ee44-45c0-949e-5081cbdd56cb',1,5,NULL,NULL,0,NULL,NULL,NULL,'2014-05-26 23:12:49','2014-05-26 23:12:49'),
	(3708,27056,'536ff527-1818-4075-9526-5081cbdd56cb',3,1,NULL,NULL,0,NULL,NULL,NULL,'2014-05-26 23:12:49','2014-05-26 23:12:49'),
	(3709,27056,'536ff527-1ab4-446e-a884-5081cbdd56cb',3,1,NULL,NULL,0,NULL,NULL,NULL,'2014-05-26 23:12:49','2014-05-26 23:12:49'),
	(3710,27056,'536ff527-51a4-45cb-9eec-5081cbdd56cb',5,3,NULL,NULL,0,NULL,NULL,NULL,'2014-05-26 23:12:49','2014-05-26 23:12:49'),
	(3711,27056,'536ff527-5b38-4aad-aa6f-5081cbdd56cb',4,2,NULL,NULL,0,NULL,NULL,NULL,'2014-05-26 23:12:49','2014-05-26 23:12:49'),
	(3712,27056,'536ff527-641c-4e68-bd1d-5081cbdd56cb',1,1,NULL,NULL,0,NULL,NULL,NULL,'2014-05-26 23:12:49','2014-05-26 23:12:49'),
	(3713,27056,'536ff527-7ba8-404b-9c21-5081cbdd56cb',4,1,NULL,NULL,0,NULL,NULL,NULL,'2014-05-26 23:12:49','2014-05-26 23:12:49'),
	(3714,27056,'536ff527-9c7c-43c6-90d4-5081cbdd56cb',0,3,NULL,NULL,0,NULL,NULL,NULL,'2014-05-26 23:12:49','2014-05-26 23:12:49'),
	(3715,27056,'536ff527-a40c-4ada-a090-5081cbdd56cb',3,0,NULL,NULL,0,NULL,NULL,NULL,'2014-05-26 23:12:49','2014-05-26 23:12:49'),
	(3716,27056,'536ff527-c43c-4a86-b964-5081cbdd56cb',5,6,NULL,NULL,0,NULL,NULL,NULL,'2014-05-26 23:12:49','2014-05-26 23:12:49'),
	(3717,27056,'5375349d-02cc-4b26-b41f-7d11cbdd56cb',6,0,NULL,NULL,0,NULL,NULL,NULL,'2014-05-26 23:12:49','2014-05-26 23:12:49'),
	(3718,27056,'53753b0d-93f8-4988-9d78-7debcbdd56cb',5,3,NULL,NULL,0,NULL,NULL,NULL,'2014-05-26 23:12:49','2014-05-26 23:12:49'),
	(3719,27056,'537d28aa-2064-48cc-82db-30ddcbdd56cb',7,2,NULL,NULL,0,NULL,NULL,NULL,'2014-05-26 23:12:49','2014-05-26 23:12:49'),
	(3720,27056,'537d294d-e1ac-4517-890a-30e1cbdd56cb',3,2,NULL,NULL,0,NULL,NULL,NULL,'2014-05-26 23:12:49','2014-05-26 23:12:49'),
	(3721,27057,'5365537a-2108-4961-89b3-130ecbdd56cb',2,4,NULL,NULL,0,NULL,NULL,NULL,'2014-05-26 23:12:49','2014-05-26 23:12:49'),
	(3722,27057,'536ff50f-04d4-430f-95d4-4feccbdd56cb',0,4,NULL,NULL,0,NULL,NULL,NULL,'2014-05-26 23:12:49','2014-05-26 23:12:49'),
	(3723,27057,'536ff50f-21c8-42d7-920b-4feccbdd56cb',1,3,NULL,NULL,0,NULL,NULL,NULL,'2014-05-26 23:12:49','2014-05-26 23:12:49'),
	(3724,27057,'536ff50f-7c74-42c4-99f9-4feccbdd56cb',5,5,NULL,NULL,0,NULL,NULL,NULL,'2014-05-26 23:12:49','2014-05-26 23:12:49'),
	(3725,27057,'536ff50f-ad34-4fd1-be3a-4feccbdd56cb',5,2,NULL,NULL,0,NULL,NULL,NULL,'2014-05-26 23:12:49','2014-05-26 23:12:49'),
	(3726,27057,'536ff50f-b00c-45de-b805-4feccbdd56cb',1,2,NULL,NULL,0,NULL,NULL,NULL,'2014-05-26 23:12:49','2014-05-26 23:12:49'),
	(3727,27057,'536ff50f-c63c-411a-9ec5-4feccbdd56cb',5,2,NULL,NULL,0,NULL,NULL,NULL,'2014-05-26 23:12:49','2014-05-26 23:12:49'),
	(3728,27057,'536ff50f-e4dc-4f6b-8b25-4feccbdd56cb',3,1,NULL,NULL,0,NULL,NULL,NULL,'2014-05-26 23:12:49','2014-05-26 23:12:49'),
	(3729,27057,'536ff50f-e93c-4929-a22c-4feccbdd56cb',4,3,NULL,NULL,0,NULL,NULL,NULL,'2014-05-26 23:12:49','2014-05-26 23:12:49'),
	(3730,27057,'536ff50f-f618-4420-9335-4feccbdd56cb',4,0,NULL,NULL,0,NULL,NULL,NULL,'2014-05-26 23:12:49','2014-05-26 23:12:49'),
	(3731,27057,'536ff523-365c-4d93-a5d3-5081cbdd56cb',4,2,NULL,NULL,0,NULL,NULL,NULL,'2014-05-26 23:12:49','2014-05-26 23:12:49'),
	(3732,27057,'536ff523-7190-45fc-a81f-5081cbdd56cb',6,3,NULL,NULL,0,NULL,NULL,NULL,'2014-05-26 23:12:49','2014-05-26 23:12:49'),
	(3733,27057,'536ff523-72c0-42d0-942d-5081cbdd56cb',2,4,NULL,NULL,0,NULL,NULL,NULL,'2014-05-26 23:12:49','2014-05-26 23:12:49'),
	(3734,27057,'536ff523-88a8-49a6-86ff-5081cbdd56cb',6,2,NULL,NULL,0,NULL,NULL,NULL,'2014-05-26 23:12:49','2014-05-26 23:12:49'),
	(3735,27057,'536ff523-982c-4fa1-9a9e-5081cbdd56cb',6,2,NULL,NULL,0,NULL,NULL,NULL,'2014-05-26 23:12:49','2014-05-26 23:12:49'),
	(3736,27057,'536ff523-e2c4-48cf-b57b-5081cbdd56cb',4,1,NULL,NULL,0,NULL,NULL,NULL,'2014-05-26 23:12:49','2014-05-26 23:12:49'),
	(3737,27057,'536ff523-f4cc-4fa9-afb6-5081cbdd56cb',6,4,NULL,NULL,0,NULL,NULL,NULL,'2014-05-26 23:12:49','2014-05-26 23:12:49'),
	(3738,27057,'536ff525-083c-4cee-bddb-5081cbdd56cb',5,0,NULL,NULL,0,NULL,NULL,NULL,'2014-05-26 23:12:49','2014-05-26 23:12:49'),
	(3739,27057,'536ff525-170c-491b-bd24-5081cbdd56cb',0,3,NULL,NULL,0,NULL,NULL,NULL,'2014-05-26 23:12:49','2014-05-26 23:12:49'),
	(3740,27057,'536ff525-605c-410b-ad6e-5081cbdd56cb',6,5,NULL,NULL,0,NULL,NULL,NULL,'2014-05-26 23:12:49','2014-05-26 23:12:49'),
	(3741,27057,'536ff525-68c0-485f-83fe-5081cbdd56cb',6,7,NULL,NULL,0,NULL,NULL,NULL,'2014-05-26 23:12:49','2014-05-26 23:12:49'),
	(3742,27057,'536ff525-6ef0-4dfb-9159-5081cbdd56cb',0,3,NULL,NULL,0,NULL,NULL,NULL,'2014-05-26 23:12:49','2014-05-26 23:12:49'),
	(3743,27057,'536ff525-70c4-4c30-8dac-5081cbdd56cb',1,3,NULL,NULL,0,NULL,NULL,NULL,'2014-05-26 23:12:49','2014-05-26 23:12:49'),
	(3744,27057,'536ff525-a2dc-4e33-93c4-5081cbdd56cb',4,6,NULL,NULL,0,NULL,NULL,NULL,'2014-05-26 23:12:49','2014-05-26 23:12:49'),
	(3745,27057,'536ff525-a88c-4b61-8978-5081cbdd56cb',7,1,NULL,NULL,0,NULL,NULL,NULL,'2014-05-26 23:12:49','2014-05-26 23:12:49'),
	(3746,27057,'536ff525-d8e8-489b-a3fc-5081cbdd56cb',6,4,NULL,NULL,0,NULL,NULL,NULL,'2014-05-26 23:12:49','2014-05-26 23:12:49'),
	(3747,27057,'536ff525-ee44-45c0-949e-5081cbdd56cb',3,5,NULL,NULL,0,NULL,NULL,NULL,'2014-05-26 23:12:49','2014-05-26 23:12:49'),
	(3748,27057,'536ff527-1818-4075-9526-5081cbdd56cb',7,6,NULL,NULL,0,NULL,NULL,NULL,'2014-05-26 23:12:49','2014-05-26 23:12:49'),
	(3749,27057,'536ff527-1ab4-446e-a884-5081cbdd56cb',1,6,NULL,NULL,0,NULL,NULL,NULL,'2014-05-26 23:12:49','2014-05-26 23:12:49'),
	(3750,27057,'536ff527-51a4-45cb-9eec-5081cbdd56cb',1,0,NULL,NULL,0,NULL,NULL,NULL,'2014-05-26 23:12:49','2014-05-26 23:12:49'),
	(3751,27057,'536ff527-5b38-4aad-aa6f-5081cbdd56cb',0,6,NULL,NULL,0,NULL,NULL,NULL,'2014-05-26 23:12:49','2014-05-26 23:12:49'),
	(3752,27057,'536ff527-641c-4e68-bd1d-5081cbdd56cb',1,7,NULL,NULL,0,NULL,NULL,NULL,'2014-05-26 23:12:49','2014-05-26 23:12:49'),
	(3753,27057,'536ff527-7ba8-404b-9c21-5081cbdd56cb',3,7,NULL,NULL,0,NULL,NULL,NULL,'2014-05-26 23:12:49','2014-05-26 23:12:49'),
	(3754,27057,'536ff527-9c7c-43c6-90d4-5081cbdd56cb',0,3,NULL,NULL,0,NULL,NULL,NULL,'2014-05-26 23:12:49','2014-05-26 23:12:49'),
	(3755,27057,'536ff527-a40c-4ada-a090-5081cbdd56cb',2,6,NULL,NULL,0,NULL,NULL,NULL,'2014-05-26 23:12:49','2014-05-26 23:12:49'),
	(3756,27057,'536ff527-c43c-4a86-b964-5081cbdd56cb',1,0,NULL,NULL,0,NULL,NULL,NULL,'2014-05-26 23:12:49','2014-05-26 23:12:49'),
	(3757,27057,'5375349d-02cc-4b26-b41f-7d11cbdd56cb',5,1,NULL,NULL,0,NULL,NULL,NULL,'2014-05-26 23:12:49','2014-05-26 23:12:49'),
	(3758,27057,'53753b0d-93f8-4988-9d78-7debcbdd56cb',3,7,NULL,NULL,0,NULL,NULL,NULL,'2014-05-26 23:12:49','2014-05-26 23:12:49'),
	(3759,27057,'537d28aa-2064-48cc-82db-30ddcbdd56cb',5,0,NULL,NULL,0,NULL,NULL,NULL,'2014-05-26 23:12:49','2014-05-26 23:12:49'),
	(3760,27057,'537d294d-e1ac-4517-890a-30e1cbdd56cb',6,5,NULL,NULL,0,NULL,NULL,NULL,'2014-05-26 23:12:49','2014-05-26 23:12:49'),
	(3761,27058,'5365537a-2108-4961-89b3-130ecbdd56cb',1,4,NULL,NULL,0,NULL,NULL,NULL,'2014-05-26 23:12:49','2014-05-26 23:12:49'),
	(3762,27058,'536ff50f-04d4-430f-95d4-4feccbdd56cb',2,5,NULL,NULL,0,NULL,NULL,NULL,'2014-05-26 23:12:49','2014-05-26 23:12:49'),
	(3763,27058,'536ff50f-21c8-42d7-920b-4feccbdd56cb',2,1,NULL,NULL,0,NULL,NULL,NULL,'2014-05-26 23:12:49','2014-05-26 23:12:49'),
	(3764,27058,'536ff50f-7c74-42c4-99f9-4feccbdd56cb',3,4,NULL,NULL,0,NULL,NULL,NULL,'2014-05-26 23:12:49','2014-05-26 23:12:49'),
	(3765,27058,'536ff50f-ad34-4fd1-be3a-4feccbdd56cb',7,5,NULL,NULL,0,NULL,NULL,NULL,'2014-05-26 23:12:49','2014-05-26 23:12:49'),
	(3766,27058,'536ff50f-b00c-45de-b805-4feccbdd56cb',4,0,NULL,NULL,0,NULL,NULL,NULL,'2014-05-26 23:12:49','2014-05-26 23:12:49'),
	(3767,27058,'536ff50f-c63c-411a-9ec5-4feccbdd56cb',3,6,NULL,NULL,0,NULL,NULL,NULL,'2014-05-26 23:12:49','2014-05-26 23:12:49'),
	(3768,27058,'536ff50f-e4dc-4f6b-8b25-4feccbdd56cb',7,6,NULL,NULL,0,NULL,NULL,NULL,'2014-05-26 23:12:49','2014-05-26 23:12:49'),
	(3769,27058,'536ff50f-e93c-4929-a22c-4feccbdd56cb',5,7,NULL,NULL,0,NULL,NULL,NULL,'2014-05-26 23:12:49','2014-05-26 23:12:49'),
	(3770,27058,'536ff50f-f618-4420-9335-4feccbdd56cb',2,7,NULL,NULL,0,NULL,NULL,NULL,'2014-05-26 23:12:49','2014-05-26 23:12:49'),
	(3771,27058,'536ff523-365c-4d93-a5d3-5081cbdd56cb',5,3,NULL,NULL,0,NULL,NULL,NULL,'2014-05-26 23:12:49','2014-05-26 23:12:49'),
	(3772,27058,'536ff523-7190-45fc-a81f-5081cbdd56cb',0,3,NULL,NULL,0,NULL,NULL,NULL,'2014-05-26 23:12:49','2014-05-26 23:12:49'),
	(3773,27058,'536ff523-72c0-42d0-942d-5081cbdd56cb',5,4,NULL,NULL,0,NULL,NULL,NULL,'2014-05-26 23:12:49','2014-05-26 23:12:49'),
	(3774,27058,'536ff523-88a8-49a6-86ff-5081cbdd56cb',3,3,NULL,NULL,0,NULL,NULL,NULL,'2014-05-26 23:12:49','2014-05-26 23:12:49'),
	(3775,27058,'536ff523-982c-4fa1-9a9e-5081cbdd56cb',4,1,NULL,NULL,0,NULL,NULL,NULL,'2014-05-26 23:12:49','2014-05-26 23:12:49'),
	(3776,27058,'536ff523-e2c4-48cf-b57b-5081cbdd56cb',1,5,NULL,NULL,0,NULL,NULL,NULL,'2014-05-26 23:12:49','2014-05-26 23:12:49'),
	(3777,27058,'536ff523-f4cc-4fa9-afb6-5081cbdd56cb',6,3,NULL,NULL,0,NULL,NULL,NULL,'2014-05-26 23:12:49','2014-05-26 23:12:49'),
	(3778,27058,'536ff525-083c-4cee-bddb-5081cbdd56cb',3,0,NULL,NULL,0,NULL,NULL,NULL,'2014-05-26 23:12:49','2014-05-26 23:12:49'),
	(3779,27058,'536ff525-170c-491b-bd24-5081cbdd56cb',5,6,NULL,NULL,0,NULL,NULL,NULL,'2014-05-26 23:12:49','2014-05-26 23:12:49'),
	(3780,27058,'536ff525-605c-410b-ad6e-5081cbdd56cb',4,4,NULL,NULL,0,NULL,NULL,NULL,'2014-05-26 23:12:49','2014-05-26 23:12:49'),
	(3781,27058,'536ff525-68c0-485f-83fe-5081cbdd56cb',4,0,NULL,NULL,0,NULL,NULL,NULL,'2014-05-26 23:12:49','2014-05-26 23:12:49'),
	(3782,27058,'536ff525-6ef0-4dfb-9159-5081cbdd56cb',4,7,NULL,NULL,0,NULL,NULL,NULL,'2014-05-26 23:12:49','2014-05-26 23:12:49'),
	(3783,27058,'536ff525-70c4-4c30-8dac-5081cbdd56cb',6,4,NULL,NULL,0,NULL,NULL,NULL,'2014-05-26 23:12:49','2014-05-26 23:12:49'),
	(3784,27058,'536ff525-a2dc-4e33-93c4-5081cbdd56cb',5,4,NULL,NULL,0,NULL,NULL,NULL,'2014-05-26 23:12:49','2014-05-26 23:12:49'),
	(3785,27058,'536ff525-a88c-4b61-8978-5081cbdd56cb',3,7,NULL,NULL,0,NULL,NULL,NULL,'2014-05-26 23:12:49','2014-05-26 23:12:49'),
	(3786,27058,'536ff525-d8e8-489b-a3fc-5081cbdd56cb',4,1,NULL,NULL,0,NULL,NULL,NULL,'2014-05-26 23:12:49','2014-05-26 23:12:49'),
	(3787,27058,'536ff525-ee44-45c0-949e-5081cbdd56cb',3,4,NULL,NULL,0,NULL,NULL,NULL,'2014-05-26 23:12:49','2014-05-26 23:12:49'),
	(3788,27058,'536ff527-1818-4075-9526-5081cbdd56cb',5,0,NULL,NULL,0,NULL,NULL,NULL,'2014-05-26 23:12:49','2014-05-26 23:12:49'),
	(3789,27058,'536ff527-1ab4-446e-a884-5081cbdd56cb',0,0,NULL,NULL,0,NULL,NULL,NULL,'2014-05-26 23:12:49','2014-05-26 23:12:49'),
	(3790,27058,'536ff527-51a4-45cb-9eec-5081cbdd56cb',4,4,NULL,NULL,0,NULL,NULL,NULL,'2014-05-26 23:12:49','2014-05-26 23:12:49'),
	(3791,27058,'536ff527-5b38-4aad-aa6f-5081cbdd56cb',2,5,NULL,NULL,0,NULL,NULL,NULL,'2014-05-26 23:12:49','2014-05-26 23:12:49'),
	(3792,27058,'536ff527-641c-4e68-bd1d-5081cbdd56cb',2,0,NULL,NULL,0,NULL,NULL,NULL,'2014-05-26 23:12:49','2014-05-26 23:12:49'),
	(3793,27058,'536ff527-7ba8-404b-9c21-5081cbdd56cb',1,6,NULL,NULL,0,NULL,NULL,NULL,'2014-05-26 23:12:49','2014-05-26 23:12:49'),
	(3794,27058,'536ff527-9c7c-43c6-90d4-5081cbdd56cb',0,6,NULL,NULL,0,NULL,NULL,NULL,'2014-05-26 23:12:49','2014-05-26 23:12:49'),
	(3795,27058,'536ff527-a40c-4ada-a090-5081cbdd56cb',5,4,NULL,NULL,0,NULL,NULL,NULL,'2014-05-26 23:12:49','2014-05-26 23:12:49'),
	(3796,27058,'536ff527-c43c-4a86-b964-5081cbdd56cb',3,1,NULL,NULL,0,NULL,NULL,NULL,'2014-05-26 23:12:49','2014-05-26 23:12:49'),
	(3797,27058,'5375349d-02cc-4b26-b41f-7d11cbdd56cb',5,0,NULL,NULL,0,NULL,NULL,NULL,'2014-05-26 23:12:49','2014-05-26 23:12:49'),
	(3798,27058,'53753b0d-93f8-4988-9d78-7debcbdd56cb',0,4,NULL,NULL,0,NULL,NULL,NULL,'2014-05-26 23:12:49','2014-05-26 23:12:49'),
	(3799,27058,'537d28aa-2064-48cc-82db-30ddcbdd56cb',4,6,NULL,NULL,0,NULL,NULL,NULL,'2014-05-26 23:12:49','2014-05-26 23:12:49'),
	(3800,27058,'537d294d-e1ac-4517-890a-30e1cbdd56cb',0,0,NULL,NULL,0,NULL,NULL,NULL,'2014-05-26 23:12:49','2014-05-26 23:12:49'),
	(3801,27059,'5365537a-2108-4961-89b3-130ecbdd56cb',5,5,NULL,NULL,0,NULL,NULL,NULL,'2014-05-26 23:12:49','2014-05-26 23:12:49'),
	(3802,27059,'536ff50f-04d4-430f-95d4-4feccbdd56cb',1,0,NULL,NULL,0,NULL,NULL,NULL,'2014-05-26 23:12:49','2014-05-26 23:12:49'),
	(3803,27059,'536ff50f-21c8-42d7-920b-4feccbdd56cb',1,7,NULL,NULL,0,NULL,NULL,NULL,'2014-05-26 23:12:49','2014-05-26 23:12:49'),
	(3804,27059,'536ff50f-7c74-42c4-99f9-4feccbdd56cb',1,2,NULL,NULL,0,NULL,NULL,NULL,'2014-05-26 23:12:49','2014-05-26 23:12:49'),
	(3805,27059,'536ff50f-ad34-4fd1-be3a-4feccbdd56cb',0,6,NULL,NULL,0,NULL,NULL,NULL,'2014-05-26 23:12:49','2014-05-26 23:12:49'),
	(3806,27059,'536ff50f-b00c-45de-b805-4feccbdd56cb',7,2,NULL,NULL,0,NULL,NULL,NULL,'2014-05-26 23:12:49','2014-05-26 23:12:49'),
	(3807,27059,'536ff50f-c63c-411a-9ec5-4feccbdd56cb',4,2,NULL,NULL,0,NULL,NULL,NULL,'2014-05-26 23:12:49','2014-05-26 23:12:49'),
	(3808,27059,'536ff50f-e4dc-4f6b-8b25-4feccbdd56cb',2,5,NULL,NULL,0,NULL,NULL,NULL,'2014-05-26 23:12:49','2014-05-26 23:12:49'),
	(3809,27059,'536ff50f-e93c-4929-a22c-4feccbdd56cb',0,2,NULL,NULL,0,NULL,NULL,NULL,'2014-05-26 23:12:49','2014-05-26 23:12:49'),
	(3810,27059,'536ff50f-f618-4420-9335-4feccbdd56cb',4,5,NULL,NULL,0,NULL,NULL,NULL,'2014-05-26 23:12:49','2014-05-26 23:12:49'),
	(3811,27059,'536ff523-365c-4d93-a5d3-5081cbdd56cb',7,7,NULL,NULL,0,NULL,NULL,NULL,'2014-05-26 23:12:49','2014-05-26 23:12:49'),
	(3812,27059,'536ff523-7190-45fc-a81f-5081cbdd56cb',6,5,NULL,NULL,0,NULL,NULL,NULL,'2014-05-26 23:12:49','2014-05-26 23:12:49'),
	(3813,27059,'536ff523-72c0-42d0-942d-5081cbdd56cb',7,7,NULL,NULL,0,NULL,NULL,NULL,'2014-05-26 23:12:49','2014-05-26 23:12:49'),
	(3814,27059,'536ff523-88a8-49a6-86ff-5081cbdd56cb',1,3,NULL,NULL,0,NULL,NULL,NULL,'2014-05-26 23:12:49','2014-05-26 23:12:49'),
	(3815,27059,'536ff523-982c-4fa1-9a9e-5081cbdd56cb',5,2,NULL,NULL,0,NULL,NULL,NULL,'2014-05-26 23:12:49','2014-05-26 23:12:49'),
	(3816,27059,'536ff523-e2c4-48cf-b57b-5081cbdd56cb',4,2,NULL,NULL,0,NULL,NULL,NULL,'2014-05-26 23:12:49','2014-05-26 23:12:49'),
	(3817,27059,'536ff523-f4cc-4fa9-afb6-5081cbdd56cb',7,5,NULL,NULL,0,NULL,NULL,NULL,'2014-05-26 23:12:49','2014-05-26 23:12:49'),
	(3818,27059,'536ff525-083c-4cee-bddb-5081cbdd56cb',3,1,NULL,NULL,0,NULL,NULL,NULL,'2014-05-26 23:12:49','2014-05-26 23:12:49'),
	(3819,27059,'536ff525-170c-491b-bd24-5081cbdd56cb',5,5,NULL,NULL,0,NULL,NULL,NULL,'2014-05-26 23:12:49','2014-05-26 23:12:49'),
	(3820,27059,'536ff525-605c-410b-ad6e-5081cbdd56cb',3,5,NULL,NULL,0,NULL,NULL,NULL,'2014-05-26 23:12:49','2014-05-26 23:12:49'),
	(3821,27059,'536ff525-68c0-485f-83fe-5081cbdd56cb',4,2,NULL,NULL,0,NULL,NULL,NULL,'2014-05-26 23:12:49','2014-05-26 23:12:49'),
	(3822,27059,'536ff525-6ef0-4dfb-9159-5081cbdd56cb',7,0,NULL,NULL,0,NULL,NULL,NULL,'2014-05-26 23:12:49','2014-05-26 23:12:49'),
	(3823,27059,'536ff525-70c4-4c30-8dac-5081cbdd56cb',5,2,NULL,NULL,0,NULL,NULL,NULL,'2014-05-26 23:12:49','2014-05-26 23:12:49'),
	(3824,27059,'536ff525-a2dc-4e33-93c4-5081cbdd56cb',6,5,NULL,NULL,0,NULL,NULL,NULL,'2014-05-26 23:12:49','2014-05-26 23:12:49'),
	(3825,27059,'536ff525-a88c-4b61-8978-5081cbdd56cb',4,2,NULL,NULL,0,NULL,NULL,NULL,'2014-05-26 23:12:49','2014-05-26 23:12:49'),
	(3826,27059,'536ff525-d8e8-489b-a3fc-5081cbdd56cb',2,4,NULL,NULL,0,NULL,NULL,NULL,'2014-05-26 23:12:49','2014-05-26 23:12:49'),
	(3827,27059,'536ff525-ee44-45c0-949e-5081cbdd56cb',2,1,NULL,NULL,0,NULL,NULL,NULL,'2014-05-26 23:12:49','2014-05-26 23:12:49'),
	(3828,27059,'536ff527-1818-4075-9526-5081cbdd56cb',1,1,NULL,NULL,0,NULL,NULL,NULL,'2014-05-26 23:12:49','2014-05-26 23:12:49'),
	(3829,27059,'536ff527-1ab4-446e-a884-5081cbdd56cb',0,3,NULL,NULL,0,NULL,NULL,NULL,'2014-05-26 23:12:49','2014-05-26 23:12:49'),
	(3830,27059,'536ff527-51a4-45cb-9eec-5081cbdd56cb',5,5,NULL,NULL,0,NULL,NULL,NULL,'2014-05-26 23:12:49','2014-05-26 23:12:49'),
	(3831,27059,'536ff527-5b38-4aad-aa6f-5081cbdd56cb',5,1,NULL,NULL,0,NULL,NULL,NULL,'2014-05-26 23:12:49','2014-05-26 23:12:49'),
	(3832,27059,'536ff527-641c-4e68-bd1d-5081cbdd56cb',0,5,NULL,NULL,0,NULL,NULL,NULL,'2014-05-26 23:12:49','2014-05-26 23:12:49'),
	(3833,27059,'536ff527-7ba8-404b-9c21-5081cbdd56cb',7,4,NULL,NULL,0,NULL,NULL,NULL,'2014-05-26 23:12:49','2014-05-26 23:12:49'),
	(3834,27059,'536ff527-9c7c-43c6-90d4-5081cbdd56cb',6,5,NULL,NULL,0,NULL,NULL,NULL,'2014-05-26 23:12:49','2014-05-26 23:12:49'),
	(3835,27059,'536ff527-a40c-4ada-a090-5081cbdd56cb',2,2,NULL,NULL,0,NULL,NULL,NULL,'2014-05-26 23:12:49','2014-05-26 23:12:49'),
	(3836,27059,'536ff527-c43c-4a86-b964-5081cbdd56cb',2,6,NULL,NULL,0,NULL,NULL,NULL,'2014-05-26 23:12:49','2014-05-26 23:12:49'),
	(3837,27059,'5375349d-02cc-4b26-b41f-7d11cbdd56cb',5,2,NULL,NULL,0,NULL,NULL,NULL,'2014-05-26 23:12:49','2014-05-26 23:12:49'),
	(3838,27059,'53753b0d-93f8-4988-9d78-7debcbdd56cb',7,2,NULL,NULL,0,NULL,NULL,NULL,'2014-05-26 23:12:49','2014-05-26 23:12:49'),
	(3839,27059,'537d28aa-2064-48cc-82db-30ddcbdd56cb',4,5,NULL,NULL,0,NULL,NULL,NULL,'2014-05-26 23:12:49','2014-05-26 23:12:49'),
	(3840,27059,'537d294d-e1ac-4517-890a-30e1cbdd56cb',7,1,NULL,NULL,0,NULL,NULL,NULL,'2014-05-26 23:12:49','2014-05-26 23:12:49'),
	(3841,27061,'5365537a-2108-4961-89b3-130ecbdd56cb',0,2,NULL,NULL,0,NULL,NULL,NULL,'2014-05-26 23:12:49','2014-05-26 23:12:49'),
	(3842,27061,'536ff50f-04d4-430f-95d4-4feccbdd56cb',6,2,NULL,NULL,0,NULL,NULL,NULL,'2014-05-26 23:12:49','2014-05-26 23:12:49'),
	(3843,27061,'536ff50f-21c8-42d7-920b-4feccbdd56cb',3,7,NULL,NULL,0,NULL,NULL,NULL,'2014-05-26 23:12:49','2014-05-26 23:12:49'),
	(3844,27061,'536ff50f-7c74-42c4-99f9-4feccbdd56cb',4,4,NULL,NULL,0,NULL,NULL,NULL,'2014-05-26 23:12:49','2014-05-26 23:12:49'),
	(3845,27061,'536ff50f-ad34-4fd1-be3a-4feccbdd56cb',3,2,NULL,NULL,0,NULL,NULL,NULL,'2014-05-26 23:12:49','2014-05-26 23:12:49'),
	(3846,27061,'536ff50f-b00c-45de-b805-4feccbdd56cb',2,0,NULL,NULL,0,NULL,NULL,NULL,'2014-05-26 23:12:49','2014-05-26 23:12:49'),
	(3847,27061,'536ff50f-c63c-411a-9ec5-4feccbdd56cb',3,2,NULL,NULL,0,NULL,NULL,NULL,'2014-05-26 23:12:49','2014-05-26 23:12:49'),
	(3848,27061,'536ff50f-e4dc-4f6b-8b25-4feccbdd56cb',6,3,NULL,NULL,0,NULL,NULL,NULL,'2014-05-26 23:12:49','2014-05-26 23:12:49'),
	(3849,27061,'536ff50f-e93c-4929-a22c-4feccbdd56cb',6,5,NULL,NULL,0,NULL,NULL,NULL,'2014-05-26 23:12:49','2014-05-26 23:12:49'),
	(3850,27061,'536ff50f-f618-4420-9335-4feccbdd56cb',0,1,NULL,NULL,0,NULL,NULL,NULL,'2014-05-26 23:12:49','2014-05-26 23:12:49'),
	(3851,27061,'536ff523-365c-4d93-a5d3-5081cbdd56cb',7,2,NULL,NULL,0,NULL,NULL,NULL,'2014-05-26 23:12:49','2014-05-26 23:12:49'),
	(3852,27061,'536ff523-7190-45fc-a81f-5081cbdd56cb',7,4,NULL,NULL,0,NULL,NULL,NULL,'2014-05-26 23:12:49','2014-05-26 23:12:49'),
	(3853,27061,'536ff523-72c0-42d0-942d-5081cbdd56cb',5,6,NULL,NULL,0,NULL,NULL,NULL,'2014-05-26 23:12:49','2014-05-26 23:12:49'),
	(3854,27061,'536ff523-88a8-49a6-86ff-5081cbdd56cb',6,2,NULL,NULL,0,NULL,NULL,NULL,'2014-05-26 23:12:49','2014-05-26 23:12:49'),
	(3855,27061,'536ff523-982c-4fa1-9a9e-5081cbdd56cb',4,6,NULL,NULL,0,NULL,NULL,NULL,'2014-05-26 23:12:49','2014-05-26 23:12:49'),
	(3856,27061,'536ff523-e2c4-48cf-b57b-5081cbdd56cb',3,5,NULL,NULL,0,NULL,NULL,NULL,'2014-05-26 23:12:49','2014-05-26 23:12:49'),
	(3857,27061,'536ff523-f4cc-4fa9-afb6-5081cbdd56cb',0,1,NULL,NULL,0,NULL,NULL,NULL,'2014-05-26 23:12:49','2014-05-26 23:12:49'),
	(3858,27061,'536ff525-083c-4cee-bddb-5081cbdd56cb',0,4,NULL,NULL,0,NULL,NULL,NULL,'2014-05-26 23:12:49','2014-05-26 23:12:49'),
	(3859,27061,'536ff525-170c-491b-bd24-5081cbdd56cb',1,4,NULL,NULL,0,NULL,NULL,NULL,'2014-05-26 23:12:49','2014-05-26 23:12:49'),
	(3860,27061,'536ff525-605c-410b-ad6e-5081cbdd56cb',0,4,NULL,NULL,0,NULL,NULL,NULL,'2014-05-26 23:12:49','2014-05-26 23:12:49'),
	(3861,27061,'536ff525-68c0-485f-83fe-5081cbdd56cb',6,3,NULL,NULL,0,NULL,NULL,NULL,'2014-05-26 23:12:49','2014-05-26 23:12:49'),
	(3862,27061,'536ff525-6ef0-4dfb-9159-5081cbdd56cb',5,2,NULL,NULL,0,NULL,NULL,NULL,'2014-05-26 23:12:49','2014-05-26 23:12:49'),
	(3863,27061,'536ff525-70c4-4c30-8dac-5081cbdd56cb',5,4,NULL,NULL,0,NULL,NULL,NULL,'2014-05-26 23:12:49','2014-05-26 23:12:49'),
	(3864,27061,'536ff525-a2dc-4e33-93c4-5081cbdd56cb',5,4,NULL,NULL,0,NULL,NULL,NULL,'2014-05-26 23:12:49','2014-05-26 23:12:49'),
	(3865,27061,'536ff525-a88c-4b61-8978-5081cbdd56cb',1,6,NULL,NULL,0,NULL,NULL,NULL,'2014-05-26 23:12:49','2014-05-26 23:12:49'),
	(3866,27061,'536ff525-d8e8-489b-a3fc-5081cbdd56cb',5,0,NULL,NULL,0,NULL,NULL,NULL,'2014-05-26 23:12:49','2014-05-26 23:12:49'),
	(3867,27061,'536ff525-ee44-45c0-949e-5081cbdd56cb',1,5,NULL,NULL,0,NULL,NULL,NULL,'2014-05-26 23:12:49','2014-05-26 23:12:49'),
	(3868,27061,'536ff527-1818-4075-9526-5081cbdd56cb',5,6,NULL,NULL,0,NULL,NULL,NULL,'2014-05-26 23:12:49','2014-05-26 23:12:49'),
	(3869,27061,'536ff527-1ab4-446e-a884-5081cbdd56cb',4,4,NULL,NULL,0,NULL,NULL,NULL,'2014-05-26 23:12:49','2014-05-26 23:12:49'),
	(3870,27061,'536ff527-51a4-45cb-9eec-5081cbdd56cb',0,0,NULL,NULL,0,NULL,NULL,NULL,'2014-05-26 23:12:49','2014-05-26 23:12:49'),
	(3871,27061,'536ff527-5b38-4aad-aa6f-5081cbdd56cb',2,4,NULL,NULL,0,NULL,NULL,NULL,'2014-05-26 23:12:49','2014-05-26 23:12:49'),
	(3872,27061,'536ff527-641c-4e68-bd1d-5081cbdd56cb',6,3,NULL,NULL,0,NULL,NULL,NULL,'2014-05-26 23:12:49','2014-05-26 23:12:49'),
	(3873,27061,'536ff527-7ba8-404b-9c21-5081cbdd56cb',6,6,NULL,NULL,0,NULL,NULL,NULL,'2014-05-26 23:12:49','2014-05-26 23:12:49'),
	(3874,27061,'536ff527-9c7c-43c6-90d4-5081cbdd56cb',0,7,NULL,NULL,0,NULL,NULL,NULL,'2014-05-26 23:12:49','2014-05-26 23:12:49'),
	(3875,27061,'536ff527-a40c-4ada-a090-5081cbdd56cb',3,1,NULL,NULL,0,NULL,NULL,NULL,'2014-05-26 23:12:49','2014-05-26 23:12:49'),
	(3876,27061,'536ff527-c43c-4a86-b964-5081cbdd56cb',4,2,NULL,NULL,0,NULL,NULL,NULL,'2014-05-26 23:12:49','2014-05-26 23:12:49'),
	(3877,27061,'5375349d-02cc-4b26-b41f-7d11cbdd56cb',4,2,NULL,NULL,0,NULL,NULL,NULL,'2014-05-26 23:12:49','2014-05-26 23:12:49'),
	(3878,27061,'53753b0d-93f8-4988-9d78-7debcbdd56cb',4,1,NULL,NULL,0,NULL,NULL,NULL,'2014-05-26 23:12:49','2014-05-26 23:12:49'),
	(3879,27061,'537d28aa-2064-48cc-82db-30ddcbdd56cb',6,2,NULL,NULL,0,NULL,NULL,NULL,'2014-05-26 23:12:49','2014-05-26 23:12:49'),
	(3880,27061,'537d294d-e1ac-4517-890a-30e1cbdd56cb',6,7,NULL,NULL,0,NULL,NULL,NULL,'2014-05-26 23:12:49','2014-05-26 23:12:49'),
	(3881,27062,'5365537a-2108-4961-89b3-130ecbdd56cb',0,4,NULL,NULL,0,NULL,NULL,NULL,'2014-05-26 23:12:49','2014-05-26 23:12:49'),
	(3882,27062,'536ff50f-04d4-430f-95d4-4feccbdd56cb',0,1,NULL,NULL,0,NULL,NULL,NULL,'2014-05-26 23:12:49','2014-05-26 23:12:49'),
	(3883,27062,'536ff50f-21c8-42d7-920b-4feccbdd56cb',1,6,NULL,NULL,0,NULL,NULL,NULL,'2014-05-26 23:12:49','2014-05-26 23:12:49'),
	(3884,27062,'536ff50f-7c74-42c4-99f9-4feccbdd56cb',0,5,NULL,NULL,0,NULL,NULL,NULL,'2014-05-26 23:12:49','2014-05-26 23:12:49'),
	(3885,27062,'536ff50f-ad34-4fd1-be3a-4feccbdd56cb',2,0,NULL,NULL,0,NULL,NULL,NULL,'2014-05-26 23:12:49','2014-05-26 23:12:49'),
	(3886,27062,'536ff50f-b00c-45de-b805-4feccbdd56cb',6,5,NULL,NULL,0,NULL,NULL,NULL,'2014-05-26 23:12:49','2014-05-26 23:12:49'),
	(3887,27062,'536ff50f-c63c-411a-9ec5-4feccbdd56cb',5,5,NULL,NULL,0,NULL,NULL,NULL,'2014-05-26 23:12:49','2014-05-26 23:12:49'),
	(3888,27062,'536ff50f-e4dc-4f6b-8b25-4feccbdd56cb',0,3,NULL,NULL,0,NULL,NULL,NULL,'2014-05-26 23:12:49','2014-05-26 23:12:49'),
	(3889,27062,'536ff50f-e93c-4929-a22c-4feccbdd56cb',3,1,NULL,NULL,0,NULL,NULL,NULL,'2014-05-26 23:12:49','2014-05-26 23:12:49'),
	(3890,27062,'536ff50f-f618-4420-9335-4feccbdd56cb',3,6,NULL,NULL,0,NULL,NULL,NULL,'2014-05-26 23:12:49','2014-05-26 23:12:49'),
	(3891,27062,'536ff523-365c-4d93-a5d3-5081cbdd56cb',2,0,NULL,NULL,0,NULL,NULL,NULL,'2014-05-26 23:12:49','2014-05-26 23:12:49'),
	(3892,27062,'536ff523-7190-45fc-a81f-5081cbdd56cb',0,6,NULL,NULL,0,NULL,NULL,NULL,'2014-05-26 23:12:49','2014-05-26 23:12:49'),
	(3893,27062,'536ff523-72c0-42d0-942d-5081cbdd56cb',2,5,NULL,NULL,0,NULL,NULL,NULL,'2014-05-26 23:12:49','2014-05-26 23:12:49'),
	(3894,27062,'536ff523-88a8-49a6-86ff-5081cbdd56cb',0,1,NULL,NULL,0,NULL,NULL,NULL,'2014-05-26 23:12:49','2014-05-26 23:12:49'),
	(3895,27062,'536ff523-982c-4fa1-9a9e-5081cbdd56cb',7,7,NULL,NULL,0,NULL,NULL,NULL,'2014-05-26 23:12:49','2014-05-26 23:12:49'),
	(3896,27062,'536ff523-e2c4-48cf-b57b-5081cbdd56cb',1,0,NULL,NULL,0,NULL,NULL,NULL,'2014-05-26 23:12:49','2014-05-26 23:12:49'),
	(3897,27062,'536ff523-f4cc-4fa9-afb6-5081cbdd56cb',3,1,NULL,NULL,0,NULL,NULL,NULL,'2014-05-26 23:12:49','2014-05-26 23:12:49'),
	(3898,27062,'536ff525-083c-4cee-bddb-5081cbdd56cb',2,5,NULL,NULL,0,NULL,NULL,NULL,'2014-05-26 23:12:49','2014-05-26 23:12:49'),
	(3899,27062,'536ff525-170c-491b-bd24-5081cbdd56cb',7,2,NULL,NULL,0,NULL,NULL,NULL,'2014-05-26 23:12:49','2014-05-26 23:12:49'),
	(3900,27062,'536ff525-605c-410b-ad6e-5081cbdd56cb',2,2,NULL,NULL,0,NULL,NULL,NULL,'2014-05-26 23:12:49','2014-05-26 23:12:49'),
	(3901,27062,'536ff525-68c0-485f-83fe-5081cbdd56cb',2,1,NULL,NULL,0,NULL,NULL,NULL,'2014-05-26 23:12:49','2014-05-26 23:12:49'),
	(3902,27062,'536ff525-6ef0-4dfb-9159-5081cbdd56cb',7,7,NULL,NULL,0,NULL,NULL,NULL,'2014-05-26 23:12:49','2014-05-26 23:12:49'),
	(3903,27062,'536ff525-70c4-4c30-8dac-5081cbdd56cb',6,0,NULL,NULL,0,NULL,NULL,NULL,'2014-05-26 23:12:49','2014-05-26 23:12:49'),
	(3904,27062,'536ff525-a2dc-4e33-93c4-5081cbdd56cb',3,2,NULL,NULL,0,NULL,NULL,NULL,'2014-05-26 23:12:49','2014-05-26 23:12:49'),
	(3905,27062,'536ff525-a88c-4b61-8978-5081cbdd56cb',2,6,NULL,NULL,0,NULL,NULL,NULL,'2014-05-26 23:12:49','2014-05-26 23:12:49'),
	(3906,27062,'536ff525-d8e8-489b-a3fc-5081cbdd56cb',0,4,NULL,NULL,0,NULL,NULL,NULL,'2014-05-26 23:12:49','2014-05-26 23:12:49'),
	(3907,27062,'536ff525-ee44-45c0-949e-5081cbdd56cb',6,1,NULL,NULL,0,NULL,NULL,NULL,'2014-05-26 23:12:49','2014-05-26 23:12:49'),
	(3908,27062,'536ff527-1818-4075-9526-5081cbdd56cb',3,1,NULL,NULL,0,NULL,NULL,NULL,'2014-05-26 23:12:49','2014-05-26 23:12:49'),
	(3909,27062,'536ff527-1ab4-446e-a884-5081cbdd56cb',7,4,NULL,NULL,0,NULL,NULL,NULL,'2014-05-26 23:12:49','2014-05-26 23:12:49'),
	(3910,27062,'536ff527-51a4-45cb-9eec-5081cbdd56cb',2,7,NULL,NULL,0,NULL,NULL,NULL,'2014-05-26 23:12:49','2014-05-26 23:12:49'),
	(3911,27062,'536ff527-5b38-4aad-aa6f-5081cbdd56cb',3,3,NULL,NULL,0,NULL,NULL,NULL,'2014-05-26 23:12:49','2014-05-26 23:12:49'),
	(3912,27062,'536ff527-641c-4e68-bd1d-5081cbdd56cb',7,7,NULL,NULL,0,NULL,NULL,NULL,'2014-05-26 23:12:49','2014-05-26 23:12:49'),
	(3913,27062,'536ff527-7ba8-404b-9c21-5081cbdd56cb',5,1,NULL,NULL,0,NULL,NULL,NULL,'2014-05-26 23:12:49','2014-05-26 23:12:49'),
	(3914,27062,'536ff527-9c7c-43c6-90d4-5081cbdd56cb',4,5,NULL,NULL,0,NULL,NULL,NULL,'2014-05-26 23:12:49','2014-05-26 23:12:49'),
	(3915,27062,'536ff527-a40c-4ada-a090-5081cbdd56cb',3,7,NULL,NULL,0,NULL,NULL,NULL,'2014-05-26 23:12:49','2014-05-26 23:12:49'),
	(3916,27062,'536ff527-c43c-4a86-b964-5081cbdd56cb',7,6,NULL,NULL,0,NULL,NULL,NULL,'2014-05-26 23:12:49','2014-05-26 23:12:49'),
	(3917,27062,'5375349d-02cc-4b26-b41f-7d11cbdd56cb',0,7,NULL,NULL,0,NULL,NULL,NULL,'2014-05-26 23:12:49','2014-05-26 23:12:49'),
	(3918,27062,'53753b0d-93f8-4988-9d78-7debcbdd56cb',6,7,NULL,NULL,0,NULL,NULL,NULL,'2014-05-26 23:12:49','2014-05-26 23:12:49'),
	(3919,27062,'537d28aa-2064-48cc-82db-30ddcbdd56cb',0,1,NULL,NULL,0,NULL,NULL,NULL,'2014-05-26 23:12:49','2014-05-26 23:12:49'),
	(3920,27062,'537d294d-e1ac-4517-890a-30e1cbdd56cb',1,2,NULL,NULL,0,NULL,NULL,NULL,'2014-05-26 23:12:49','2014-05-26 23:12:49'),
	(3921,27063,'5365537a-2108-4961-89b3-130ecbdd56cb',7,2,NULL,NULL,0,NULL,NULL,NULL,'2014-05-26 23:12:49','2014-05-26 23:12:49'),
	(3922,27063,'536ff50f-04d4-430f-95d4-4feccbdd56cb',6,6,NULL,NULL,0,NULL,NULL,NULL,'2014-05-26 23:12:49','2014-05-26 23:12:49'),
	(3923,27063,'536ff50f-21c8-42d7-920b-4feccbdd56cb',4,2,NULL,NULL,0,NULL,NULL,NULL,'2014-05-26 23:12:49','2014-05-26 23:12:49'),
	(3924,27063,'536ff50f-7c74-42c4-99f9-4feccbdd56cb',7,3,NULL,NULL,0,NULL,NULL,NULL,'2014-05-26 23:12:49','2014-05-26 23:12:49'),
	(3925,27063,'536ff50f-ad34-4fd1-be3a-4feccbdd56cb',6,2,NULL,NULL,0,NULL,NULL,NULL,'2014-05-26 23:12:49','2014-05-26 23:12:49'),
	(3926,27063,'536ff50f-b00c-45de-b805-4feccbdd56cb',2,1,NULL,NULL,0,NULL,NULL,NULL,'2014-05-26 23:12:49','2014-05-26 23:12:49'),
	(3927,27063,'536ff50f-c63c-411a-9ec5-4feccbdd56cb',5,2,NULL,NULL,0,NULL,NULL,NULL,'2014-05-26 23:12:49','2014-05-26 23:12:49'),
	(3928,27063,'536ff50f-e4dc-4f6b-8b25-4feccbdd56cb',0,2,NULL,NULL,0,NULL,NULL,NULL,'2014-05-26 23:12:49','2014-05-26 23:12:49'),
	(3929,27063,'536ff50f-e93c-4929-a22c-4feccbdd56cb',3,5,NULL,NULL,0,NULL,NULL,NULL,'2014-05-26 23:12:49','2014-05-26 23:12:49'),
	(3930,27063,'536ff50f-f618-4420-9335-4feccbdd56cb',0,7,NULL,NULL,0,NULL,NULL,NULL,'2014-05-26 23:12:49','2014-05-26 23:12:49'),
	(3931,27063,'536ff523-365c-4d93-a5d3-5081cbdd56cb',4,7,NULL,NULL,0,NULL,NULL,NULL,'2014-05-26 23:12:49','2014-05-26 23:12:49'),
	(3932,27063,'536ff523-7190-45fc-a81f-5081cbdd56cb',5,4,NULL,NULL,0,NULL,NULL,NULL,'2014-05-26 23:12:49','2014-05-26 23:12:49'),
	(3933,27063,'536ff523-72c0-42d0-942d-5081cbdd56cb',6,4,NULL,NULL,0,NULL,NULL,NULL,'2014-05-26 23:12:49','2014-05-26 23:12:49'),
	(3934,27063,'536ff523-88a8-49a6-86ff-5081cbdd56cb',4,6,NULL,NULL,0,NULL,NULL,NULL,'2014-05-26 23:12:49','2014-05-26 23:12:49'),
	(3935,27063,'536ff523-982c-4fa1-9a9e-5081cbdd56cb',5,5,NULL,NULL,0,NULL,NULL,NULL,'2014-05-26 23:12:49','2014-05-26 23:12:49'),
	(3936,27063,'536ff523-e2c4-48cf-b57b-5081cbdd56cb',0,5,NULL,NULL,0,NULL,NULL,NULL,'2014-05-26 23:12:49','2014-05-26 23:12:49'),
	(3937,27063,'536ff523-f4cc-4fa9-afb6-5081cbdd56cb',0,7,NULL,NULL,0,NULL,NULL,NULL,'2014-05-26 23:12:49','2014-05-26 23:12:49'),
	(3938,27063,'536ff525-083c-4cee-bddb-5081cbdd56cb',3,4,NULL,NULL,0,NULL,NULL,NULL,'2014-05-26 23:12:49','2014-05-26 23:12:49'),
	(3939,27063,'536ff525-170c-491b-bd24-5081cbdd56cb',1,3,NULL,NULL,0,NULL,NULL,NULL,'2014-05-26 23:12:49','2014-05-26 23:12:49'),
	(3940,27063,'536ff525-605c-410b-ad6e-5081cbdd56cb',0,0,NULL,NULL,0,NULL,NULL,NULL,'2014-05-26 23:12:49','2014-05-26 23:12:49'),
	(3941,27063,'536ff525-68c0-485f-83fe-5081cbdd56cb',5,2,NULL,NULL,0,NULL,NULL,NULL,'2014-05-26 23:12:49','2014-05-26 23:12:49'),
	(3942,27063,'536ff525-6ef0-4dfb-9159-5081cbdd56cb',1,3,NULL,NULL,0,NULL,NULL,NULL,'2014-05-26 23:12:49','2014-05-26 23:12:49'),
	(3943,27063,'536ff525-70c4-4c30-8dac-5081cbdd56cb',4,2,NULL,NULL,0,NULL,NULL,NULL,'2014-05-26 23:12:49','2014-05-26 23:12:49'),
	(3944,27063,'536ff525-a2dc-4e33-93c4-5081cbdd56cb',6,0,NULL,NULL,0,NULL,NULL,NULL,'2014-05-26 23:12:49','2014-05-26 23:12:49'),
	(3945,27063,'536ff525-a88c-4b61-8978-5081cbdd56cb',0,6,NULL,NULL,0,NULL,NULL,NULL,'2014-05-26 23:12:49','2014-05-26 23:12:49'),
	(3946,27063,'536ff525-d8e8-489b-a3fc-5081cbdd56cb',0,4,NULL,NULL,0,NULL,NULL,NULL,'2014-05-26 23:12:49','2014-05-26 23:12:49'),
	(3947,27063,'536ff525-ee44-45c0-949e-5081cbdd56cb',6,6,NULL,NULL,0,NULL,NULL,NULL,'2014-05-26 23:12:49','2014-05-26 23:12:49'),
	(3948,27063,'536ff527-1818-4075-9526-5081cbdd56cb',1,4,NULL,NULL,0,NULL,NULL,NULL,'2014-05-26 23:12:49','2014-05-26 23:12:49'),
	(3949,27063,'536ff527-1ab4-446e-a884-5081cbdd56cb',2,5,NULL,NULL,0,NULL,NULL,NULL,'2014-05-26 23:12:49','2014-05-26 23:12:49'),
	(3950,27063,'536ff527-51a4-45cb-9eec-5081cbdd56cb',3,7,NULL,NULL,0,NULL,NULL,NULL,'2014-05-26 23:12:49','2014-05-26 23:12:49'),
	(3951,27063,'536ff527-5b38-4aad-aa6f-5081cbdd56cb',3,4,NULL,NULL,0,NULL,NULL,NULL,'2014-05-26 23:12:49','2014-05-26 23:12:49'),
	(3952,27063,'536ff527-641c-4e68-bd1d-5081cbdd56cb',4,3,NULL,NULL,0,NULL,NULL,NULL,'2014-05-26 23:12:49','2014-05-26 23:12:49'),
	(3953,27063,'536ff527-7ba8-404b-9c21-5081cbdd56cb',4,0,NULL,NULL,0,NULL,NULL,NULL,'2014-05-26 23:12:49','2014-05-26 23:12:49'),
	(3954,27063,'536ff527-9c7c-43c6-90d4-5081cbdd56cb',0,6,NULL,NULL,0,NULL,NULL,NULL,'2014-05-26 23:12:49','2014-05-26 23:12:49'),
	(3955,27063,'536ff527-a40c-4ada-a090-5081cbdd56cb',4,0,NULL,NULL,0,NULL,NULL,NULL,'2014-05-26 23:12:49','2014-05-26 23:12:49'),
	(3956,27063,'536ff527-c43c-4a86-b964-5081cbdd56cb',6,2,NULL,NULL,0,NULL,NULL,NULL,'2014-05-26 23:12:49','2014-05-26 23:12:49'),
	(3957,27063,'5375349d-02cc-4b26-b41f-7d11cbdd56cb',2,0,NULL,NULL,0,NULL,NULL,NULL,'2014-05-26 23:12:49','2014-05-26 23:12:49'),
	(3958,27063,'53753b0d-93f8-4988-9d78-7debcbdd56cb',6,7,NULL,NULL,0,NULL,NULL,NULL,'2014-05-26 23:12:49','2014-05-26 23:12:49'),
	(3959,27063,'537d28aa-2064-48cc-82db-30ddcbdd56cb',2,4,NULL,NULL,0,NULL,NULL,NULL,'2014-05-26 23:12:49','2014-05-26 23:12:49'),
	(3960,27063,'537d294d-e1ac-4517-890a-30e1cbdd56cb',0,2,NULL,NULL,0,NULL,NULL,NULL,'2014-05-26 23:12:49','2014-05-26 23:12:49'),
	(3961,27064,'5365537a-2108-4961-89b3-130ecbdd56cb',3,1,NULL,NULL,0,NULL,NULL,NULL,'2014-05-26 23:12:49','2014-05-26 23:12:49'),
	(3962,27064,'536ff50f-04d4-430f-95d4-4feccbdd56cb',7,1,NULL,NULL,0,NULL,NULL,NULL,'2014-05-26 23:12:49','2014-05-26 23:12:49'),
	(3963,27064,'536ff50f-21c8-42d7-920b-4feccbdd56cb',7,0,NULL,NULL,0,NULL,NULL,NULL,'2014-05-26 23:12:49','2014-05-26 23:12:49'),
	(3964,27064,'536ff50f-7c74-42c4-99f9-4feccbdd56cb',6,1,NULL,NULL,0,NULL,NULL,NULL,'2014-05-26 23:12:49','2014-05-26 23:12:49'),
	(3965,27064,'536ff50f-ad34-4fd1-be3a-4feccbdd56cb',5,2,NULL,NULL,0,NULL,NULL,NULL,'2014-05-26 23:12:49','2014-05-26 23:12:49'),
	(3966,27064,'536ff50f-b00c-45de-b805-4feccbdd56cb',1,1,NULL,NULL,0,NULL,NULL,NULL,'2014-05-26 23:12:49','2014-05-26 23:12:49'),
	(3967,27064,'536ff50f-c63c-411a-9ec5-4feccbdd56cb',7,5,NULL,NULL,0,NULL,NULL,NULL,'2014-05-26 23:12:49','2014-05-26 23:12:49'),
	(3968,27064,'536ff50f-e4dc-4f6b-8b25-4feccbdd56cb',4,3,NULL,NULL,0,NULL,NULL,NULL,'2014-05-26 23:12:49','2014-05-26 23:12:49'),
	(3969,27064,'536ff50f-e93c-4929-a22c-4feccbdd56cb',6,4,NULL,NULL,0,NULL,NULL,NULL,'2014-05-26 23:12:49','2014-05-26 23:12:49'),
	(3970,27064,'536ff50f-f618-4420-9335-4feccbdd56cb',1,2,NULL,NULL,0,NULL,NULL,NULL,'2014-05-26 23:12:49','2014-05-26 23:12:49'),
	(3971,27064,'536ff523-365c-4d93-a5d3-5081cbdd56cb',4,7,NULL,NULL,0,NULL,NULL,NULL,'2014-05-26 23:12:49','2014-05-26 23:12:49'),
	(3972,27064,'536ff523-7190-45fc-a81f-5081cbdd56cb',5,7,NULL,NULL,0,NULL,NULL,NULL,'2014-05-26 23:12:49','2014-05-26 23:12:49'),
	(3973,27064,'536ff523-72c0-42d0-942d-5081cbdd56cb',7,3,NULL,NULL,0,NULL,NULL,NULL,'2014-05-26 23:12:49','2014-05-26 23:12:49'),
	(3974,27064,'536ff523-88a8-49a6-86ff-5081cbdd56cb',7,2,NULL,NULL,0,NULL,NULL,NULL,'2014-05-26 23:12:49','2014-05-26 23:12:49'),
	(3975,27064,'536ff523-982c-4fa1-9a9e-5081cbdd56cb',0,0,NULL,NULL,0,NULL,NULL,NULL,'2014-05-26 23:12:49','2014-05-26 23:12:49'),
	(3976,27064,'536ff523-e2c4-48cf-b57b-5081cbdd56cb',5,3,NULL,NULL,0,NULL,NULL,NULL,'2014-05-26 23:12:49','2014-05-26 23:12:49'),
	(3977,27064,'536ff523-f4cc-4fa9-afb6-5081cbdd56cb',1,4,NULL,NULL,0,NULL,NULL,NULL,'2014-05-26 23:12:49','2014-05-26 23:12:49'),
	(3978,27064,'536ff525-083c-4cee-bddb-5081cbdd56cb',5,0,NULL,NULL,0,NULL,NULL,NULL,'2014-05-26 23:12:49','2014-05-26 23:12:49'),
	(3979,27064,'536ff525-170c-491b-bd24-5081cbdd56cb',5,4,NULL,NULL,0,NULL,NULL,NULL,'2014-05-26 23:12:49','2014-05-26 23:12:49'),
	(3980,27064,'536ff525-605c-410b-ad6e-5081cbdd56cb',2,2,NULL,NULL,0,NULL,NULL,NULL,'2014-05-26 23:12:49','2014-05-26 23:12:49'),
	(3981,27064,'536ff525-68c0-485f-83fe-5081cbdd56cb',6,3,NULL,NULL,0,NULL,NULL,NULL,'2014-05-26 23:12:49','2014-05-26 23:12:49'),
	(3982,27064,'536ff525-6ef0-4dfb-9159-5081cbdd56cb',4,5,NULL,NULL,0,NULL,NULL,NULL,'2014-05-26 23:12:49','2014-05-26 23:12:49'),
	(3983,27064,'536ff525-70c4-4c30-8dac-5081cbdd56cb',1,0,NULL,NULL,0,NULL,NULL,NULL,'2014-05-26 23:12:49','2014-05-26 23:12:49'),
	(3984,27064,'536ff525-a2dc-4e33-93c4-5081cbdd56cb',1,0,NULL,NULL,0,NULL,NULL,NULL,'2014-05-26 23:12:49','2014-05-26 23:12:49'),
	(3985,27064,'536ff525-a88c-4b61-8978-5081cbdd56cb',5,2,NULL,NULL,0,NULL,NULL,NULL,'2014-05-26 23:12:49','2014-05-26 23:12:49'),
	(3986,27064,'536ff525-d8e8-489b-a3fc-5081cbdd56cb',3,2,NULL,NULL,0,NULL,NULL,NULL,'2014-05-26 23:12:49','2014-05-26 23:12:49'),
	(3987,27064,'536ff525-ee44-45c0-949e-5081cbdd56cb',2,0,NULL,NULL,0,NULL,NULL,NULL,'2014-05-26 23:12:49','2014-05-26 23:12:49'),
	(3988,27064,'536ff527-1818-4075-9526-5081cbdd56cb',2,2,NULL,NULL,0,NULL,NULL,NULL,'2014-05-26 23:12:49','2014-05-26 23:12:49'),
	(3989,27064,'536ff527-1ab4-446e-a884-5081cbdd56cb',3,1,NULL,NULL,0,NULL,NULL,NULL,'2014-05-26 23:12:49','2014-05-26 23:12:49'),
	(3990,27064,'536ff527-51a4-45cb-9eec-5081cbdd56cb',5,3,NULL,NULL,0,NULL,NULL,NULL,'2014-05-26 23:12:49','2014-05-26 23:12:49'),
	(3991,27064,'536ff527-5b38-4aad-aa6f-5081cbdd56cb',2,2,NULL,NULL,0,NULL,NULL,NULL,'2014-05-26 23:12:49','2014-05-26 23:12:49'),
	(3992,27064,'536ff527-641c-4e68-bd1d-5081cbdd56cb',7,4,NULL,NULL,0,NULL,NULL,NULL,'2014-05-26 23:12:49','2014-05-26 23:12:49'),
	(3993,27064,'536ff527-7ba8-404b-9c21-5081cbdd56cb',7,4,NULL,NULL,0,NULL,NULL,NULL,'2014-05-26 23:12:49','2014-05-26 23:12:49'),
	(3994,27064,'536ff527-9c7c-43c6-90d4-5081cbdd56cb',4,4,NULL,NULL,0,NULL,NULL,NULL,'2014-05-26 23:12:49','2014-05-26 23:12:49'),
	(3995,27064,'536ff527-a40c-4ada-a090-5081cbdd56cb',0,7,NULL,NULL,0,NULL,NULL,NULL,'2014-05-26 23:12:49','2014-05-26 23:12:49'),
	(3996,27064,'536ff527-c43c-4a86-b964-5081cbdd56cb',7,7,NULL,NULL,0,NULL,NULL,NULL,'2014-05-26 23:12:49','2014-05-26 23:12:49'),
	(3997,27064,'5375349d-02cc-4b26-b41f-7d11cbdd56cb',3,3,NULL,NULL,0,NULL,NULL,NULL,'2014-05-26 23:12:49','2014-05-26 23:12:49'),
	(3998,27064,'53753b0d-93f8-4988-9d78-7debcbdd56cb',5,4,NULL,NULL,0,NULL,NULL,NULL,'2014-05-26 23:12:49','2014-05-26 23:12:49'),
	(3999,27064,'537d28aa-2064-48cc-82db-30ddcbdd56cb',4,6,NULL,NULL,0,NULL,NULL,NULL,'2014-05-26 23:12:49','2014-05-26 23:12:49'),
	(4000,27064,'537d294d-e1ac-4517-890a-30e1cbdd56cb',4,1,NULL,NULL,0,NULL,NULL,NULL,'2014-05-26 23:12:49','2014-05-26 23:12:49'),
	(4001,27065,'5365537a-2108-4961-89b3-130ecbdd56cb',1,7,0,NULL,0,NULL,NULL,NULL,'2014-05-26 23:12:49','2014-05-26 23:12:49'),
	(4002,27065,'536ff50f-04d4-430f-95d4-4feccbdd56cb',4,3,0,NULL,0,NULL,NULL,NULL,'2014-05-26 23:12:49','2014-05-26 23:12:49'),
	(4003,27065,'536ff50f-21c8-42d7-920b-4feccbdd56cb',0,6,0,NULL,0,NULL,NULL,NULL,'2014-05-26 23:12:49','2014-05-26 23:12:49'),
	(4004,27065,'536ff50f-7c74-42c4-99f9-4feccbdd56cb',6,3,0,NULL,0,NULL,NULL,NULL,'2014-05-26 23:12:49','2014-05-26 23:12:49'),
	(4005,27065,'536ff50f-ad34-4fd1-be3a-4feccbdd56cb',0,3,0,NULL,0,NULL,NULL,NULL,'2014-05-26 23:12:49','2014-05-26 23:12:49'),
	(4006,27065,'536ff50f-b00c-45de-b805-4feccbdd56cb',7,3,0,NULL,0,NULL,NULL,NULL,'2014-05-26 23:12:49','2014-05-26 23:12:49'),
	(4007,27065,'536ff50f-c63c-411a-9ec5-4feccbdd56cb',6,7,0,NULL,0,NULL,NULL,NULL,'2014-05-26 23:12:49','2014-05-26 23:12:49'),
	(4008,27065,'536ff50f-e4dc-4f6b-8b25-4feccbdd56cb',7,5,0,NULL,0,NULL,NULL,NULL,'2014-05-26 23:12:49','2014-05-26 23:12:49'),
	(4009,27065,'536ff50f-e93c-4929-a22c-4feccbdd56cb',4,4,20,NULL,0,NULL,NULL,NULL,'2014-05-26 23:12:49','2014-05-26 23:12:49'),
	(4010,27065,'536ff50f-f618-4420-9335-4feccbdd56cb',2,4,0,NULL,0,NULL,NULL,NULL,'2014-05-26 23:12:49','2014-05-26 23:12:49'),
	(4011,27065,'536ff523-365c-4d93-a5d3-5081cbdd56cb',3,1,0,NULL,0,NULL,NULL,NULL,'2014-05-26 23:12:49','2014-05-26 23:12:49'),
	(4012,27065,'536ff523-7190-45fc-a81f-5081cbdd56cb',4,6,0,NULL,0,NULL,NULL,NULL,'2014-05-26 23:12:49','2014-05-26 23:12:49'),
	(4013,27065,'536ff523-72c0-42d0-942d-5081cbdd56cb',5,1,0,NULL,0,NULL,NULL,NULL,'2014-05-26 23:12:49','2014-05-26 23:12:49'),
	(4014,27065,'536ff523-88a8-49a6-86ff-5081cbdd56cb',3,1,0,NULL,0,NULL,NULL,NULL,'2014-05-26 23:12:49','2014-05-26 23:12:49'),
	(4015,27065,'536ff523-982c-4fa1-9a9e-5081cbdd56cb',7,7,20,NULL,0,NULL,NULL,NULL,'2014-05-26 23:12:49','2014-05-26 23:12:49'),
	(4016,27065,'536ff523-e2c4-48cf-b57b-5081cbdd56cb',3,1,0,NULL,0,NULL,NULL,NULL,'2014-05-26 23:12:49','2014-05-26 23:12:49'),
	(4017,27065,'536ff523-f4cc-4fa9-afb6-5081cbdd56cb',7,0,0,NULL,0,NULL,NULL,NULL,'2014-05-26 23:12:49','2014-05-26 23:12:49'),
	(4018,27065,'536ff525-083c-4cee-bddb-5081cbdd56cb',5,0,0,NULL,0,NULL,NULL,NULL,'2014-05-26 23:12:49','2014-05-26 23:12:49'),
	(4019,27065,'536ff525-170c-491b-bd24-5081cbdd56cb',6,3,0,NULL,0,NULL,NULL,NULL,'2014-05-26 23:12:49','2014-05-26 23:12:49'),
	(4020,27065,'536ff525-605c-410b-ad6e-5081cbdd56cb',4,7,0,NULL,0,NULL,NULL,NULL,'2014-05-26 23:12:49','2014-05-26 23:12:49'),
	(4021,27065,'536ff525-68c0-485f-83fe-5081cbdd56cb',7,3,0,NULL,0,NULL,NULL,NULL,'2014-05-26 23:12:49','2014-05-26 23:12:49'),
	(4022,27065,'536ff525-6ef0-4dfb-9159-5081cbdd56cb',2,5,0,NULL,0,NULL,NULL,NULL,'2014-05-26 23:12:49','2014-05-26 23:12:49'),
	(4023,27065,'536ff525-70c4-4c30-8dac-5081cbdd56cb',2,1,0,NULL,0,NULL,NULL,NULL,'2014-05-26 23:12:49','2014-05-26 23:12:49'),
	(4024,27065,'536ff525-a2dc-4e33-93c4-5081cbdd56cb',3,6,0,NULL,0,NULL,NULL,NULL,'2014-05-26 23:12:49','2014-05-26 23:12:49'),
	(4025,27065,'536ff525-a88c-4b61-8978-5081cbdd56cb',5,5,20,NULL,0,NULL,NULL,NULL,'2014-05-26 23:12:49','2014-05-26 23:12:49'),
	(4026,27065,'536ff525-d8e8-489b-a3fc-5081cbdd56cb',3,1,0,NULL,0,NULL,NULL,NULL,'2014-05-26 23:12:49','2014-05-26 23:12:49'),
	(4027,27065,'536ff525-ee44-45c0-949e-5081cbdd56cb',7,0,0,NULL,0,NULL,NULL,NULL,'2014-05-26 23:12:50','2014-05-26 23:12:50'),
	(4028,27065,'536ff527-1818-4075-9526-5081cbdd56cb',7,5,0,NULL,0,NULL,NULL,NULL,'2014-05-26 23:12:50','2014-05-26 23:12:50'),
	(4029,27065,'536ff527-1ab4-446e-a884-5081cbdd56cb',1,2,0,NULL,0,NULL,NULL,NULL,'2014-05-26 23:12:50','2014-05-26 23:12:50'),
	(4030,27065,'536ff527-51a4-45cb-9eec-5081cbdd56cb',7,1,0,NULL,0,NULL,NULL,NULL,'2014-05-26 23:12:50','2014-05-26 23:12:50'),
	(4031,27065,'536ff527-5b38-4aad-aa6f-5081cbdd56cb',2,3,0,NULL,0,NULL,NULL,NULL,'2014-05-26 23:12:50','2014-05-26 23:12:50'),
	(4032,27065,'536ff527-641c-4e68-bd1d-5081cbdd56cb',3,2,0,NULL,0,NULL,NULL,NULL,'2014-05-26 23:12:50','2014-05-26 23:12:50'),
	(4033,27065,'536ff527-7ba8-404b-9c21-5081cbdd56cb',3,0,0,NULL,0,NULL,NULL,NULL,'2014-05-26 23:12:50','2014-05-26 23:12:50'),
	(4034,27065,'536ff527-9c7c-43c6-90d4-5081cbdd56cb',2,2,22,NULL,0,NULL,NULL,NULL,'2014-05-26 23:12:50','2014-05-26 23:12:50'),
	(4035,27065,'536ff527-a40c-4ada-a090-5081cbdd56cb',4,6,0,NULL,0,NULL,NULL,NULL,'2014-05-26 23:12:50','2014-05-26 23:12:50'),
	(4036,27065,'536ff527-c43c-4a86-b964-5081cbdd56cb',1,3,0,NULL,0,NULL,NULL,NULL,'2014-05-26 23:12:50','2014-05-26 23:12:50'),
	(4037,27065,'5375349d-02cc-4b26-b41f-7d11cbdd56cb',2,3,0,NULL,0,NULL,NULL,NULL,'2014-05-26 23:12:50','2014-05-26 23:12:50'),
	(4038,27065,'53753b0d-93f8-4988-9d78-7debcbdd56cb',1,5,0,NULL,0,NULL,NULL,NULL,'2014-05-26 23:12:50','2014-05-26 23:12:50'),
	(4039,27065,'537d28aa-2064-48cc-82db-30ddcbdd56cb',5,4,0,NULL,0,NULL,NULL,NULL,'2014-05-26 23:12:50','2014-05-26 23:12:50'),
	(4040,27065,'537d294d-e1ac-4517-890a-30e1cbdd56cb',4,2,0,NULL,0,NULL,NULL,NULL,'2014-05-26 23:12:50','2014-05-26 23:12:50'),
	(4041,27066,'5365537a-2108-4961-89b3-130ecbdd56cb',2,0,17,NULL,0,NULL,NULL,NULL,'2014-05-26 23:12:50','2014-05-26 23:12:50'),
	(4042,27066,'536ff50f-04d4-430f-95d4-4feccbdd56cb',4,2,20,NULL,0,NULL,NULL,NULL,'2014-05-26 23:12:50','2014-05-26 23:12:50'),
	(4043,27066,'536ff50f-21c8-42d7-920b-4feccbdd56cb',0,3,0,NULL,0,NULL,NULL,NULL,'2014-05-26 23:12:50','2014-05-26 23:12:50'),
	(4044,27066,'536ff50f-7c74-42c4-99f9-4feccbdd56cb',7,2,12,NULL,0,NULL,NULL,NULL,'2014-05-26 23:12:50','2014-05-26 23:12:50'),
	(4045,27066,'536ff50f-ad34-4fd1-be3a-4feccbdd56cb',6,7,0,NULL,0,NULL,NULL,NULL,'2014-05-26 23:12:50','2014-05-26 23:12:50'),
	(4046,27066,'536ff50f-b00c-45de-b805-4feccbdd56cb',4,1,16,NULL,0,NULL,NULL,NULL,'2014-05-26 23:12:50','2014-05-26 23:12:50'),
	(4047,27066,'536ff50f-c63c-411a-9ec5-4feccbdd56cb',2,7,0,NULL,0,NULL,NULL,NULL,'2014-05-26 23:12:50','2014-05-26 23:12:50'),
	(4048,27066,'536ff50f-e4dc-4f6b-8b25-4feccbdd56cb',3,5,0,NULL,0,NULL,NULL,NULL,'2014-05-26 23:12:50','2014-05-26 23:12:50'),
	(4049,27066,'536ff50f-e93c-4929-a22c-4feccbdd56cb',7,6,20,NULL,0,NULL,NULL,NULL,'2014-05-26 23:12:50','2014-05-26 23:12:50'),
	(4050,27066,'536ff50f-f618-4420-9335-4feccbdd56cb',7,3,13,NULL,0,NULL,NULL,NULL,'2014-05-26 23:12:50','2014-05-26 23:12:50'),
	(4051,27066,'536ff523-365c-4d93-a5d3-5081cbdd56cb',5,0,12,NULL,0,NULL,NULL,NULL,'2014-05-26 23:12:50','2014-05-26 23:12:50'),
	(4052,27066,'536ff523-7190-45fc-a81f-5081cbdd56cb',7,0,12,NULL,0,NULL,NULL,NULL,'2014-05-26 23:12:50','2014-05-26 23:12:50'),
	(4053,27066,'536ff523-72c0-42d0-942d-5081cbdd56cb',4,0,14,NULL,0,NULL,NULL,NULL,'2014-05-26 23:12:50','2014-05-26 23:12:50'),
	(4054,27066,'536ff523-88a8-49a6-86ff-5081cbdd56cb',5,2,16,NULL,0,NULL,NULL,NULL,'2014-05-26 23:12:50','2014-05-26 23:12:50'),
	(4055,27066,'536ff523-982c-4fa1-9a9e-5081cbdd56cb',4,2,20,NULL,0,NULL,NULL,NULL,'2014-05-26 23:12:50','2014-05-26 23:12:50'),
	(4056,27066,'536ff523-e2c4-48cf-b57b-5081cbdd56cb',5,7,0,NULL,0,NULL,NULL,NULL,'2014-05-26 23:12:50','2014-05-26 23:12:50'),
	(4057,27066,'536ff523-f4cc-4fa9-afb6-5081cbdd56cb',2,1,22,NULL,0,NULL,NULL,NULL,'2014-05-26 23:12:50','2014-05-26 23:12:50'),
	(4058,27066,'536ff525-083c-4cee-bddb-5081cbdd56cb',1,3,0,NULL,0,NULL,NULL,NULL,'2014-05-26 23:12:50','2014-05-26 23:12:50'),
	(4059,27066,'536ff525-170c-491b-bd24-5081cbdd56cb',4,1,16,NULL,0,NULL,NULL,NULL,'2014-05-26 23:12:50','2014-05-26 23:12:50'),
	(4060,27066,'536ff525-605c-410b-ad6e-5081cbdd56cb',6,3,14,NULL,0,NULL,NULL,NULL,'2014-05-26 23:12:50','2014-05-26 23:12:50'),
	(4061,27066,'536ff525-68c0-485f-83fe-5081cbdd56cb',0,2,0,NULL,0,NULL,NULL,NULL,'2014-05-26 23:12:50','2014-05-26 23:12:50'),
	(4062,27066,'536ff525-6ef0-4dfb-9159-5081cbdd56cb',4,2,20,NULL,0,NULL,NULL,NULL,'2014-05-26 23:12:50','2014-05-26 23:12:50'),
	(4063,27066,'536ff525-70c4-4c30-8dac-5081cbdd56cb',1,0,20,NULL,0,NULL,NULL,NULL,'2014-05-26 23:12:50','2014-05-26 23:12:50'),
	(4064,27066,'536ff525-a2dc-4e33-93c4-5081cbdd56cb',7,1,12,NULL,0,NULL,NULL,NULL,'2014-05-26 23:12:50','2014-05-26 23:12:50'),
	(4065,27066,'536ff525-a88c-4b61-8978-5081cbdd56cb',7,7,0,NULL,0,NULL,NULL,NULL,'2014-05-26 23:12:50','2014-05-26 23:12:50'),
	(4066,27066,'536ff525-d8e8-489b-a3fc-5081cbdd56cb',5,4,20,NULL,0,NULL,NULL,NULL,'2014-05-26 23:12:50','2014-05-26 23:12:50'),
	(4067,27066,'536ff525-ee44-45c0-949e-5081cbdd56cb',0,4,0,NULL,0,NULL,NULL,NULL,'2014-05-26 23:12:50','2014-05-26 23:12:50'),
	(4068,27066,'536ff527-1818-4075-9526-5081cbdd56cb',4,5,0,NULL,0,NULL,NULL,NULL,'2014-05-26 23:12:50','2014-05-26 23:12:50'),
	(4069,27066,'536ff527-1ab4-446e-a884-5081cbdd56cb',4,2,20,NULL,0,NULL,NULL,NULL,'2014-05-26 23:12:50','2014-05-26 23:12:50'),
	(4070,27066,'536ff527-51a4-45cb-9eec-5081cbdd56cb',7,1,12,NULL,0,NULL,NULL,NULL,'2014-05-26 23:12:50','2014-05-26 23:12:50'),
	(4071,27066,'536ff527-5b38-4aad-aa6f-5081cbdd56cb',4,4,0,NULL,0,NULL,NULL,NULL,'2014-05-26 23:12:50','2014-05-26 23:12:50'),
	(4072,27066,'536ff527-641c-4e68-bd1d-5081cbdd56cb',0,7,0,NULL,0,NULL,NULL,NULL,'2014-05-26 23:12:50','2014-05-26 23:12:50'),
	(4073,27066,'536ff527-7ba8-404b-9c21-5081cbdd56cb',5,1,14,NULL,0,NULL,NULL,NULL,'2014-05-26 23:12:50','2014-05-26 23:12:50'),
	(4074,27066,'536ff527-9c7c-43c6-90d4-5081cbdd56cb',3,2,30,NULL,0,NULL,NULL,NULL,'2014-05-26 23:12:50','2014-05-26 23:12:50'),
	(4075,27066,'536ff527-a40c-4ada-a090-5081cbdd56cb',2,1,22,NULL,0,NULL,NULL,NULL,'2014-05-26 23:12:50','2014-05-26 23:12:50'),
	(4076,27066,'536ff527-c43c-4a86-b964-5081cbdd56cb',5,2,16,NULL,0,NULL,NULL,NULL,'2014-05-26 23:12:50','2014-05-26 23:12:50'),
	(4077,27066,'5375349d-02cc-4b26-b41f-7d11cbdd56cb',4,2,20,NULL,0,NULL,NULL,NULL,'2014-05-26 23:12:50','2014-05-26 23:12:50'),
	(4078,27066,'53753b0d-93f8-4988-9d78-7debcbdd56cb',5,5,0,NULL,0,NULL,NULL,NULL,'2014-05-26 23:12:50','2014-05-26 23:12:50'),
	(4079,27066,'537d28aa-2064-48cc-82db-30ddcbdd56cb',2,4,0,NULL,0,NULL,NULL,NULL,'2014-05-26 23:12:50','2014-05-26 23:12:50'),
	(4080,27066,'537d294d-e1ac-4517-890a-30e1cbdd56cb',7,1,12,NULL,0,NULL,NULL,NULL,'2014-05-26 23:12:50','2014-05-26 23:12:50'),
	(4081,27067,'5365537a-2108-4961-89b3-130ecbdd56cb',4,4,NULL,NULL,0,NULL,NULL,NULL,'2014-05-26 23:12:50','2014-05-26 23:12:50'),
	(4082,27067,'536ff50f-04d4-430f-95d4-4feccbdd56cb',6,4,NULL,NULL,0,NULL,NULL,NULL,'2014-05-26 23:12:50','2014-05-26 23:12:50'),
	(4083,27067,'536ff50f-21c8-42d7-920b-4feccbdd56cb',1,3,NULL,NULL,0,NULL,NULL,NULL,'2014-05-26 23:12:50','2014-05-26 23:12:50'),
	(4084,27067,'536ff50f-7c74-42c4-99f9-4feccbdd56cb',1,5,NULL,NULL,0,NULL,NULL,NULL,'2014-05-26 23:12:50','2014-05-26 23:12:50'),
	(4085,27067,'536ff50f-ad34-4fd1-be3a-4feccbdd56cb',5,0,NULL,NULL,0,NULL,NULL,NULL,'2014-05-26 23:12:50','2014-05-26 23:12:50'),
	(4086,27067,'536ff50f-b00c-45de-b805-4feccbdd56cb',6,2,NULL,NULL,0,NULL,NULL,NULL,'2014-05-26 23:12:50','2014-05-26 23:12:50'),
	(4087,27067,'536ff50f-c63c-411a-9ec5-4feccbdd56cb',4,6,NULL,NULL,0,NULL,NULL,NULL,'2014-05-26 23:12:50','2014-05-26 23:12:50'),
	(4088,27067,'536ff50f-e4dc-4f6b-8b25-4feccbdd56cb',1,2,NULL,NULL,0,NULL,NULL,NULL,'2014-05-26 23:12:50','2014-05-26 23:12:50'),
	(4089,27067,'536ff50f-e93c-4929-a22c-4feccbdd56cb',0,5,NULL,NULL,0,NULL,NULL,NULL,'2014-05-26 23:12:50','2014-05-26 23:12:50'),
	(4090,27067,'536ff50f-f618-4420-9335-4feccbdd56cb',4,2,NULL,NULL,0,NULL,NULL,NULL,'2014-05-26 23:12:50','2014-05-26 23:12:50'),
	(4091,27067,'536ff523-365c-4d93-a5d3-5081cbdd56cb',6,2,NULL,NULL,0,NULL,NULL,NULL,'2014-05-26 23:12:50','2014-05-26 23:12:50'),
	(4092,27067,'536ff523-7190-45fc-a81f-5081cbdd56cb',5,2,NULL,NULL,0,NULL,NULL,NULL,'2014-05-26 23:12:50','2014-05-26 23:12:50'),
	(4093,27067,'536ff523-72c0-42d0-942d-5081cbdd56cb',4,2,NULL,NULL,0,NULL,NULL,NULL,'2014-05-26 23:12:50','2014-05-26 23:12:50'),
	(4094,27067,'536ff523-88a8-49a6-86ff-5081cbdd56cb',0,7,NULL,NULL,0,NULL,NULL,NULL,'2014-05-26 23:12:50','2014-05-26 23:12:50'),
	(4095,27067,'536ff523-982c-4fa1-9a9e-5081cbdd56cb',7,0,NULL,NULL,0,NULL,NULL,NULL,'2014-05-26 23:12:50','2014-05-26 23:12:50'),
	(4096,27067,'536ff523-e2c4-48cf-b57b-5081cbdd56cb',1,3,NULL,NULL,0,NULL,NULL,NULL,'2014-05-26 23:12:50','2014-05-26 23:12:50'),
	(4097,27067,'536ff523-f4cc-4fa9-afb6-5081cbdd56cb',5,7,NULL,NULL,0,NULL,NULL,NULL,'2014-05-26 23:12:50','2014-05-26 23:12:50'),
	(4098,27067,'536ff525-083c-4cee-bddb-5081cbdd56cb',0,6,NULL,NULL,0,NULL,NULL,NULL,'2014-05-26 23:12:50','2014-05-26 23:12:50'),
	(4099,27067,'536ff525-170c-491b-bd24-5081cbdd56cb',2,1,NULL,NULL,0,NULL,NULL,NULL,'2014-05-26 23:12:50','2014-05-26 23:12:50'),
	(4100,27067,'536ff525-605c-410b-ad6e-5081cbdd56cb',3,0,NULL,NULL,0,NULL,NULL,NULL,'2014-05-26 23:12:50','2014-05-26 23:12:50'),
	(4101,27067,'536ff525-68c0-485f-83fe-5081cbdd56cb',2,2,NULL,NULL,0,NULL,NULL,NULL,'2014-05-26 23:12:50','2014-05-26 23:12:50'),
	(4102,27067,'536ff525-6ef0-4dfb-9159-5081cbdd56cb',2,7,NULL,NULL,0,NULL,NULL,NULL,'2014-05-26 23:12:50','2014-05-26 23:12:50'),
	(4103,27067,'536ff525-70c4-4c30-8dac-5081cbdd56cb',0,4,NULL,NULL,0,NULL,NULL,NULL,'2014-05-26 23:12:50','2014-05-26 23:12:50'),
	(4104,27067,'536ff525-a2dc-4e33-93c4-5081cbdd56cb',1,1,NULL,NULL,0,NULL,NULL,NULL,'2014-05-26 23:12:50','2014-05-26 23:12:50'),
	(4105,27067,'536ff525-a88c-4b61-8978-5081cbdd56cb',1,5,NULL,NULL,0,NULL,NULL,NULL,'2014-05-26 23:12:50','2014-05-26 23:12:50'),
	(4106,27067,'536ff525-d8e8-489b-a3fc-5081cbdd56cb',3,0,NULL,NULL,0,NULL,NULL,NULL,'2014-05-26 23:12:50','2014-05-26 23:12:50'),
	(4107,27067,'536ff525-ee44-45c0-949e-5081cbdd56cb',0,1,NULL,NULL,0,NULL,NULL,NULL,'2014-05-26 23:12:50','2014-05-26 23:12:50'),
	(4108,27067,'536ff527-1818-4075-9526-5081cbdd56cb',3,4,NULL,NULL,0,NULL,NULL,NULL,'2014-05-26 23:12:50','2014-05-26 23:12:50'),
	(4109,27067,'536ff527-1ab4-446e-a884-5081cbdd56cb',4,3,NULL,NULL,0,NULL,NULL,NULL,'2014-05-26 23:12:50','2014-05-26 23:12:50'),
	(4110,27067,'536ff527-51a4-45cb-9eec-5081cbdd56cb',4,4,NULL,NULL,0,NULL,NULL,NULL,'2014-05-26 23:12:50','2014-05-26 23:12:50'),
	(4111,27067,'536ff527-5b38-4aad-aa6f-5081cbdd56cb',4,5,NULL,NULL,0,NULL,NULL,NULL,'2014-05-26 23:12:50','2014-05-26 23:12:50'),
	(4112,27067,'536ff527-641c-4e68-bd1d-5081cbdd56cb',0,1,NULL,NULL,0,NULL,NULL,NULL,'2014-05-26 23:12:50','2014-05-26 23:12:50'),
	(4113,27067,'536ff527-7ba8-404b-9c21-5081cbdd56cb',5,0,NULL,NULL,0,NULL,NULL,NULL,'2014-05-26 23:12:50','2014-05-26 23:12:50'),
	(4114,27067,'536ff527-9c7c-43c6-90d4-5081cbdd56cb',7,7,NULL,NULL,0,NULL,NULL,NULL,'2014-05-26 23:12:50','2014-05-26 23:12:50'),
	(4115,27067,'536ff527-a40c-4ada-a090-5081cbdd56cb',2,2,NULL,NULL,0,NULL,NULL,NULL,'2014-05-26 23:12:50','2014-05-26 23:12:50'),
	(4116,27067,'536ff527-c43c-4a86-b964-5081cbdd56cb',0,4,NULL,NULL,0,NULL,NULL,NULL,'2014-05-26 23:12:50','2014-05-26 23:12:50'),
	(4117,27067,'5375349d-02cc-4b26-b41f-7d11cbdd56cb',4,2,NULL,NULL,0,NULL,NULL,NULL,'2014-05-26 23:12:50','2014-05-26 23:12:50'),
	(4118,27067,'53753b0d-93f8-4988-9d78-7debcbdd56cb',4,5,NULL,NULL,0,NULL,NULL,NULL,'2014-05-26 23:12:50','2014-05-26 23:12:50'),
	(4119,27067,'537d28aa-2064-48cc-82db-30ddcbdd56cb',6,5,NULL,NULL,0,NULL,NULL,NULL,'2014-05-26 23:12:50','2014-05-26 23:12:50'),
	(4120,27067,'537d294d-e1ac-4517-890a-30e1cbdd56cb',6,0,NULL,NULL,0,NULL,NULL,NULL,'2014-05-26 23:12:50','2014-05-26 23:12:50'),
	(4121,27068,'5365537a-2108-4961-89b3-130ecbdd56cb',3,2,NULL,NULL,0,NULL,NULL,NULL,'2014-05-26 23:12:50','2014-05-26 23:12:50'),
	(4122,27068,'536ff50f-04d4-430f-95d4-4feccbdd56cb',0,3,NULL,NULL,0,NULL,NULL,NULL,'2014-05-26 23:12:50','2014-05-26 23:12:50'),
	(4123,27068,'536ff50f-21c8-42d7-920b-4feccbdd56cb',4,3,NULL,NULL,0,NULL,NULL,NULL,'2014-05-26 23:12:50','2014-05-26 23:12:50'),
	(4124,27068,'536ff50f-7c74-42c4-99f9-4feccbdd56cb',0,1,NULL,NULL,0,NULL,NULL,NULL,'2014-05-26 23:12:50','2014-05-26 23:12:50'),
	(4125,27068,'536ff50f-ad34-4fd1-be3a-4feccbdd56cb',7,4,NULL,NULL,0,NULL,NULL,NULL,'2014-05-26 23:12:50','2014-05-26 23:12:50'),
	(4126,27068,'536ff50f-b00c-45de-b805-4feccbdd56cb',5,3,NULL,NULL,0,NULL,NULL,NULL,'2014-05-26 23:12:50','2014-05-26 23:12:50'),
	(4127,27068,'536ff50f-c63c-411a-9ec5-4feccbdd56cb',2,5,NULL,NULL,0,NULL,NULL,NULL,'2014-05-26 23:12:50','2014-05-26 23:12:50'),
	(4128,27068,'536ff50f-e4dc-4f6b-8b25-4feccbdd56cb',4,7,NULL,NULL,0,NULL,NULL,NULL,'2014-05-26 23:12:50','2014-05-26 23:12:50'),
	(4129,27068,'536ff50f-e93c-4929-a22c-4feccbdd56cb',6,4,NULL,NULL,0,NULL,NULL,NULL,'2014-05-26 23:12:50','2014-05-26 23:12:50'),
	(4130,27068,'536ff50f-f618-4420-9335-4feccbdd56cb',7,1,NULL,NULL,0,NULL,NULL,NULL,'2014-05-26 23:12:50','2014-05-26 23:12:50'),
	(4131,27068,'536ff523-365c-4d93-a5d3-5081cbdd56cb',7,7,NULL,NULL,0,NULL,NULL,NULL,'2014-05-26 23:12:50','2014-05-26 23:12:50'),
	(4132,27068,'536ff523-7190-45fc-a81f-5081cbdd56cb',6,4,NULL,NULL,0,NULL,NULL,NULL,'2014-05-26 23:12:50','2014-05-26 23:12:50'),
	(4133,27068,'536ff523-72c0-42d0-942d-5081cbdd56cb',1,2,NULL,NULL,0,NULL,NULL,NULL,'2014-05-26 23:12:50','2014-05-26 23:12:50'),
	(4134,27068,'536ff523-88a8-49a6-86ff-5081cbdd56cb',1,0,NULL,NULL,0,NULL,NULL,NULL,'2014-05-26 23:12:50','2014-05-26 23:12:50'),
	(4135,27068,'536ff523-982c-4fa1-9a9e-5081cbdd56cb',7,0,NULL,NULL,0,NULL,NULL,NULL,'2014-05-26 23:12:50','2014-05-26 23:12:50'),
	(4136,27068,'536ff523-e2c4-48cf-b57b-5081cbdd56cb',0,2,NULL,NULL,0,NULL,NULL,NULL,'2014-05-26 23:12:50','2014-05-26 23:12:50'),
	(4137,27068,'536ff523-f4cc-4fa9-afb6-5081cbdd56cb',3,1,NULL,NULL,0,NULL,NULL,NULL,'2014-05-26 23:12:50','2014-05-26 23:12:50'),
	(4138,27068,'536ff525-083c-4cee-bddb-5081cbdd56cb',6,7,NULL,NULL,0,NULL,NULL,NULL,'2014-05-26 23:12:50','2014-05-26 23:12:50'),
	(4139,27068,'536ff525-170c-491b-bd24-5081cbdd56cb',4,7,NULL,NULL,0,NULL,NULL,NULL,'2014-05-26 23:12:50','2014-05-26 23:12:50'),
	(4140,27068,'536ff525-605c-410b-ad6e-5081cbdd56cb',0,3,NULL,NULL,0,NULL,NULL,NULL,'2014-05-26 23:12:50','2014-05-26 23:12:50'),
	(4141,27068,'536ff525-68c0-485f-83fe-5081cbdd56cb',3,6,NULL,NULL,0,NULL,NULL,NULL,'2014-05-26 23:12:50','2014-05-26 23:12:50'),
	(4142,27068,'536ff525-6ef0-4dfb-9159-5081cbdd56cb',7,6,NULL,NULL,0,NULL,NULL,NULL,'2014-05-26 23:12:50','2014-05-26 23:12:50'),
	(4143,27068,'536ff525-70c4-4c30-8dac-5081cbdd56cb',4,4,NULL,NULL,0,NULL,NULL,NULL,'2014-05-26 23:12:50','2014-05-26 23:12:50'),
	(4144,27068,'536ff525-a2dc-4e33-93c4-5081cbdd56cb',5,3,NULL,NULL,0,NULL,NULL,NULL,'2014-05-26 23:12:50','2014-05-26 23:12:50'),
	(4145,27068,'536ff525-a88c-4b61-8978-5081cbdd56cb',0,4,NULL,NULL,0,NULL,NULL,NULL,'2014-05-26 23:12:50','2014-05-26 23:12:50'),
	(4146,27068,'536ff525-d8e8-489b-a3fc-5081cbdd56cb',4,7,NULL,NULL,0,NULL,NULL,NULL,'2014-05-26 23:12:50','2014-05-26 23:12:50'),
	(4147,27068,'536ff525-ee44-45c0-949e-5081cbdd56cb',3,2,NULL,NULL,0,NULL,NULL,NULL,'2014-05-26 23:12:50','2014-05-26 23:12:50'),
	(4148,27068,'536ff527-1818-4075-9526-5081cbdd56cb',4,5,NULL,NULL,0,NULL,NULL,NULL,'2014-05-26 23:12:50','2014-05-26 23:12:50'),
	(4149,27068,'536ff527-1ab4-446e-a884-5081cbdd56cb',4,6,NULL,NULL,0,NULL,NULL,NULL,'2014-05-26 23:12:50','2014-05-26 23:12:50'),
	(4150,27068,'536ff527-51a4-45cb-9eec-5081cbdd56cb',5,4,NULL,NULL,0,NULL,NULL,NULL,'2014-05-26 23:12:50','2014-05-26 23:12:50'),
	(4151,27068,'536ff527-5b38-4aad-aa6f-5081cbdd56cb',6,6,NULL,NULL,0,NULL,NULL,NULL,'2014-05-26 23:12:50','2014-05-26 23:12:50'),
	(4152,27068,'536ff527-641c-4e68-bd1d-5081cbdd56cb',7,1,NULL,NULL,0,NULL,NULL,NULL,'2014-05-26 23:12:50','2014-05-26 23:12:50'),
	(4153,27068,'536ff527-7ba8-404b-9c21-5081cbdd56cb',7,6,NULL,NULL,0,NULL,NULL,NULL,'2014-05-26 23:12:50','2014-05-26 23:12:50'),
	(4154,27068,'536ff527-9c7c-43c6-90d4-5081cbdd56cb',1,4,NULL,NULL,0,NULL,NULL,NULL,'2014-05-26 23:12:50','2014-05-26 23:12:50'),
	(4155,27068,'536ff527-a40c-4ada-a090-5081cbdd56cb',5,2,NULL,NULL,0,NULL,NULL,NULL,'2014-05-26 23:12:50','2014-05-26 23:12:50'),
	(4156,27068,'536ff527-c43c-4a86-b964-5081cbdd56cb',0,1,NULL,NULL,0,NULL,NULL,NULL,'2014-05-26 23:12:50','2014-05-26 23:12:50'),
	(4157,27068,'5375349d-02cc-4b26-b41f-7d11cbdd56cb',1,7,NULL,NULL,0,NULL,NULL,NULL,'2014-05-26 23:12:50','2014-05-26 23:12:50'),
	(4158,27068,'53753b0d-93f8-4988-9d78-7debcbdd56cb',7,5,NULL,NULL,0,NULL,NULL,NULL,'2014-05-26 23:12:50','2014-05-26 23:12:50'),
	(4159,27068,'537d28aa-2064-48cc-82db-30ddcbdd56cb',3,4,NULL,NULL,0,NULL,NULL,NULL,'2014-05-26 23:12:50','2014-05-26 23:12:50'),
	(4160,27068,'537d294d-e1ac-4517-890a-30e1cbdd56cb',0,4,NULL,NULL,0,NULL,NULL,NULL,'2014-05-26 23:12:50','2014-05-26 23:12:50'),
	(4161,27069,'5365537a-2108-4961-89b3-130ecbdd56cb',1,5,NULL,NULL,0,NULL,NULL,NULL,'2014-05-26 23:12:50','2014-05-26 23:12:50'),
	(4162,27069,'536ff50f-04d4-430f-95d4-4feccbdd56cb',4,5,NULL,NULL,0,NULL,NULL,NULL,'2014-05-26 23:12:50','2014-05-26 23:12:50'),
	(4163,27069,'536ff50f-21c8-42d7-920b-4feccbdd56cb',0,0,NULL,NULL,0,NULL,NULL,NULL,'2014-05-26 23:12:50','2014-05-26 23:12:50'),
	(4164,27069,'536ff50f-7c74-42c4-99f9-4feccbdd56cb',2,5,NULL,NULL,0,NULL,NULL,NULL,'2014-05-26 23:12:50','2014-05-26 23:12:50'),
	(4165,27069,'536ff50f-ad34-4fd1-be3a-4feccbdd56cb',6,0,NULL,NULL,0,NULL,NULL,NULL,'2014-05-26 23:12:50','2014-05-26 23:12:50'),
	(4166,27069,'536ff50f-b00c-45de-b805-4feccbdd56cb',1,5,NULL,NULL,0,NULL,NULL,NULL,'2014-05-26 23:12:50','2014-05-26 23:12:50'),
	(4167,27069,'536ff50f-c63c-411a-9ec5-4feccbdd56cb',7,1,NULL,NULL,0,NULL,NULL,NULL,'2014-05-26 23:12:50','2014-05-26 23:12:50'),
	(4168,27069,'536ff50f-e4dc-4f6b-8b25-4feccbdd56cb',7,6,NULL,NULL,0,NULL,NULL,NULL,'2014-05-26 23:12:50','2014-05-26 23:12:50'),
	(4169,27069,'536ff50f-e93c-4929-a22c-4feccbdd56cb',7,0,NULL,NULL,0,NULL,NULL,NULL,'2014-05-26 23:12:50','2014-05-26 23:12:50'),
	(4170,27069,'536ff50f-f618-4420-9335-4feccbdd56cb',3,4,NULL,NULL,0,NULL,NULL,NULL,'2014-05-26 23:12:50','2014-05-26 23:12:50'),
	(4171,27069,'536ff523-365c-4d93-a5d3-5081cbdd56cb',3,3,NULL,NULL,0,NULL,NULL,NULL,'2014-05-26 23:12:50','2014-05-26 23:12:50'),
	(4172,27069,'536ff523-7190-45fc-a81f-5081cbdd56cb',5,4,NULL,NULL,0,NULL,NULL,NULL,'2014-05-26 23:12:50','2014-05-26 23:12:50'),
	(4173,27069,'536ff523-72c0-42d0-942d-5081cbdd56cb',2,5,NULL,NULL,0,NULL,NULL,NULL,'2014-05-26 23:12:50','2014-05-26 23:12:50'),
	(4174,27069,'536ff523-88a8-49a6-86ff-5081cbdd56cb',2,6,NULL,NULL,0,NULL,NULL,NULL,'2014-05-26 23:12:50','2014-05-26 23:12:50'),
	(4175,27069,'536ff523-982c-4fa1-9a9e-5081cbdd56cb',2,3,NULL,NULL,0,NULL,NULL,NULL,'2014-05-26 23:12:50','2014-05-26 23:12:50'),
	(4176,27069,'536ff523-e2c4-48cf-b57b-5081cbdd56cb',3,3,NULL,NULL,0,NULL,NULL,NULL,'2014-05-26 23:12:50','2014-05-26 23:12:50'),
	(4177,27069,'536ff523-f4cc-4fa9-afb6-5081cbdd56cb',0,7,NULL,NULL,0,NULL,NULL,NULL,'2014-05-26 23:12:50','2014-05-26 23:12:50'),
	(4178,27069,'536ff525-083c-4cee-bddb-5081cbdd56cb',1,0,NULL,NULL,0,NULL,NULL,NULL,'2014-05-26 23:12:50','2014-05-26 23:12:50'),
	(4179,27069,'536ff525-170c-491b-bd24-5081cbdd56cb',0,4,NULL,NULL,0,NULL,NULL,NULL,'2014-05-26 23:12:50','2014-05-26 23:12:50'),
	(4180,27069,'536ff525-605c-410b-ad6e-5081cbdd56cb',6,7,NULL,NULL,0,NULL,NULL,NULL,'2014-05-26 23:12:50','2014-05-26 23:12:50'),
	(4181,27069,'536ff525-68c0-485f-83fe-5081cbdd56cb',5,7,NULL,NULL,0,NULL,NULL,NULL,'2014-05-26 23:12:50','2014-05-26 23:12:50'),
	(4182,27069,'536ff525-6ef0-4dfb-9159-5081cbdd56cb',4,4,NULL,NULL,0,NULL,NULL,NULL,'2014-05-26 23:12:50','2014-05-26 23:12:50'),
	(4183,27069,'536ff525-70c4-4c30-8dac-5081cbdd56cb',0,3,NULL,NULL,0,NULL,NULL,NULL,'2014-05-26 23:12:50','2014-05-26 23:12:50'),
	(4184,27069,'536ff525-a2dc-4e33-93c4-5081cbdd56cb',3,0,NULL,NULL,0,NULL,NULL,NULL,'2014-05-26 23:12:50','2014-05-26 23:12:50'),
	(4185,27069,'536ff525-a88c-4b61-8978-5081cbdd56cb',4,6,NULL,NULL,0,NULL,NULL,NULL,'2014-05-26 23:12:50','2014-05-26 23:12:50'),
	(4186,27069,'536ff525-d8e8-489b-a3fc-5081cbdd56cb',5,7,NULL,NULL,0,NULL,NULL,NULL,'2014-05-26 23:12:50','2014-05-26 23:12:50'),
	(4187,27069,'536ff525-ee44-45c0-949e-5081cbdd56cb',1,2,NULL,NULL,0,NULL,NULL,NULL,'2014-05-26 23:12:50','2014-05-26 23:12:50'),
	(4188,27069,'536ff527-1818-4075-9526-5081cbdd56cb',4,4,NULL,NULL,0,NULL,NULL,NULL,'2014-05-26 23:12:50','2014-05-26 23:12:50'),
	(4189,27069,'536ff527-1ab4-446e-a884-5081cbdd56cb',0,6,NULL,NULL,0,NULL,NULL,NULL,'2014-05-26 23:12:50','2014-05-26 23:12:50'),
	(4190,27069,'536ff527-51a4-45cb-9eec-5081cbdd56cb',3,2,NULL,NULL,0,NULL,NULL,NULL,'2014-05-26 23:12:50','2014-05-26 23:12:50'),
	(4191,27069,'536ff527-5b38-4aad-aa6f-5081cbdd56cb',1,6,NULL,NULL,0,NULL,NULL,NULL,'2014-05-26 23:12:50','2014-05-26 23:12:50'),
	(4192,27069,'536ff527-641c-4e68-bd1d-5081cbdd56cb',6,2,NULL,NULL,0,NULL,NULL,NULL,'2014-05-26 23:12:50','2014-05-26 23:12:50'),
	(4193,27069,'536ff527-7ba8-404b-9c21-5081cbdd56cb',6,7,NULL,NULL,0,NULL,NULL,NULL,'2014-05-26 23:12:50','2014-05-26 23:12:50'),
	(4194,27069,'536ff527-9c7c-43c6-90d4-5081cbdd56cb',2,6,NULL,NULL,0,NULL,NULL,NULL,'2014-05-26 23:12:50','2014-05-26 23:12:50'),
	(4195,27069,'536ff527-a40c-4ada-a090-5081cbdd56cb',3,0,NULL,NULL,0,NULL,NULL,NULL,'2014-05-26 23:12:50','2014-05-26 23:12:50'),
	(4196,27069,'536ff527-c43c-4a86-b964-5081cbdd56cb',5,0,NULL,NULL,0,NULL,NULL,NULL,'2014-05-26 23:12:50','2014-05-26 23:12:50'),
	(4197,27069,'5375349d-02cc-4b26-b41f-7d11cbdd56cb',0,2,NULL,NULL,0,NULL,NULL,NULL,'2014-05-26 23:12:50','2014-05-26 23:12:50'),
	(4198,27069,'53753b0d-93f8-4988-9d78-7debcbdd56cb',5,1,NULL,NULL,0,NULL,NULL,NULL,'2014-05-26 23:12:50','2014-05-26 23:12:50'),
	(4199,27069,'537d28aa-2064-48cc-82db-30ddcbdd56cb',5,0,NULL,NULL,0,NULL,NULL,NULL,'2014-05-26 23:12:50','2014-05-26 23:12:50'),
	(4200,27069,'537d294d-e1ac-4517-890a-30e1cbdd56cb',1,2,NULL,NULL,0,NULL,NULL,NULL,'2014-05-26 23:12:50','2014-05-26 23:12:50'),
	(4201,27070,'5365537a-2108-4961-89b3-130ecbdd56cb',7,6,NULL,NULL,0,NULL,NULL,NULL,'2014-05-26 23:12:50','2014-05-26 23:12:50'),
	(4202,27070,'536ff50f-04d4-430f-95d4-4feccbdd56cb',1,0,NULL,NULL,0,NULL,NULL,NULL,'2014-05-26 23:12:50','2014-05-26 23:12:50'),
	(4203,27070,'536ff50f-21c8-42d7-920b-4feccbdd56cb',1,6,NULL,NULL,0,NULL,NULL,NULL,'2014-05-26 23:12:50','2014-05-26 23:12:50'),
	(4204,27070,'536ff50f-7c74-42c4-99f9-4feccbdd56cb',5,2,NULL,NULL,0,NULL,NULL,NULL,'2014-05-26 23:12:50','2014-05-26 23:12:50'),
	(4205,27070,'536ff50f-ad34-4fd1-be3a-4feccbdd56cb',4,0,NULL,NULL,0,NULL,NULL,NULL,'2014-05-26 23:12:50','2014-05-26 23:12:50'),
	(4206,27070,'536ff50f-b00c-45de-b805-4feccbdd56cb',4,6,NULL,NULL,0,NULL,NULL,NULL,'2014-05-26 23:12:50','2014-05-26 23:12:50'),
	(4207,27070,'536ff50f-c63c-411a-9ec5-4feccbdd56cb',7,2,NULL,NULL,0,NULL,NULL,NULL,'2014-05-26 23:12:50','2014-05-26 23:12:50'),
	(4208,27070,'536ff50f-e4dc-4f6b-8b25-4feccbdd56cb',0,5,NULL,NULL,0,NULL,NULL,NULL,'2014-05-26 23:12:50','2014-05-26 23:12:50'),
	(4209,27070,'536ff50f-e93c-4929-a22c-4feccbdd56cb',2,3,NULL,NULL,0,NULL,NULL,NULL,'2014-05-26 23:12:50','2014-05-26 23:12:50'),
	(4210,27070,'536ff50f-f618-4420-9335-4feccbdd56cb',4,6,NULL,NULL,0,NULL,NULL,NULL,'2014-05-26 23:12:50','2014-05-26 23:12:50'),
	(4211,27070,'536ff523-365c-4d93-a5d3-5081cbdd56cb',4,2,NULL,NULL,0,NULL,NULL,NULL,'2014-05-26 23:12:50','2014-05-26 23:12:50'),
	(4212,27070,'536ff523-7190-45fc-a81f-5081cbdd56cb',6,4,NULL,NULL,0,NULL,NULL,NULL,'2014-05-26 23:12:50','2014-05-26 23:12:50'),
	(4213,27070,'536ff523-72c0-42d0-942d-5081cbdd56cb',4,3,NULL,NULL,0,NULL,NULL,NULL,'2014-05-26 23:12:50','2014-05-26 23:12:50'),
	(4214,27070,'536ff523-88a8-49a6-86ff-5081cbdd56cb',6,2,NULL,NULL,0,NULL,NULL,NULL,'2014-05-26 23:12:50','2014-05-26 23:12:50'),
	(4215,27070,'536ff523-982c-4fa1-9a9e-5081cbdd56cb',4,0,NULL,NULL,0,NULL,NULL,NULL,'2014-05-26 23:12:50','2014-05-26 23:12:50'),
	(4216,27070,'536ff523-e2c4-48cf-b57b-5081cbdd56cb',4,3,NULL,NULL,0,NULL,NULL,NULL,'2014-05-26 23:12:50','2014-05-26 23:12:50'),
	(4217,27070,'536ff523-f4cc-4fa9-afb6-5081cbdd56cb',7,6,NULL,NULL,0,NULL,NULL,NULL,'2014-05-26 23:12:50','2014-05-26 23:12:50'),
	(4218,27070,'536ff525-083c-4cee-bddb-5081cbdd56cb',4,1,NULL,NULL,0,NULL,NULL,NULL,'2014-05-26 23:12:50','2014-05-26 23:12:50'),
	(4219,27070,'536ff525-170c-491b-bd24-5081cbdd56cb',4,1,NULL,NULL,0,NULL,NULL,NULL,'2014-05-26 23:12:50','2014-05-26 23:12:50'),
	(4220,27070,'536ff525-605c-410b-ad6e-5081cbdd56cb',3,1,NULL,NULL,0,NULL,NULL,NULL,'2014-05-26 23:12:50','2014-05-26 23:12:50'),
	(4221,27070,'536ff525-68c0-485f-83fe-5081cbdd56cb',2,0,NULL,NULL,0,NULL,NULL,NULL,'2014-05-26 23:12:50','2014-05-26 23:12:50'),
	(4222,27070,'536ff525-6ef0-4dfb-9159-5081cbdd56cb',7,1,NULL,NULL,0,NULL,NULL,NULL,'2014-05-26 23:12:50','2014-05-26 23:12:50'),
	(4223,27070,'536ff525-70c4-4c30-8dac-5081cbdd56cb',2,7,NULL,NULL,0,NULL,NULL,NULL,'2014-05-26 23:12:50','2014-05-26 23:12:50'),
	(4224,27070,'536ff525-a2dc-4e33-93c4-5081cbdd56cb',7,5,NULL,NULL,0,NULL,NULL,NULL,'2014-05-26 23:12:50','2014-05-26 23:12:50'),
	(4225,27070,'536ff525-a88c-4b61-8978-5081cbdd56cb',3,3,NULL,NULL,0,NULL,NULL,NULL,'2014-05-26 23:12:50','2014-05-26 23:12:50'),
	(4226,27070,'536ff525-d8e8-489b-a3fc-5081cbdd56cb',3,7,NULL,NULL,0,NULL,NULL,NULL,'2014-05-26 23:12:50','2014-05-26 23:12:50'),
	(4227,27070,'536ff525-ee44-45c0-949e-5081cbdd56cb',5,2,NULL,NULL,0,NULL,NULL,NULL,'2014-05-26 23:12:50','2014-05-26 23:12:50'),
	(4228,27070,'536ff527-1818-4075-9526-5081cbdd56cb',4,2,NULL,NULL,0,NULL,NULL,NULL,'2014-05-26 23:12:50','2014-05-26 23:12:50'),
	(4229,27070,'536ff527-1ab4-446e-a884-5081cbdd56cb',5,2,NULL,NULL,0,NULL,NULL,NULL,'2014-05-26 23:12:50','2014-05-26 23:12:50'),
	(4230,27070,'536ff527-51a4-45cb-9eec-5081cbdd56cb',4,2,NULL,NULL,0,NULL,NULL,NULL,'2014-05-26 23:12:50','2014-05-26 23:12:50'),
	(4231,27070,'536ff527-5b38-4aad-aa6f-5081cbdd56cb',3,0,NULL,NULL,0,NULL,NULL,NULL,'2014-05-26 23:12:50','2014-05-26 23:12:50'),
	(4232,27070,'536ff527-641c-4e68-bd1d-5081cbdd56cb',5,2,NULL,NULL,0,NULL,NULL,NULL,'2014-05-26 23:12:50','2014-05-26 23:12:50'),
	(4233,27070,'536ff527-7ba8-404b-9c21-5081cbdd56cb',7,2,NULL,NULL,0,NULL,NULL,NULL,'2014-05-26 23:12:50','2014-05-26 23:12:50'),
	(4234,27070,'536ff527-9c7c-43c6-90d4-5081cbdd56cb',3,3,NULL,NULL,0,NULL,NULL,NULL,'2014-05-26 23:12:50','2014-05-26 23:12:50'),
	(4235,27070,'536ff527-a40c-4ada-a090-5081cbdd56cb',4,7,NULL,NULL,0,NULL,NULL,NULL,'2014-05-26 23:12:50','2014-05-26 23:12:50'),
	(4236,27070,'536ff527-c43c-4a86-b964-5081cbdd56cb',5,6,NULL,NULL,0,NULL,NULL,NULL,'2014-05-26 23:12:50','2014-05-26 23:12:50'),
	(4237,27070,'5375349d-02cc-4b26-b41f-7d11cbdd56cb',7,4,NULL,NULL,0,NULL,NULL,NULL,'2014-05-26 23:12:50','2014-05-26 23:12:50'),
	(4238,27070,'53753b0d-93f8-4988-9d78-7debcbdd56cb',0,2,NULL,NULL,0,NULL,NULL,NULL,'2014-05-26 23:12:50','2014-05-26 23:12:50'),
	(4239,27070,'537d28aa-2064-48cc-82db-30ddcbdd56cb',4,7,NULL,NULL,0,NULL,NULL,NULL,'2014-05-26 23:12:50','2014-05-26 23:12:50'),
	(4240,27070,'537d294d-e1ac-4517-890a-30e1cbdd56cb',7,7,NULL,NULL,0,NULL,NULL,NULL,'2014-05-26 23:12:50','2014-05-26 23:12:50'),
	(4241,27071,'5365537a-2108-4961-89b3-130ecbdd56cb',3,2,NULL,NULL,0,NULL,NULL,NULL,'2014-05-26 23:12:50','2014-05-26 23:12:50'),
	(4242,27071,'536ff50f-04d4-430f-95d4-4feccbdd56cb',6,0,NULL,NULL,0,NULL,NULL,NULL,'2014-05-26 23:12:50','2014-05-26 23:12:50'),
	(4243,27071,'536ff50f-21c8-42d7-920b-4feccbdd56cb',4,3,NULL,NULL,0,NULL,NULL,NULL,'2014-05-26 23:12:50','2014-05-26 23:12:50'),
	(4244,27071,'536ff50f-7c74-42c4-99f9-4feccbdd56cb',2,2,NULL,NULL,0,NULL,NULL,NULL,'2014-05-26 23:12:50','2014-05-26 23:12:50'),
	(4245,27071,'536ff50f-ad34-4fd1-be3a-4feccbdd56cb',5,7,NULL,NULL,0,NULL,NULL,NULL,'2014-05-26 23:12:50','2014-05-26 23:12:50'),
	(4246,27071,'536ff50f-b00c-45de-b805-4feccbdd56cb',5,0,NULL,NULL,0,NULL,NULL,NULL,'2014-05-26 23:12:50','2014-05-26 23:12:50'),
	(4247,27071,'536ff50f-c63c-411a-9ec5-4feccbdd56cb',7,3,NULL,NULL,0,NULL,NULL,NULL,'2014-05-26 23:12:50','2014-05-26 23:12:50'),
	(4248,27071,'536ff50f-e4dc-4f6b-8b25-4feccbdd56cb',3,6,NULL,NULL,0,NULL,NULL,NULL,'2014-05-26 23:12:50','2014-05-26 23:12:50'),
	(4249,27071,'536ff50f-e93c-4929-a22c-4feccbdd56cb',5,6,NULL,NULL,0,NULL,NULL,NULL,'2014-05-26 23:12:50','2014-05-26 23:12:50'),
	(4250,27071,'536ff50f-f618-4420-9335-4feccbdd56cb',2,1,NULL,NULL,0,NULL,NULL,NULL,'2014-05-26 23:12:50','2014-05-26 23:12:50'),
	(4251,27071,'536ff523-365c-4d93-a5d3-5081cbdd56cb',5,7,NULL,NULL,0,NULL,NULL,NULL,'2014-05-26 23:12:50','2014-05-26 23:12:50'),
	(4252,27071,'536ff523-7190-45fc-a81f-5081cbdd56cb',0,4,NULL,NULL,0,NULL,NULL,NULL,'2014-05-26 23:12:50','2014-05-26 23:12:50'),
	(4253,27071,'536ff523-72c0-42d0-942d-5081cbdd56cb',4,1,NULL,NULL,0,NULL,NULL,NULL,'2014-05-26 23:12:50','2014-05-26 23:12:50'),
	(4254,27071,'536ff523-88a8-49a6-86ff-5081cbdd56cb',7,0,NULL,NULL,0,NULL,NULL,NULL,'2014-05-26 23:12:50','2014-05-26 23:12:50'),
	(4255,27071,'536ff523-982c-4fa1-9a9e-5081cbdd56cb',0,6,NULL,NULL,0,NULL,NULL,NULL,'2014-05-26 23:12:50','2014-05-26 23:12:50'),
	(4256,27071,'536ff523-e2c4-48cf-b57b-5081cbdd56cb',0,4,NULL,NULL,0,NULL,NULL,NULL,'2014-05-26 23:12:50','2014-05-26 23:12:50'),
	(4257,27071,'536ff523-f4cc-4fa9-afb6-5081cbdd56cb',1,6,NULL,NULL,0,NULL,NULL,NULL,'2014-05-26 23:12:50','2014-05-26 23:12:50'),
	(4258,27071,'536ff525-083c-4cee-bddb-5081cbdd56cb',5,6,NULL,NULL,0,NULL,NULL,NULL,'2014-05-26 23:12:50','2014-05-26 23:12:50'),
	(4259,27071,'536ff525-170c-491b-bd24-5081cbdd56cb',1,7,NULL,NULL,0,NULL,NULL,NULL,'2014-05-26 23:12:50','2014-05-26 23:12:50'),
	(4260,27071,'536ff525-605c-410b-ad6e-5081cbdd56cb',1,7,NULL,NULL,0,NULL,NULL,NULL,'2014-05-26 23:12:50','2014-05-26 23:12:50'),
	(4261,27071,'536ff525-68c0-485f-83fe-5081cbdd56cb',7,6,NULL,NULL,0,NULL,NULL,NULL,'2014-05-26 23:12:50','2014-05-26 23:12:50'),
	(4262,27071,'536ff525-6ef0-4dfb-9159-5081cbdd56cb',0,6,NULL,NULL,0,NULL,NULL,NULL,'2014-05-26 23:12:50','2014-05-26 23:12:50'),
	(4263,27071,'536ff525-70c4-4c30-8dac-5081cbdd56cb',1,3,NULL,NULL,0,NULL,NULL,NULL,'2014-05-26 23:12:50','2014-05-26 23:12:50'),
	(4264,27071,'536ff525-a2dc-4e33-93c4-5081cbdd56cb',5,7,NULL,NULL,0,NULL,NULL,NULL,'2014-05-26 23:12:50','2014-05-26 23:12:50'),
	(4265,27071,'536ff525-a88c-4b61-8978-5081cbdd56cb',2,0,NULL,NULL,0,NULL,NULL,NULL,'2014-05-26 23:12:50','2014-05-26 23:12:50'),
	(4266,27071,'536ff525-d8e8-489b-a3fc-5081cbdd56cb',0,7,NULL,NULL,0,NULL,NULL,NULL,'2014-05-26 23:12:50','2014-05-26 23:12:50'),
	(4267,27071,'536ff525-ee44-45c0-949e-5081cbdd56cb',7,1,NULL,NULL,0,NULL,NULL,NULL,'2014-05-26 23:12:50','2014-05-26 23:12:50'),
	(4268,27071,'536ff527-1818-4075-9526-5081cbdd56cb',4,3,NULL,NULL,0,NULL,NULL,NULL,'2014-05-26 23:12:50','2014-05-26 23:12:50'),
	(4269,27071,'536ff527-1ab4-446e-a884-5081cbdd56cb',2,3,NULL,NULL,0,NULL,NULL,NULL,'2014-05-26 23:12:50','2014-05-26 23:12:50'),
	(4270,27071,'536ff527-51a4-45cb-9eec-5081cbdd56cb',4,3,NULL,NULL,0,NULL,NULL,NULL,'2014-05-26 23:12:50','2014-05-26 23:12:50'),
	(4271,27071,'536ff527-5b38-4aad-aa6f-5081cbdd56cb',2,4,NULL,NULL,0,NULL,NULL,NULL,'2014-05-26 23:12:50','2014-05-26 23:12:50'),
	(4272,27071,'536ff527-641c-4e68-bd1d-5081cbdd56cb',7,4,NULL,NULL,0,NULL,NULL,NULL,'2014-05-26 23:12:50','2014-05-26 23:12:50'),
	(4273,27071,'536ff527-7ba8-404b-9c21-5081cbdd56cb',3,4,NULL,NULL,0,NULL,NULL,NULL,'2014-05-26 23:12:50','2014-05-26 23:12:50'),
	(4274,27071,'536ff527-9c7c-43c6-90d4-5081cbdd56cb',2,5,NULL,NULL,0,NULL,NULL,NULL,'2014-05-26 23:12:50','2014-05-26 23:12:50'),
	(4275,27071,'536ff527-a40c-4ada-a090-5081cbdd56cb',4,3,NULL,NULL,0,NULL,NULL,NULL,'2014-05-26 23:12:50','2014-05-26 23:12:50'),
	(4276,27071,'536ff527-c43c-4a86-b964-5081cbdd56cb',4,3,NULL,NULL,0,NULL,NULL,NULL,'2014-05-26 23:12:50','2014-05-26 23:12:50'),
	(4277,27071,'5375349d-02cc-4b26-b41f-7d11cbdd56cb',2,5,NULL,NULL,0,NULL,NULL,NULL,'2014-05-26 23:12:50','2014-05-26 23:12:50'),
	(4278,27071,'53753b0d-93f8-4988-9d78-7debcbdd56cb',2,4,NULL,NULL,0,NULL,NULL,NULL,'2014-05-26 23:12:50','2014-05-26 23:12:50'),
	(4279,27071,'537d28aa-2064-48cc-82db-30ddcbdd56cb',0,0,NULL,NULL,0,NULL,NULL,NULL,'2014-05-26 23:12:50','2014-05-26 23:12:50'),
	(4280,27071,'537d294d-e1ac-4517-890a-30e1cbdd56cb',3,2,NULL,NULL,0,NULL,NULL,NULL,'2014-05-26 23:12:50','2014-05-26 23:12:50'),
	(4281,27072,'5365537a-2108-4961-89b3-130ecbdd56cb',0,4,NULL,NULL,0,NULL,NULL,NULL,'2014-05-26 23:12:50','2014-05-26 23:12:50'),
	(4282,27072,'536ff50f-04d4-430f-95d4-4feccbdd56cb',2,7,NULL,NULL,0,NULL,NULL,NULL,'2014-05-26 23:12:50','2014-05-26 23:12:50'),
	(4283,27072,'536ff50f-21c8-42d7-920b-4feccbdd56cb',5,7,NULL,NULL,0,NULL,NULL,NULL,'2014-05-26 23:12:50','2014-05-26 23:12:50'),
	(4284,27072,'536ff50f-7c74-42c4-99f9-4feccbdd56cb',3,0,NULL,NULL,0,NULL,NULL,NULL,'2014-05-26 23:12:50','2014-05-26 23:12:50'),
	(4285,27072,'536ff50f-ad34-4fd1-be3a-4feccbdd56cb',3,7,NULL,NULL,0,NULL,NULL,NULL,'2014-05-26 23:12:50','2014-05-26 23:12:50'),
	(4286,27072,'536ff50f-b00c-45de-b805-4feccbdd56cb',3,5,NULL,NULL,0,NULL,NULL,NULL,'2014-05-26 23:12:50','2014-05-26 23:12:50'),
	(4287,27072,'536ff50f-c63c-411a-9ec5-4feccbdd56cb',4,3,NULL,NULL,0,NULL,NULL,NULL,'2014-05-26 23:12:50','2014-05-26 23:12:50'),
	(4288,27072,'536ff50f-e4dc-4f6b-8b25-4feccbdd56cb',1,7,NULL,NULL,0,NULL,NULL,NULL,'2014-05-26 23:12:50','2014-05-26 23:12:50'),
	(4289,27072,'536ff50f-e93c-4929-a22c-4feccbdd56cb',0,4,NULL,NULL,0,NULL,NULL,NULL,'2014-05-26 23:12:50','2014-05-26 23:12:50'),
	(4290,27072,'536ff50f-f618-4420-9335-4feccbdd56cb',4,4,NULL,NULL,0,NULL,NULL,NULL,'2014-05-26 23:12:50','2014-05-26 23:12:50'),
	(4291,27072,'536ff523-365c-4d93-a5d3-5081cbdd56cb',0,1,NULL,NULL,0,NULL,NULL,NULL,'2014-05-26 23:12:50','2014-05-26 23:12:50'),
	(4292,27072,'536ff523-7190-45fc-a81f-5081cbdd56cb',0,2,NULL,NULL,0,NULL,NULL,NULL,'2014-05-26 23:12:50','2014-05-26 23:12:50'),
	(4293,27072,'536ff523-72c0-42d0-942d-5081cbdd56cb',6,2,NULL,NULL,0,NULL,NULL,NULL,'2014-05-26 23:12:50','2014-05-26 23:12:50'),
	(4294,27072,'536ff523-88a8-49a6-86ff-5081cbdd56cb',6,6,NULL,NULL,0,NULL,NULL,NULL,'2014-05-26 23:12:50','2014-05-26 23:12:50'),
	(4295,27072,'536ff523-982c-4fa1-9a9e-5081cbdd56cb',2,1,NULL,NULL,0,NULL,NULL,NULL,'2014-05-26 23:12:50','2014-05-26 23:12:50'),
	(4296,27072,'536ff523-e2c4-48cf-b57b-5081cbdd56cb',1,3,NULL,NULL,0,NULL,NULL,NULL,'2014-05-26 23:12:50','2014-05-26 23:12:50'),
	(4297,27072,'536ff523-f4cc-4fa9-afb6-5081cbdd56cb',6,3,NULL,NULL,0,NULL,NULL,NULL,'2014-05-26 23:12:50','2014-05-26 23:12:50'),
	(4298,27072,'536ff525-083c-4cee-bddb-5081cbdd56cb',3,3,NULL,NULL,0,NULL,NULL,NULL,'2014-05-26 23:12:50','2014-05-26 23:12:50'),
	(4299,27072,'536ff525-170c-491b-bd24-5081cbdd56cb',2,6,NULL,NULL,0,NULL,NULL,NULL,'2014-05-26 23:12:50','2014-05-26 23:12:50'),
	(4300,27072,'536ff525-605c-410b-ad6e-5081cbdd56cb',4,5,NULL,NULL,0,NULL,NULL,NULL,'2014-05-26 23:12:50','2014-05-26 23:12:50'),
	(4301,27072,'536ff525-68c0-485f-83fe-5081cbdd56cb',6,7,NULL,NULL,0,NULL,NULL,NULL,'2014-05-26 23:12:50','2014-05-26 23:12:50'),
	(4302,27072,'536ff525-6ef0-4dfb-9159-5081cbdd56cb',3,2,NULL,NULL,0,NULL,NULL,NULL,'2014-05-26 23:12:50','2014-05-26 23:12:50'),
	(4303,27072,'536ff525-70c4-4c30-8dac-5081cbdd56cb',3,5,NULL,NULL,0,NULL,NULL,NULL,'2014-05-26 23:12:50','2014-05-26 23:12:50'),
	(4304,27072,'536ff525-a2dc-4e33-93c4-5081cbdd56cb',2,3,NULL,NULL,0,NULL,NULL,NULL,'2014-05-26 23:12:50','2014-05-26 23:12:50'),
	(4305,27072,'536ff525-a88c-4b61-8978-5081cbdd56cb',1,6,NULL,NULL,0,NULL,NULL,NULL,'2014-05-26 23:12:50','2014-05-26 23:12:50'),
	(4306,27072,'536ff525-d8e8-489b-a3fc-5081cbdd56cb',0,1,NULL,NULL,0,NULL,NULL,NULL,'2014-05-26 23:12:50','2014-05-26 23:12:50'),
	(4307,27072,'536ff525-ee44-45c0-949e-5081cbdd56cb',7,0,NULL,NULL,0,NULL,NULL,NULL,'2014-05-26 23:12:50','2014-05-26 23:12:50'),
	(4308,27072,'536ff527-1818-4075-9526-5081cbdd56cb',3,6,NULL,NULL,0,NULL,NULL,NULL,'2014-05-26 23:12:50','2014-05-26 23:12:50'),
	(4309,27072,'536ff527-1ab4-446e-a884-5081cbdd56cb',3,2,NULL,NULL,0,NULL,NULL,NULL,'2014-05-26 23:12:50','2014-05-26 23:12:50'),
	(4310,27072,'536ff527-51a4-45cb-9eec-5081cbdd56cb',4,6,NULL,NULL,0,NULL,NULL,NULL,'2014-05-26 23:12:50','2014-05-26 23:12:50'),
	(4311,27072,'536ff527-5b38-4aad-aa6f-5081cbdd56cb',4,5,NULL,NULL,0,NULL,NULL,NULL,'2014-05-26 23:12:50','2014-05-26 23:12:50'),
	(4312,27072,'536ff527-641c-4e68-bd1d-5081cbdd56cb',1,2,NULL,NULL,0,NULL,NULL,NULL,'2014-05-26 23:12:50','2014-05-26 23:12:50'),
	(4313,27072,'536ff527-7ba8-404b-9c21-5081cbdd56cb',1,4,NULL,NULL,0,NULL,NULL,NULL,'2014-05-26 23:12:50','2014-05-26 23:12:50'),
	(4314,27072,'536ff527-9c7c-43c6-90d4-5081cbdd56cb',6,3,NULL,NULL,0,NULL,NULL,NULL,'2014-05-26 23:12:50','2014-05-26 23:12:50'),
	(4315,27072,'536ff527-a40c-4ada-a090-5081cbdd56cb',3,2,NULL,NULL,0,NULL,NULL,NULL,'2014-05-26 23:12:50','2014-05-26 23:12:50'),
	(4316,27072,'536ff527-c43c-4a86-b964-5081cbdd56cb',1,2,NULL,NULL,0,NULL,NULL,NULL,'2014-05-26 23:12:50','2014-05-26 23:12:50'),
	(4317,27072,'5375349d-02cc-4b26-b41f-7d11cbdd56cb',2,5,NULL,NULL,0,NULL,NULL,NULL,'2014-05-26 23:12:50','2014-05-26 23:12:50'),
	(4318,27072,'53753b0d-93f8-4988-9d78-7debcbdd56cb',5,5,NULL,NULL,0,NULL,NULL,NULL,'2014-05-26 23:12:50','2014-05-26 23:12:50'),
	(4319,27072,'537d28aa-2064-48cc-82db-30ddcbdd56cb',2,7,NULL,NULL,0,NULL,NULL,NULL,'2014-05-26 23:12:50','2014-05-26 23:12:50'),
	(4320,27072,'537d294d-e1ac-4517-890a-30e1cbdd56cb',1,4,NULL,NULL,0,NULL,NULL,NULL,'2014-05-26 23:12:50','2014-05-26 23:12:50'),
	(4321,27073,'5365537a-2108-4961-89b3-130ecbdd56cb',6,1,12,NULL,0,NULL,NULL,NULL,'2014-05-26 23:12:50','2014-05-26 23:12:50'),
	(4322,27073,'536ff50f-04d4-430f-95d4-4feccbdd56cb',5,6,0,NULL,0,NULL,NULL,NULL,'2014-05-26 23:12:50','2014-05-26 23:12:50'),
	(4323,27073,'536ff50f-21c8-42d7-920b-4feccbdd56cb',1,1,0,NULL,0,NULL,NULL,NULL,'2014-05-26 23:12:50','2014-05-26 23:12:50'),
	(4324,27073,'536ff50f-7c74-42c4-99f9-4feccbdd56cb',4,5,0,NULL,0,NULL,NULL,NULL,'2014-05-26 23:12:50','2014-05-26 23:12:50'),
	(4325,27073,'536ff50f-ad34-4fd1-be3a-4feccbdd56cb',4,0,13,NULL,0,NULL,NULL,NULL,'2014-05-26 23:12:50','2014-05-26 23:12:50'),
	(4326,27073,'536ff50f-b00c-45de-b805-4feccbdd56cb',3,0,14,NULL,0,NULL,NULL,NULL,'2014-05-26 23:12:50','2014-05-26 23:12:50'),
	(4327,27073,'536ff50f-c63c-411a-9ec5-4feccbdd56cb',6,5,30,NULL,0,NULL,NULL,NULL,'2014-05-26 23:12:50','2014-05-26 23:12:50'),
	(4328,27073,'536ff50f-e4dc-4f6b-8b25-4feccbdd56cb',2,7,0,NULL,0,NULL,NULL,NULL,'2014-05-26 23:12:50','2014-05-26 23:12:50'),
	(4329,27073,'536ff50f-e93c-4929-a22c-4feccbdd56cb',2,0,16,NULL,0,NULL,NULL,NULL,'2014-05-26 23:12:50','2014-05-26 23:12:50'),
	(4330,27073,'536ff50f-f618-4420-9335-4feccbdd56cb',3,5,0,NULL,0,NULL,NULL,NULL,'2014-05-26 23:12:50','2014-05-26 23:12:50'),
	(4331,27073,'536ff523-365c-4d93-a5d3-5081cbdd56cb',3,5,0,NULL,0,NULL,NULL,NULL,'2014-05-26 23:12:50','2014-05-26 23:12:50'),
	(4332,27073,'536ff523-7190-45fc-a81f-5081cbdd56cb',7,5,20,NULL,0,NULL,NULL,NULL,'2014-05-26 23:12:50','2014-05-26 23:12:50'),
	(4333,27073,'536ff523-72c0-42d0-942d-5081cbdd56cb',2,4,0,NULL,0,NULL,NULL,NULL,'2014-05-26 23:12:50','2014-05-26 23:12:50'),
	(4334,27073,'536ff523-88a8-49a6-86ff-5081cbdd56cb',3,5,0,NULL,0,NULL,NULL,NULL,'2014-05-26 23:12:50','2014-05-26 23:12:50'),
	(4335,27073,'536ff523-982c-4fa1-9a9e-5081cbdd56cb',4,4,0,NULL,0,NULL,NULL,NULL,'2014-05-26 23:12:50','2014-05-26 23:12:50'),
	(4336,27073,'536ff523-e2c4-48cf-b57b-5081cbdd56cb',1,2,0,NULL,0,NULL,NULL,NULL,'2014-05-26 23:12:50','2014-05-26 23:12:50'),
	(4337,27073,'536ff523-f4cc-4fa9-afb6-5081cbdd56cb',5,7,0,NULL,0,NULL,NULL,NULL,'2014-05-26 23:12:50','2014-05-26 23:12:50'),
	(4338,27073,'536ff525-083c-4cee-bddb-5081cbdd56cb',0,7,0,NULL,0,NULL,NULL,NULL,'2014-05-26 23:12:50','2014-05-26 23:12:50'),
	(4339,27073,'536ff525-170c-491b-bd24-5081cbdd56cb',0,4,0,NULL,0,NULL,NULL,NULL,'2014-05-26 23:12:50','2014-05-26 23:12:50'),
	(4340,27073,'536ff525-605c-410b-ad6e-5081cbdd56cb',4,5,0,NULL,0,NULL,NULL,NULL,'2014-05-26 23:12:50','2014-05-26 23:12:50'),
	(4341,27073,'536ff525-68c0-485f-83fe-5081cbdd56cb',5,0,12,NULL,0,NULL,NULL,NULL,'2014-05-26 23:12:50','2014-05-26 23:12:50'),
	(4342,27073,'536ff525-6ef0-4dfb-9159-5081cbdd56cb',5,3,17,NULL,0,NULL,NULL,NULL,'2014-05-26 23:12:50','2014-05-26 23:12:50'),
	(4343,27073,'536ff525-70c4-4c30-8dac-5081cbdd56cb',5,0,12,NULL,0,NULL,NULL,NULL,'2014-05-26 23:12:50','2014-05-26 23:12:50'),
	(4344,27073,'536ff525-a2dc-4e33-93c4-5081cbdd56cb',3,7,0,NULL,0,NULL,NULL,NULL,'2014-05-26 23:12:50','2014-05-26 23:12:50'),
	(4345,27073,'536ff525-a88c-4b61-8978-5081cbdd56cb',1,7,0,NULL,0,NULL,NULL,NULL,'2014-05-26 23:12:50','2014-05-26 23:12:50'),
	(4346,27073,'536ff525-d8e8-489b-a3fc-5081cbdd56cb',5,4,22,NULL,0,NULL,NULL,NULL,'2014-05-26 23:12:50','2014-05-26 23:12:50'),
	(4347,27073,'536ff525-ee44-45c0-949e-5081cbdd56cb',4,4,0,NULL,0,NULL,NULL,NULL,'2014-05-26 23:12:50','2014-05-26 23:12:50'),
	(4348,27073,'536ff527-1818-4075-9526-5081cbdd56cb',1,7,0,NULL,0,NULL,NULL,NULL,'2014-05-26 23:12:50','2014-05-26 23:12:50'),
	(4349,27073,'536ff527-1ab4-446e-a884-5081cbdd56cb',1,5,0,NULL,0,NULL,NULL,NULL,'2014-05-26 23:12:50','2014-05-26 23:12:50'),
	(4350,27073,'536ff527-51a4-45cb-9eec-5081cbdd56cb',4,5,0,NULL,0,NULL,NULL,NULL,'2014-05-26 23:12:50','2014-05-26 23:12:50'),
	(4351,27073,'536ff527-5b38-4aad-aa6f-5081cbdd56cb',1,6,0,NULL,0,NULL,NULL,NULL,'2014-05-26 23:12:50','2014-05-26 23:12:50'),
	(4352,27073,'536ff527-641c-4e68-bd1d-5081cbdd56cb',7,6,22,NULL,0,NULL,NULL,NULL,'2014-05-26 23:12:50','2014-05-26 23:12:50'),
	(4353,27073,'536ff527-7ba8-404b-9c21-5081cbdd56cb',5,0,12,NULL,0,NULL,NULL,NULL,'2014-05-26 23:12:50','2014-05-26 23:12:50'),
	(4354,27073,'536ff527-9c7c-43c6-90d4-5081cbdd56cb',6,6,0,NULL,0,NULL,NULL,NULL,'2014-05-26 23:12:50','2014-05-26 23:12:50'),
	(4355,27073,'536ff527-a40c-4ada-a090-5081cbdd56cb',4,2,16,NULL,0,NULL,NULL,NULL,'2014-05-26 23:12:50','2014-05-26 23:12:50'),
	(4356,27073,'536ff527-c43c-4a86-b964-5081cbdd56cb',3,1,16,NULL,0,NULL,NULL,NULL,'2014-05-26 23:12:50','2014-05-26 23:12:50'),
	(4357,27073,'5375349d-02cc-4b26-b41f-7d11cbdd56cb',3,1,16,NULL,0,NULL,NULL,NULL,'2014-05-26 23:12:50','2014-05-26 23:12:50'),
	(4358,27073,'53753b0d-93f8-4988-9d78-7debcbdd56cb',5,0,12,NULL,0,NULL,NULL,NULL,'2014-05-26 23:12:50','2014-05-26 23:12:50'),
	(4359,27073,'537d28aa-2064-48cc-82db-30ddcbdd56cb',1,1,0,NULL,0,NULL,NULL,NULL,'2014-05-26 23:12:50','2014-05-26 23:12:50'),
	(4360,27073,'537d294d-e1ac-4517-890a-30e1cbdd56cb',0,2,0,NULL,0,NULL,NULL,NULL,'2014-05-26 23:12:50','2014-05-26 23:12:50'),
	(4361,27074,'5365537a-2108-4961-89b3-130ecbdd56cb',0,5,NULL,NULL,0,NULL,NULL,NULL,'2014-05-26 23:12:50','2014-05-26 23:12:50'),
	(4362,27074,'536ff50f-04d4-430f-95d4-4feccbdd56cb',6,5,NULL,NULL,0,NULL,NULL,NULL,'2014-05-26 23:12:50','2014-05-26 23:12:50'),
	(4363,27074,'536ff50f-21c8-42d7-920b-4feccbdd56cb',2,0,NULL,NULL,0,NULL,NULL,NULL,'2014-05-26 23:12:50','2014-05-26 23:12:50'),
	(4364,27074,'536ff50f-7c74-42c4-99f9-4feccbdd56cb',5,4,NULL,NULL,0,NULL,NULL,NULL,'2014-05-26 23:12:50','2014-05-26 23:12:50'),
	(4365,27074,'536ff50f-ad34-4fd1-be3a-4feccbdd56cb',5,2,NULL,NULL,0,NULL,NULL,NULL,'2014-05-26 23:12:50','2014-05-26 23:12:50'),
	(4366,27074,'536ff50f-b00c-45de-b805-4feccbdd56cb',2,7,NULL,NULL,0,NULL,NULL,NULL,'2014-05-26 23:12:50','2014-05-26 23:12:50'),
	(4367,27074,'536ff50f-c63c-411a-9ec5-4feccbdd56cb',0,2,NULL,NULL,0,NULL,NULL,NULL,'2014-05-26 23:12:50','2014-05-26 23:12:50'),
	(4368,27074,'536ff50f-e4dc-4f6b-8b25-4feccbdd56cb',6,6,NULL,NULL,0,NULL,NULL,NULL,'2014-05-26 23:12:50','2014-05-26 23:12:50'),
	(4369,27074,'536ff50f-e93c-4929-a22c-4feccbdd56cb',2,4,NULL,NULL,0,NULL,NULL,NULL,'2014-05-26 23:12:50','2014-05-26 23:12:50'),
	(4370,27074,'536ff50f-f618-4420-9335-4feccbdd56cb',5,6,NULL,NULL,0,NULL,NULL,NULL,'2014-05-26 23:12:50','2014-05-26 23:12:50'),
	(4371,27074,'536ff523-365c-4d93-a5d3-5081cbdd56cb',7,0,NULL,NULL,0,NULL,NULL,NULL,'2014-05-26 23:12:50','2014-05-26 23:12:50'),
	(4372,27074,'536ff523-7190-45fc-a81f-5081cbdd56cb',0,2,NULL,NULL,0,NULL,NULL,NULL,'2014-05-26 23:12:50','2014-05-26 23:12:50'),
	(4373,27074,'536ff523-72c0-42d0-942d-5081cbdd56cb',1,5,NULL,NULL,0,NULL,NULL,NULL,'2014-05-26 23:12:50','2014-05-26 23:12:50'),
	(4374,27074,'536ff523-88a8-49a6-86ff-5081cbdd56cb',3,3,NULL,NULL,0,NULL,NULL,NULL,'2014-05-26 23:12:50','2014-05-26 23:12:50'),
	(4375,27074,'536ff523-982c-4fa1-9a9e-5081cbdd56cb',6,3,NULL,NULL,0,NULL,NULL,NULL,'2014-05-26 23:12:50','2014-05-26 23:12:50'),
	(4376,27074,'536ff523-e2c4-48cf-b57b-5081cbdd56cb',5,7,NULL,NULL,0,NULL,NULL,NULL,'2014-05-26 23:12:50','2014-05-26 23:12:50'),
	(4377,27074,'536ff523-f4cc-4fa9-afb6-5081cbdd56cb',1,4,NULL,NULL,0,NULL,NULL,NULL,'2014-05-26 23:12:50','2014-05-26 23:12:50'),
	(4378,27074,'536ff525-083c-4cee-bddb-5081cbdd56cb',5,4,NULL,NULL,0,NULL,NULL,NULL,'2014-05-26 23:12:50','2014-05-26 23:12:50'),
	(4379,27074,'536ff525-170c-491b-bd24-5081cbdd56cb',5,2,NULL,NULL,0,NULL,NULL,NULL,'2014-05-26 23:12:50','2014-05-26 23:12:50'),
	(4380,27074,'536ff525-605c-410b-ad6e-5081cbdd56cb',1,3,NULL,NULL,0,NULL,NULL,NULL,'2014-05-26 23:12:50','2014-05-26 23:12:50'),
	(4381,27074,'536ff525-68c0-485f-83fe-5081cbdd56cb',4,3,NULL,NULL,0,NULL,NULL,NULL,'2014-05-26 23:12:50','2014-05-26 23:12:50'),
	(4382,27074,'536ff525-6ef0-4dfb-9159-5081cbdd56cb',2,5,NULL,NULL,0,NULL,NULL,NULL,'2014-05-26 23:12:50','2014-05-26 23:12:50'),
	(4383,27074,'536ff525-70c4-4c30-8dac-5081cbdd56cb',5,0,NULL,NULL,0,NULL,NULL,NULL,'2014-05-26 23:12:50','2014-05-26 23:12:50'),
	(4384,27074,'536ff525-a2dc-4e33-93c4-5081cbdd56cb',3,7,NULL,NULL,0,NULL,NULL,NULL,'2014-05-26 23:12:50','2014-05-26 23:12:50'),
	(4385,27074,'536ff525-a88c-4b61-8978-5081cbdd56cb',5,0,NULL,NULL,0,NULL,NULL,NULL,'2014-05-26 23:12:50','2014-05-26 23:12:50'),
	(4386,27074,'536ff525-d8e8-489b-a3fc-5081cbdd56cb',6,4,NULL,NULL,0,NULL,NULL,NULL,'2014-05-26 23:12:50','2014-05-26 23:12:50'),
	(4387,27074,'536ff525-ee44-45c0-949e-5081cbdd56cb',1,6,NULL,NULL,0,NULL,NULL,NULL,'2014-05-26 23:12:50','2014-05-26 23:12:50'),
	(4388,27074,'536ff527-1818-4075-9526-5081cbdd56cb',6,3,NULL,NULL,0,NULL,NULL,NULL,'2014-05-26 23:12:50','2014-05-26 23:12:50'),
	(4389,27074,'536ff527-1ab4-446e-a884-5081cbdd56cb',4,1,NULL,NULL,0,NULL,NULL,NULL,'2014-05-26 23:12:50','2014-05-26 23:12:50'),
	(4390,27074,'536ff527-51a4-45cb-9eec-5081cbdd56cb',6,3,NULL,NULL,0,NULL,NULL,NULL,'2014-05-26 23:12:50','2014-05-26 23:12:50'),
	(4391,27074,'536ff527-5b38-4aad-aa6f-5081cbdd56cb',5,4,NULL,NULL,0,NULL,NULL,NULL,'2014-05-26 23:12:50','2014-05-26 23:12:50'),
	(4392,27074,'536ff527-641c-4e68-bd1d-5081cbdd56cb',2,7,NULL,NULL,0,NULL,NULL,NULL,'2014-05-26 23:12:50','2014-05-26 23:12:50'),
	(4393,27074,'536ff527-7ba8-404b-9c21-5081cbdd56cb',0,7,NULL,NULL,0,NULL,NULL,NULL,'2014-05-26 23:12:50','2014-05-26 23:12:50'),
	(4394,27074,'536ff527-9c7c-43c6-90d4-5081cbdd56cb',4,6,NULL,NULL,0,NULL,NULL,NULL,'2014-05-26 23:12:50','2014-05-26 23:12:50'),
	(4395,27074,'536ff527-a40c-4ada-a090-5081cbdd56cb',1,5,NULL,NULL,0,NULL,NULL,NULL,'2014-05-26 23:12:50','2014-05-26 23:12:50'),
	(4396,27074,'536ff527-c43c-4a86-b964-5081cbdd56cb',1,6,NULL,NULL,0,NULL,NULL,NULL,'2014-05-26 23:12:50','2014-05-26 23:12:50'),
	(4397,27074,'5375349d-02cc-4b26-b41f-7d11cbdd56cb',0,4,NULL,NULL,0,NULL,NULL,NULL,'2014-05-26 23:12:50','2014-05-26 23:12:50'),
	(4398,27074,'53753b0d-93f8-4988-9d78-7debcbdd56cb',3,6,NULL,NULL,0,NULL,NULL,NULL,'2014-05-26 23:12:50','2014-05-26 23:12:50'),
	(4399,27074,'537d28aa-2064-48cc-82db-30ddcbdd56cb',5,6,NULL,NULL,0,NULL,NULL,NULL,'2014-05-26 23:12:50','2014-05-26 23:12:50'),
	(4400,27074,'537d294d-e1ac-4517-890a-30e1cbdd56cb',5,2,NULL,NULL,0,NULL,NULL,NULL,'2014-05-26 23:12:50','2014-05-26 23:12:50'),
	(4401,27075,'5365537a-2108-4961-89b3-130ecbdd56cb',7,4,NULL,NULL,0,NULL,NULL,NULL,'2014-05-26 23:12:50','2014-05-26 23:12:50'),
	(4402,27075,'536ff50f-04d4-430f-95d4-4feccbdd56cb',7,0,NULL,NULL,0,NULL,NULL,NULL,'2014-05-26 23:12:50','2014-05-26 23:12:50'),
	(4403,27075,'536ff50f-21c8-42d7-920b-4feccbdd56cb',2,5,NULL,NULL,0,NULL,NULL,NULL,'2014-05-26 23:12:50','2014-05-26 23:12:50'),
	(4404,27075,'536ff50f-7c74-42c4-99f9-4feccbdd56cb',3,7,NULL,NULL,0,NULL,NULL,NULL,'2014-05-26 23:12:50','2014-05-26 23:12:50'),
	(4405,27075,'536ff50f-ad34-4fd1-be3a-4feccbdd56cb',7,2,NULL,NULL,0,NULL,NULL,NULL,'2014-05-26 23:12:50','2014-05-26 23:12:50'),
	(4406,27075,'536ff50f-b00c-45de-b805-4feccbdd56cb',2,5,NULL,NULL,0,NULL,NULL,NULL,'2014-05-26 23:12:50','2014-05-26 23:12:50'),
	(4407,27075,'536ff50f-c63c-411a-9ec5-4feccbdd56cb',6,5,NULL,NULL,0,NULL,NULL,NULL,'2014-05-26 23:12:50','2014-05-26 23:12:50'),
	(4408,27075,'536ff50f-e4dc-4f6b-8b25-4feccbdd56cb',5,7,NULL,NULL,0,NULL,NULL,NULL,'2014-05-26 23:12:50','2014-05-26 23:12:50'),
	(4409,27075,'536ff50f-e93c-4929-a22c-4feccbdd56cb',4,1,NULL,NULL,0,NULL,NULL,NULL,'2014-05-26 23:12:50','2014-05-26 23:12:50'),
	(4410,27075,'536ff50f-f618-4420-9335-4feccbdd56cb',5,6,NULL,NULL,0,NULL,NULL,NULL,'2014-05-26 23:12:50','2014-05-26 23:12:50'),
	(4411,27075,'536ff523-365c-4d93-a5d3-5081cbdd56cb',6,7,NULL,NULL,0,NULL,NULL,NULL,'2014-05-26 23:12:50','2014-05-26 23:12:50'),
	(4412,27075,'536ff523-7190-45fc-a81f-5081cbdd56cb',4,7,NULL,NULL,0,NULL,NULL,NULL,'2014-05-26 23:12:50','2014-05-26 23:12:50'),
	(4413,27075,'536ff523-72c0-42d0-942d-5081cbdd56cb',4,7,NULL,NULL,0,NULL,NULL,NULL,'2014-05-26 23:12:50','2014-05-26 23:12:50'),
	(4414,27075,'536ff523-88a8-49a6-86ff-5081cbdd56cb',5,1,NULL,NULL,0,NULL,NULL,NULL,'2014-05-26 23:12:50','2014-05-26 23:12:50'),
	(4415,27075,'536ff523-982c-4fa1-9a9e-5081cbdd56cb',6,3,NULL,NULL,0,NULL,NULL,NULL,'2014-05-26 23:12:50','2014-05-26 23:12:50'),
	(4416,27075,'536ff523-e2c4-48cf-b57b-5081cbdd56cb',4,5,NULL,NULL,0,NULL,NULL,NULL,'2014-05-26 23:12:50','2014-05-26 23:12:50'),
	(4417,27075,'536ff523-f4cc-4fa9-afb6-5081cbdd56cb',7,3,NULL,NULL,0,NULL,NULL,NULL,'2014-05-26 23:12:50','2014-05-26 23:12:50'),
	(4418,27075,'536ff525-083c-4cee-bddb-5081cbdd56cb',6,2,NULL,NULL,0,NULL,NULL,NULL,'2014-05-26 23:12:50','2014-05-26 23:12:50'),
	(4419,27075,'536ff525-170c-491b-bd24-5081cbdd56cb',1,2,NULL,NULL,0,NULL,NULL,NULL,'2014-05-26 23:12:50','2014-05-26 23:12:50'),
	(4420,27075,'536ff525-605c-410b-ad6e-5081cbdd56cb',1,0,NULL,NULL,0,NULL,NULL,NULL,'2014-05-26 23:12:50','2014-05-26 23:12:50'),
	(4421,27075,'536ff525-68c0-485f-83fe-5081cbdd56cb',4,4,NULL,NULL,0,NULL,NULL,NULL,'2014-05-26 23:12:50','2014-05-26 23:12:50'),
	(4422,27075,'536ff525-6ef0-4dfb-9159-5081cbdd56cb',6,3,NULL,NULL,0,NULL,NULL,NULL,'2014-05-26 23:12:50','2014-05-26 23:12:50'),
	(4423,27075,'536ff525-70c4-4c30-8dac-5081cbdd56cb',1,3,NULL,NULL,0,NULL,NULL,NULL,'2014-05-26 23:12:50','2014-05-26 23:12:50'),
	(4424,27075,'536ff525-a2dc-4e33-93c4-5081cbdd56cb',2,6,NULL,NULL,0,NULL,NULL,NULL,'2014-05-26 23:12:50','2014-05-26 23:12:50'),
	(4425,27075,'536ff525-a88c-4b61-8978-5081cbdd56cb',4,0,NULL,NULL,0,NULL,NULL,NULL,'2014-05-26 23:12:50','2014-05-26 23:12:50'),
	(4426,27075,'536ff525-d8e8-489b-a3fc-5081cbdd56cb',4,3,NULL,NULL,0,NULL,NULL,NULL,'2014-05-26 23:12:50','2014-05-26 23:12:50'),
	(4427,27075,'536ff525-ee44-45c0-949e-5081cbdd56cb',7,1,NULL,NULL,0,NULL,NULL,NULL,'2014-05-26 23:12:50','2014-05-26 23:12:50'),
	(4428,27075,'536ff527-1818-4075-9526-5081cbdd56cb',3,4,NULL,NULL,0,NULL,NULL,NULL,'2014-05-26 23:12:50','2014-05-26 23:12:50'),
	(4429,27075,'536ff527-1ab4-446e-a884-5081cbdd56cb',1,0,NULL,NULL,0,NULL,NULL,NULL,'2014-05-26 23:12:50','2014-05-26 23:12:50'),
	(4430,27075,'536ff527-51a4-45cb-9eec-5081cbdd56cb',6,0,NULL,NULL,0,NULL,NULL,NULL,'2014-05-26 23:12:50','2014-05-26 23:12:50'),
	(4431,27075,'536ff527-5b38-4aad-aa6f-5081cbdd56cb',4,2,NULL,NULL,0,NULL,NULL,NULL,'2014-05-26 23:12:50','2014-05-26 23:12:50'),
	(4432,27075,'536ff527-641c-4e68-bd1d-5081cbdd56cb',5,4,NULL,NULL,0,NULL,NULL,NULL,'2014-05-26 23:12:50','2014-05-26 23:12:50'),
	(4433,27075,'536ff527-7ba8-404b-9c21-5081cbdd56cb',6,4,NULL,NULL,0,NULL,NULL,NULL,'2014-05-26 23:12:50','2014-05-26 23:12:50'),
	(4434,27075,'536ff527-9c7c-43c6-90d4-5081cbdd56cb',7,7,NULL,NULL,0,NULL,NULL,NULL,'2014-05-26 23:12:50','2014-05-26 23:12:50'),
	(4435,27075,'536ff527-a40c-4ada-a090-5081cbdd56cb',6,0,NULL,NULL,0,NULL,NULL,NULL,'2014-05-26 23:12:50','2014-05-26 23:12:50'),
	(4436,27075,'536ff527-c43c-4a86-b964-5081cbdd56cb',0,2,NULL,NULL,0,NULL,NULL,NULL,'2014-05-26 23:12:50','2014-05-26 23:12:50'),
	(4437,27075,'5375349d-02cc-4b26-b41f-7d11cbdd56cb',5,7,NULL,NULL,0,NULL,NULL,NULL,'2014-05-26 23:12:50','2014-05-26 23:12:50'),
	(4438,27075,'53753b0d-93f8-4988-9d78-7debcbdd56cb',5,6,NULL,NULL,0,NULL,NULL,NULL,'2014-05-26 23:12:50','2014-05-26 23:12:50'),
	(4439,27075,'537d28aa-2064-48cc-82db-30ddcbdd56cb',2,0,NULL,NULL,0,NULL,NULL,NULL,'2014-05-26 23:12:50','2014-05-26 23:12:50'),
	(4440,27075,'537d294d-e1ac-4517-890a-30e1cbdd56cb',4,7,NULL,NULL,0,NULL,NULL,NULL,'2014-05-26 23:12:50','2014-05-26 23:12:50'),
	(4441,27076,'5365537a-2108-4961-89b3-130ecbdd56cb',0,1,NULL,NULL,0,NULL,NULL,NULL,'2014-05-26 23:12:50','2014-05-26 23:12:50'),
	(4442,27076,'536ff50f-04d4-430f-95d4-4feccbdd56cb',3,0,NULL,NULL,0,NULL,NULL,NULL,'2014-05-26 23:12:50','2014-05-26 23:12:50'),
	(4443,27076,'536ff50f-21c8-42d7-920b-4feccbdd56cb',2,6,NULL,NULL,0,NULL,NULL,NULL,'2014-05-26 23:12:50','2014-05-26 23:12:50'),
	(4444,27076,'536ff50f-7c74-42c4-99f9-4feccbdd56cb',4,4,NULL,NULL,0,NULL,NULL,NULL,'2014-05-26 23:12:50','2014-05-26 23:12:50'),
	(4445,27076,'536ff50f-ad34-4fd1-be3a-4feccbdd56cb',7,2,NULL,NULL,0,NULL,NULL,NULL,'2014-05-26 23:12:50','2014-05-26 23:12:50'),
	(4446,27076,'536ff50f-b00c-45de-b805-4feccbdd56cb',4,3,NULL,NULL,0,NULL,NULL,NULL,'2014-05-26 23:12:50','2014-05-26 23:12:50'),
	(4447,27076,'536ff50f-c63c-411a-9ec5-4feccbdd56cb',5,1,NULL,NULL,0,NULL,NULL,NULL,'2014-05-26 23:12:50','2014-05-26 23:12:50'),
	(4448,27076,'536ff50f-e4dc-4f6b-8b25-4feccbdd56cb',7,4,NULL,NULL,0,NULL,NULL,NULL,'2014-05-26 23:12:50','2014-05-26 23:12:50'),
	(4449,27076,'536ff50f-e93c-4929-a22c-4feccbdd56cb',6,6,NULL,NULL,0,NULL,NULL,NULL,'2014-05-26 23:12:50','2014-05-26 23:12:50'),
	(4450,27076,'536ff50f-f618-4420-9335-4feccbdd56cb',3,4,NULL,NULL,0,NULL,NULL,NULL,'2014-05-26 23:12:50','2014-05-26 23:12:50'),
	(4451,27076,'536ff523-365c-4d93-a5d3-5081cbdd56cb',7,4,NULL,NULL,0,NULL,NULL,NULL,'2014-05-26 23:12:50','2014-05-26 23:12:50'),
	(4452,27076,'536ff523-7190-45fc-a81f-5081cbdd56cb',7,5,NULL,NULL,0,NULL,NULL,NULL,'2014-05-26 23:12:50','2014-05-26 23:12:50'),
	(4453,27076,'536ff523-72c0-42d0-942d-5081cbdd56cb',3,5,NULL,NULL,0,NULL,NULL,NULL,'2014-05-26 23:12:50','2014-05-26 23:12:50'),
	(4454,27076,'536ff523-88a8-49a6-86ff-5081cbdd56cb',3,6,NULL,NULL,0,NULL,NULL,NULL,'2014-05-26 23:12:50','2014-05-26 23:12:50'),
	(4455,27076,'536ff523-982c-4fa1-9a9e-5081cbdd56cb',6,0,NULL,NULL,0,NULL,NULL,NULL,'2014-05-26 23:12:50','2014-05-26 23:12:50'),
	(4456,27076,'536ff523-e2c4-48cf-b57b-5081cbdd56cb',5,6,NULL,NULL,0,NULL,NULL,NULL,'2014-05-26 23:12:50','2014-05-26 23:12:50'),
	(4457,27076,'536ff523-f4cc-4fa9-afb6-5081cbdd56cb',1,0,NULL,NULL,0,NULL,NULL,NULL,'2014-05-26 23:12:50','2014-05-26 23:12:50'),
	(4458,27076,'536ff525-083c-4cee-bddb-5081cbdd56cb',7,4,NULL,NULL,0,NULL,NULL,NULL,'2014-05-26 23:12:50','2014-05-26 23:12:50'),
	(4459,27076,'536ff525-170c-491b-bd24-5081cbdd56cb',7,3,NULL,NULL,0,NULL,NULL,NULL,'2014-05-26 23:12:50','2014-05-26 23:12:50'),
	(4460,27076,'536ff525-605c-410b-ad6e-5081cbdd56cb',0,6,NULL,NULL,0,NULL,NULL,NULL,'2014-05-26 23:12:50','2014-05-26 23:12:50'),
	(4461,27076,'536ff525-68c0-485f-83fe-5081cbdd56cb',6,4,NULL,NULL,0,NULL,NULL,NULL,'2014-05-26 23:12:50','2014-05-26 23:12:50'),
	(4462,27076,'536ff525-6ef0-4dfb-9159-5081cbdd56cb',1,4,NULL,NULL,0,NULL,NULL,NULL,'2014-05-26 23:12:50','2014-05-26 23:12:50'),
	(4463,27076,'536ff525-70c4-4c30-8dac-5081cbdd56cb',6,1,NULL,NULL,0,NULL,NULL,NULL,'2014-05-26 23:12:50','2014-05-26 23:12:50'),
	(4464,27076,'536ff525-a2dc-4e33-93c4-5081cbdd56cb',0,4,NULL,NULL,0,NULL,NULL,NULL,'2014-05-26 23:12:50','2014-05-26 23:12:50'),
	(4465,27076,'536ff525-a88c-4b61-8978-5081cbdd56cb',0,4,NULL,NULL,0,NULL,NULL,NULL,'2014-05-26 23:12:50','2014-05-26 23:12:50'),
	(4466,27076,'536ff525-d8e8-489b-a3fc-5081cbdd56cb',1,0,NULL,NULL,0,NULL,NULL,NULL,'2014-05-26 23:12:50','2014-05-26 23:12:50'),
	(4467,27076,'536ff525-ee44-45c0-949e-5081cbdd56cb',0,1,NULL,NULL,0,NULL,NULL,NULL,'2014-05-26 23:12:50','2014-05-26 23:12:50'),
	(4468,27076,'536ff527-1818-4075-9526-5081cbdd56cb',5,4,NULL,NULL,0,NULL,NULL,NULL,'2014-05-26 23:12:50','2014-05-26 23:12:50'),
	(4469,27076,'536ff527-1ab4-446e-a884-5081cbdd56cb',6,1,NULL,NULL,0,NULL,NULL,NULL,'2014-05-26 23:12:50','2014-05-26 23:12:50'),
	(4470,27076,'536ff527-51a4-45cb-9eec-5081cbdd56cb',2,4,NULL,NULL,0,NULL,NULL,NULL,'2014-05-26 23:12:50','2014-05-26 23:12:50'),
	(4471,27076,'536ff527-5b38-4aad-aa6f-5081cbdd56cb',1,0,NULL,NULL,0,NULL,NULL,NULL,'2014-05-26 23:12:50','2014-05-26 23:12:50'),
	(4472,27076,'536ff527-641c-4e68-bd1d-5081cbdd56cb',3,3,NULL,NULL,0,NULL,NULL,NULL,'2014-05-26 23:12:50','2014-05-26 23:12:50'),
	(4473,27076,'536ff527-7ba8-404b-9c21-5081cbdd56cb',1,2,NULL,NULL,0,NULL,NULL,NULL,'2014-05-26 23:12:50','2014-05-26 23:12:50'),
	(4474,27076,'536ff527-9c7c-43c6-90d4-5081cbdd56cb',7,0,NULL,NULL,0,NULL,NULL,NULL,'2014-05-26 23:12:50','2014-05-26 23:12:50'),
	(4475,27076,'536ff527-a40c-4ada-a090-5081cbdd56cb',6,0,NULL,NULL,0,NULL,NULL,NULL,'2014-05-26 23:12:50','2014-05-26 23:12:50'),
	(4476,27076,'536ff527-c43c-4a86-b964-5081cbdd56cb',6,4,NULL,NULL,0,NULL,NULL,NULL,'2014-05-26 23:12:50','2014-05-26 23:12:50'),
	(4477,27076,'5375349d-02cc-4b26-b41f-7d11cbdd56cb',4,0,NULL,NULL,0,NULL,NULL,NULL,'2014-05-26 23:12:50','2014-05-26 23:12:50'),
	(4478,27076,'53753b0d-93f8-4988-9d78-7debcbdd56cb',0,3,NULL,NULL,0,NULL,NULL,NULL,'2014-05-26 23:12:50','2014-05-26 23:12:50'),
	(4479,27076,'537d28aa-2064-48cc-82db-30ddcbdd56cb',2,1,NULL,NULL,0,NULL,NULL,NULL,'2014-05-26 23:12:50','2014-05-26 23:12:50'),
	(4480,27076,'537d294d-e1ac-4517-890a-30e1cbdd56cb',0,2,NULL,NULL,0,NULL,NULL,NULL,'2014-05-26 23:12:50','2014-05-26 23:12:50'),
	(4566,27028,'5365537a-2108-4961-89b3-130ecbdd56cb',1,7,NULL,NULL,0,NULL,NULL,NULL,'2014-06-03 21:31:14','2014-06-03 21:31:14'),
	(4567,27029,'5365537a-2108-4961-89b3-130ecbdd56cb',2,5,NULL,NULL,0,NULL,NULL,NULL,'2014-06-03 21:31:14','2014-06-03 21:31:14'),
	(4568,27030,'5365537a-2108-4961-89b3-130ecbdd56cb',4,5,NULL,NULL,0,NULL,NULL,NULL,'2014-06-03 21:31:14','2014-06-03 21:31:14'),
	(4569,27031,'5365537a-2108-4961-89b3-130ecbdd56cb',3,6,NULL,NULL,0,NULL,NULL,NULL,'2014-06-03 21:31:14','2014-06-03 21:31:14'),
	(4570,27032,'5365537a-2108-4961-89b3-130ecbdd56cb',4,1,NULL,NULL,0,NULL,NULL,NULL,'2014-06-03 21:31:14','2014-06-03 21:31:14'),
	(4571,27033,'5365537a-2108-4961-89b3-130ecbdd56cb',6,0,NULL,NULL,0,NULL,NULL,NULL,'2014-06-03 21:31:14','2014-06-03 21:31:14'),
	(4572,27034,'5365537a-2108-4961-89b3-130ecbdd56cb',1,0,NULL,NULL,0,NULL,NULL,NULL,'2014-06-03 21:31:14','2014-06-03 21:31:14'),
	(4573,27035,'5365537a-2108-4961-89b3-130ecbdd56cb',2,2,NULL,NULL,0,NULL,NULL,NULL,'2014-06-03 21:31:14','2014-06-03 21:31:14'),
	(4574,27036,'5365537a-2108-4961-89b3-130ecbdd56cb',0,4,NULL,NULL,0,NULL,NULL,NULL,'2014-06-03 21:31:14','2014-06-03 21:31:14'),
	(4575,27037,'5365537a-2108-4961-89b3-130ecbdd56cb',1,2,NULL,NULL,0,NULL,NULL,NULL,'2014-06-03 21:31:14','2014-06-03 21:31:14'),
	(4576,27038,'5365537a-2108-4961-89b3-130ecbdd56cb',6,2,NULL,NULL,0,NULL,NULL,NULL,'2014-06-03 21:31:14','2014-06-03 21:31:14'),
	(4577,27039,'5365537a-2108-4961-89b3-130ecbdd56cb',1,5,NULL,NULL,0,NULL,NULL,NULL,'2014-06-03 21:31:14','2014-06-03 21:31:14'),
	(4578,27040,'5365537a-2108-4961-89b3-130ecbdd56cb',0,0,NULL,NULL,0,NULL,NULL,NULL,'2014-06-03 21:31:14','2014-06-03 21:31:14'),
	(4579,27041,'5365537a-2108-4961-89b3-130ecbdd56cb',0,0,NULL,NULL,0,NULL,NULL,NULL,'2014-06-03 21:31:14','2014-06-03 21:31:14'),
	(4580,27042,'5365537a-2108-4961-89b3-130ecbdd56cb',1,4,NULL,NULL,0,NULL,NULL,NULL,'2014-06-03 21:31:14','2014-06-03 21:31:14'),
	(4581,27044,'5365537a-2108-4961-89b3-130ecbdd56cb',3,0,NULL,NULL,0,NULL,NULL,NULL,'2014-06-03 21:31:14','2014-06-03 21:31:14'),
	(4596,NULL,'5365537a-2108-4961-89b3-130ecbdd56cb',0,0,NULL,NULL,1,142,NULL,1,'2014-06-04 00:32:50','2014-06-04 00:32:50'),
	(4597,NULL,'5365537a-2108-4961-89b3-130ecbdd56cb',0,0,NULL,NULL,1,749,NULL,2,'2014-06-04 00:32:50','2014-06-04 00:32:50');

/*!40000 ALTER TABLE `tipps` ENABLE KEYS */;
UNLOCK TABLES;


# Export von Tabelle user_details
# ------------------------------------------------------------

DROP TABLE IF EXISTS `user_details`;

CREATE TABLE `user_details` (
  `id` varchar(36) NOT NULL,
  `user_id` varchar(36) NOT NULL,
  `position` float NOT NULL DEFAULT '1',
  `field` varchar(255) NOT NULL,
  `value` text,
  `input` varchar(16) NOT NULL,
  `data_type` varchar(16) NOT NULL,
  `label` varchar(128) NOT NULL,
  `created` datetime DEFAULT NULL,
  `modified` datetime DEFAULT NULL,
  PRIMARY KEY (`id`),
  UNIQUE KEY `UNIQUE_PROFILE_PROPERTY` (`field`,`user_id`)
) ENGINE=InnoDB DEFAULT CHARSET=utf8;



# Export von Tabelle users
# ------------------------------------------------------------

DROP TABLE IF EXISTS `users`;

CREATE TABLE `users` (
  `id` varchar(36) NOT NULL,
  `username` varchar(255) NOT NULL,
  `name` varchar(255) DEFAULT NULL,
  `slug` varchar(255) NOT NULL,
  `password` varchar(128) DEFAULT NULL,
  `password_token` varchar(128) DEFAULT NULL,
  `email` varchar(255) DEFAULT NULL,
  `email_verified` tinyint(1) DEFAULT '0',
  `email_token` varchar(255) DEFAULT NULL,
  `email_token_expires` datetime DEFAULT NULL,
  `tos` tinyint(1) DEFAULT '0',
  `active` tinyint(1) DEFAULT '0',
  `last_login` datetime DEFAULT NULL,
  `last_action` datetime DEFAULT NULL,
  `is_admin` tinyint(1) DEFAULT '0',
  `role` varchar(255) DEFAULT NULL,
  `recieve_emails` tinyint(1) DEFAULT NULL,
  `recieve_reminders` tinyint(1) DEFAULT NULL,
  `has_paid` tinyint(1) DEFAULT NULL,
  `created` datetime DEFAULT NULL,
  `modified` datetime DEFAULT NULL,
  PRIMARY KEY (`id`),
  KEY `BY_USERNAME` (`username`),
  KEY `BY_EMAIL` (`email`)
) ENGINE=InnoDB DEFAULT CHARSET=utf8;

LOCK TABLES `users` WRITE;
/*!40000 ALTER TABLE `users` DISABLE KEYS */;

INSERT INTO `users` (`id`, `username`, `name`, `slug`, `password`, `password_token`, `email`, `email_verified`, `email_token`, `email_token_expires`, `tos`, `active`, `last_login`, `last_action`, `is_admin`, `role`, `recieve_emails`, `recieve_reminders`, `has_paid`, `created`, `modified`)
VALUES
	('5365537a-2108-4961-89b3-130ecbdd56cb','clausthaler','Ralf Dannhauer','clausthaler','a89bfc668e0b15d2ef67e0f39a21ef30a10bda6a',NULL,'post@dannhauer.eu',1,NULL,NULL,1,1,'2014-06-04 00:04:18',NULL,1,'admin',NULL,NULL,NULL,'2014-05-03 22:37:14','2014-06-04 00:04:18'),
	('536ff50f-04d4-430f-95d4-4feccbdd56cb','roberta58',NULL,'roberta58','skippy',NULL,'gbrekke@rau.com',1,NULL,NULL,1,1,NULL,NULL,0,'registered',NULL,NULL,NULL,'2014-05-12 00:09:19','2014-05-12 00:09:19'),
	('536ff50f-21c8-42d7-920b-4feccbdd56cb','melyssaferry',NULL,'melyssaferry','a89bfc668e0b15d2ef67e0f39a21ef30a10bda6a',NULL,'stanton.gertrude@yahoo.com',1,NULL,NULL,1,1,NULL,NULL,0,'registered',NULL,NULL,NULL,'2014-05-12 00:09:19','2014-05-12 00:09:19'),
	('536ff50f-7c74-42c4-99f9-4feccbdd56cb','jmitchell',NULL,'jmitchell','a89bfc668e0b15d2ef67e0f39a21ef30a10bda6a',NULL,'ziemann.chris@murphy.com',1,NULL,NULL,1,1,NULL,NULL,0,'registered',NULL,NULL,NULL,'2014-05-12 00:09:19','2014-05-12 00:09:19'),
	('536ff50f-ad34-4fd1-be3a-4feccbdd56cb','muellerjosefina',NULL,'muellerjosefina','a89bfc668e0b15d2ef67e0f39a21ef30a10bda6a',NULL,'pfeeney@hotmail.com',1,NULL,NULL,1,1,NULL,NULL,0,'registered',NULL,NULL,NULL,'2014-05-12 00:09:19','2014-05-12 00:09:19'),
	('536ff50f-b00c-45de-b805-4feccbdd56cb','jarredkulas',NULL,'jarredkulas','a89bfc668e0b15d2ef67e0f39a21ef30a10bda6a',NULL,'pzieme@hotmail.com',1,NULL,NULL,1,1,NULL,NULL,0,'registered',NULL,NULL,NULL,'2014-05-12 00:09:19','2014-05-12 00:09:19'),
	('536ff50f-c63c-411a-9ec5-4feccbdd56cb','zbraun',NULL,'zbraun','a89bfc668e0b15d2ef67e0f39a21ef30a10bda6a',NULL,'lnolan@yahoo.com',1,NULL,NULL,1,1,NULL,NULL,0,'registered',NULL,NULL,NULL,'2014-05-12 00:09:19','2014-05-12 00:09:19'),
	('536ff50f-e4dc-4f6b-8b25-4feccbdd56cb','moenward',NULL,'moenward','a89bfc668e0b15d2ef67e0f39a21ef30a10bda6a',NULL,'cathy.sauer@shanahanlarson.net',1,NULL,NULL,1,1,NULL,NULL,0,'registered',NULL,NULL,NULL,'2014-05-12 00:09:19','2014-05-12 00:09:19'),
	('536ff50f-e93c-4929-a22c-4feccbdd56cb','georgettepacocha',NULL,'georgettepacocha','a89bfc668e0b15d2ef67e0f39a21ef30a10bda6a',NULL,'lemke.tiana@gusikowskidaniel.com',1,NULL,NULL,1,1,NULL,NULL,0,'registered',NULL,NULL,NULL,'2014-05-12 00:09:19','2014-05-12 00:09:19'),
	('536ff50f-f618-4420-9335-4feccbdd56cb','niamosciski',NULL,'niamosciski','a89bfc668e0b15d2ef67e0f39a21ef30a10bda6a',NULL,'bertrand09@yahoo.com',1,NULL,NULL,1,1,NULL,NULL,0,'registered',NULL,NULL,NULL,'2014-05-12 00:09:19','2014-05-12 00:09:19'),
	('536ff523-365c-4d93-a5d3-5081cbdd56cb','edwinagoodwin',NULL,'edwinagoodwin','a89bfc668e0b15d2ef67e0f39a21ef30a10bda6a',NULL,'jane.mann@yahoo.com',1,NULL,NULL,1,1,NULL,NULL,0,'registered',NULL,NULL,NULL,'2014-05-12 00:09:39','2014-05-12 00:09:39'),
	('536ff523-7190-45fc-a81f-5081cbdd56cb','bergnaumlea',NULL,'bergnaumlea','a89bfc668e0b15d2ef67e0f39a21ef30a10bda6a',NULL,'keebler.nicole@welch.net',1,NULL,NULL,1,1,NULL,NULL,0,'registered',NULL,NULL,NULL,'2014-05-12 00:09:39','2014-05-12 00:09:39'),
	('536ff523-72c0-42d0-942d-5081cbdd56cb','mhessel',NULL,'mhessel','a89bfc668e0b15d2ef67e0f39a21ef30a10bda6a',NULL,'wendy.runolfsdottir@renner.com',1,NULL,NULL,1,1,NULL,NULL,0,'registered',NULL,NULL,NULL,'2014-05-12 00:09:39','2014-05-12 00:09:39'),
	('536ff523-88a8-49a6-86ff-5081cbdd56cb','tking',NULL,'tking','a89bfc668e0b15d2ef67e0f39a21ef30a10bda6a',NULL,'dfritsch@gmail.com',1,NULL,NULL,1,1,NULL,NULL,0,'registered',NULL,NULL,NULL,'2014-05-12 00:09:39','2014-05-12 00:09:39'),
	('536ff523-982c-4fa1-9a9e-5081cbdd56cb','kschuster',NULL,'kschuster','a89bfc668e0b15d2ef67e0f39a21ef30a10bda6a',NULL,'horace.jacobi@lebsack.com',1,NULL,NULL,1,1,NULL,NULL,0,'registered',NULL,NULL,NULL,'2014-05-12 00:09:39','2014-05-12 00:09:39'),
	('536ff523-e2c4-48cf-b57b-5081cbdd56cb','justussteuber','Justus Tester II','justussteuber','a89bfc668e0b15d2ef67e0f39a21ef30a10bda6a',NULL,'jonathon.fahey@gmail.com',1,NULL,NULL,1,1,'2014-05-12 00:13:15',NULL,0,'registered',NULL,NULL,NULL,'2014-05-12 00:09:39','2014-05-12 00:13:15'),
	('536ff523-f4cc-4fa9-afb6-5081cbdd56cb','pacochaquinn',NULL,'pacochaquinn','a89bfc668e0b15d2ef67e0f39a21ef30a10bda6a',NULL,'tyrese.rogahn@heaney.com',1,NULL,NULL,1,1,NULL,NULL,0,'registered',NULL,NULL,NULL,'2014-05-12 00:09:39','2014-05-12 00:09:39'),
	('536ff525-083c-4cee-bddb-5081cbdd56cb','darius63',NULL,'darius63','a89bfc668e0b15d2ef67e0f39a21ef30a10bda6a',NULL,'hayes.werner@yahoo.com',1,NULL,NULL,1,1,NULL,NULL,0,'registered',NULL,NULL,NULL,'2014-05-12 00:09:41','2014-05-12 00:09:41'),
	('536ff525-170c-491b-bd24-5081cbdd56cb','yschoen',NULL,'yschoen','a89bfc668e0b15d2ef67e0f39a21ef30a10bda6a',NULL,'hstreich@gmail.com',1,NULL,NULL,1,1,NULL,NULL,0,'registered',NULL,NULL,NULL,'2014-05-12 00:09:41','2014-05-12 00:09:41'),
	('536ff525-605c-410b-ad6e-5081cbdd56cb','bill85',NULL,'bill85','a89bfc668e0b15d2ef67e0f39a21ef30a10bda6a',NULL,'burley.bashirian@hermannschowalter.org',1,NULL,NULL,1,1,NULL,NULL,0,'registered',NULL,NULL,NULL,'2014-05-12 00:09:41','2014-05-12 00:09:41'),
	('536ff525-68c0-485f-83fe-5081cbdd56cb','enawehner',NULL,'enawehner','a89bfc668e0b15d2ef67e0f39a21ef30a10bda6a',NULL,'laury.denesik@hotmail.com',1,NULL,NULL,1,1,NULL,NULL,0,'registered',NULL,NULL,NULL,'2014-05-12 00:09:41','2014-05-12 00:09:41'),
	('536ff525-6ef0-4dfb-9159-5081cbdd56cb','watersenola',NULL,'watersenola','a89bfc668e0b15d2ef67e0f39a21ef30a10bda6a',NULL,'avis75@abernathy.com',1,NULL,NULL,1,1,NULL,NULL,0,'registered',NULL,NULL,NULL,'2014-05-12 00:09:41','2014-05-12 00:09:41'),
	('536ff525-70c4-4c30-8dac-5081cbdd56cb','zmccullough',NULL,'zmccullough','a89bfc668e0b15d2ef67e0f39a21ef30a10bda6a',NULL,'jdare@turnersatterfield.com',1,NULL,NULL,1,1,NULL,NULL,0,'registered',NULL,NULL,NULL,'2014-05-12 00:09:41','2014-05-12 00:09:41'),
	('536ff525-a2dc-4e33-93c4-5081cbdd56cb','vickiehansen',NULL,'vickiehansen','a89bfc668e0b15d2ef67e0f39a21ef30a10bda6a',NULL,'eldridge17@marvin.net',1,NULL,NULL,1,1,NULL,NULL,0,'registered',NULL,NULL,NULL,'2014-05-12 00:09:41','2014-05-12 00:09:41'),
	('536ff525-a88c-4b61-8978-5081cbdd56cb','akeebler',NULL,'akeebler','a89bfc668e0b15d2ef67e0f39a21ef30a10bda6a',NULL,'ischamberger@hotmail.com',1,NULL,NULL,1,1,NULL,NULL,0,'registered',NULL,NULL,NULL,'2014-05-12 00:09:41','2014-05-12 00:09:41'),
	('536ff525-d8e8-489b-a3fc-5081cbdd56cb','schummmanuela',NULL,'schummmanuela','a89bfc668e0b15d2ef67e0f39a21ef30a10bda6a',NULL,'morissette.julien@bergnaumsmitham.com',1,NULL,NULL,1,1,NULL,NULL,0,'registered',NULL,NULL,NULL,'2014-05-12 00:09:41','2014-05-12 00:09:41'),
	('536ff525-ee44-45c0-949e-5081cbdd56cb','vonruedenjo',NULL,'vonruedenjo','a89bfc668e0b15d2ef67e0f39a21ef30a10bda6a',NULL,'bpurdy@flatleyschinner.com',1,NULL,NULL,1,1,NULL,NULL,0,'registered',NULL,NULL,NULL,'2014-05-12 00:09:41','2014-05-12 00:09:41'),
	('536ff527-1818-4075-9526-5081cbdd56cb','ocartwright',NULL,'ocartwright','a89bfc668e0b15d2ef67e0f39a21ef30a10bda6a',NULL,'kschowalter@hotmail.com',1,NULL,NULL,1,1,NULL,NULL,0,'registered',NULL,NULL,NULL,'2014-05-12 00:09:43','2014-05-12 00:09:43'),
	('536ff527-1ab4-446e-a884-5081cbdd56cb','bergejanick',NULL,'bergejanick','a89bfc668e0b15d2ef67e0f39a21ef30a10bda6a',NULL,'rkonopelski@yahoo.com',1,NULL,NULL,1,1,NULL,NULL,0,'registered',NULL,NULL,NULL,'2014-05-12 00:09:43','2014-05-12 00:09:43'),
	('536ff527-51a4-45cb-9eec-5081cbdd56cb','marcia45',NULL,'marcia45','a89bfc668e0b15d2ef67e0f39a21ef30a10bda6a',NULL,'natalia81@hotmail.com',1,NULL,NULL,1,1,NULL,NULL,0,'registered',NULL,NULL,NULL,'2014-05-12 00:09:43','2014-05-12 00:09:43'),
	('536ff527-5b38-4aad-aa6f-5081cbdd56cb','nbernier',NULL,'nbernier','a89bfc668e0b15d2ef67e0f39a21ef30a10bda6a',NULL,'hortense63@miller.biz',1,NULL,NULL,1,1,NULL,NULL,0,'registered',NULL,NULL,NULL,'2014-05-12 00:09:43','2014-05-12 00:09:43'),
	('536ff527-641c-4e68-bd1d-5081cbdd56cb','nvandervort',NULL,'nvandervort','a89bfc668e0b15d2ef67e0f39a21ef30a10bda6a',NULL,'robel.gaylord@gmail.com',1,NULL,NULL,1,1,NULL,NULL,0,'registered',NULL,NULL,NULL,'2014-05-12 00:09:43','2014-05-12 00:09:43'),
	('536ff527-7ba8-404b-9c21-5081cbdd56cb','hillardhintz',NULL,'hillardhintz','a89bfc668e0b15d2ef67e0f39a21ef30a10bda6a',NULL,'joanny95@hotmail.com',1,NULL,NULL,1,1,NULL,NULL,0,'registered',NULL,NULL,NULL,'2014-05-12 00:09:43','2014-05-12 00:09:43'),
	('536ff527-9c7c-43c6-90d4-5081cbdd56cb','rosenbaumkaya',NULL,'rosenbaumkaya','a89bfc668e0b15d2ef67e0f39a21ef30a10bda6a',NULL,'gaylord.gladyce@abshiresporer.com',1,NULL,NULL,1,1,NULL,NULL,0,'registered',NULL,NULL,NULL,'2014-05-12 00:09:43','2014-05-12 00:09:43'),
	('536ff527-a40c-4ada-a090-5081cbdd56cb','heathcotemarques',NULL,'heathcotemarques','a89bfc668e0b15d2ef67e0f39a21ef30a10bda6a',NULL,'marcia85@kuhn.com',1,NULL,NULL,1,1,NULL,NULL,0,'registered',NULL,NULL,NULL,'2014-05-12 00:09:43','2014-05-12 00:09:43'),
	('536ff527-c43c-4a86-b964-5081cbdd56cb','cwisozk',NULL,'cwisozk','a89bfc668e0b15d2ef67e0f39a21ef30a10bda6a',NULL,'jessica.bogan@dickens.net',1,NULL,NULL,1,1,NULL,NULL,0,'registered',NULL,NULL,NULL,'2014-05-12 00:09:43','2014-05-12 00:09:43'),
	('5375349d-02cc-4b26-b41f-7d11cbdd56cb','tester',NULL,'tester','969c046cf0e97192c413c9cc7d992428b244405b',NULL,'ccc@dddd.de',1,NULL,NULL,1,0,NULL,NULL,1,'admin',NULL,NULL,NULL,'2014-05-15 23:41:49','2014-05-15 23:41:49'),
	('53753b0d-93f8-4988-9d78-7debcbdd56cb','ralfralf',NULL,'ralfralf','808053c1eeab842be9ff91e32ba6b4c5cb2027c4',NULL,'rrrr@dsdsd.dwdw',1,NULL,NULL,1,0,NULL,NULL,0,'registered',NULL,NULL,NULL,'2014-05-16 00:09:17','2014-05-16 00:09:17'),
	('537d28aa-2064-48cc-82db-30ddcbdd56cb','tester2',NULL,'tester2','skippy',NULL,'clausthaler007@hotmail.com',1,NULL,NULL,1,1,NULL,NULL,1,'registered',1,1,NULL,'2014-05-22 00:28:58','2014-05-22 00:28:58'),
	('537d294d-e1ac-4517-890a-30e1cbdd56cb','tester3',NULL,'tester3','969c046cf0e97192c413c9cc7d992428b244405b',NULL,'ralf.dannhauer@web.de',1,NULL,NULL,1,1,'2014-05-22 00:32:03',NULL,1,'admin',1,1,NULL,'2014-05-22 00:31:41','2014-05-22 00:32:03');

/*!40000 ALTER TABLE `users` ENABLE KEYS */;
UNLOCK TABLES;



/*!40111 SET SQL_NOTES=@OLD_SQL_NOTES */;
/*!40101 SET SQL_MODE=@OLD_SQL_MODE */;
/*!40014 SET FOREIGN_KEY_CHECKS=@OLD_FOREIGN_KEY_CHECKS */;
/*!40101 SET CHARACTER_SET_CLIENT=@OLD_CHARACTER_SET_CLIENT */;
/*!40101 SET CHARACTER_SET_RESULTS=@OLD_CHARACTER_SET_RESULTS */;
/*!40101 SET COLLATION_CONNECTION=@OLD_COLLATION_CONNECTION */;
